OrderID,CustomerID,ProductID,Quantity,OrderDate,ShipDate,PaymentType,SalesRep,Discount,TotalAmount
30000001,100052,200006,3,2025-03-31,2025-04-07,Bank Transfer,Rep_Mariam,0.1,2697.3
30000002,100045,200006,4,2024-11-06,2024-11-12,Cash,Rep_Sara,0.1,3596.4
30000003,100085,200010,2,2025-06-09,2025-06-14,Bank Transfer,Rep_Omar,0.0,240.0
30000004,100096,200005,5,2024-10-05,2024-10-08,Bank Transfer,Rep_Omar,0.0,245.0
30000005,100077,200003,4,2025-04-12,2025-04-18,Bank Transfer,Rep_Sara,0.05,684.0
30000006,100061,200003,2,2025-01-02,2025-01-09,Mobile Wallet,Rep_Omar,0.1,324.0
30000007,100098,200001,4,2025-02-23,2025-02-25,Cash,Rep_Mariam,0.05,4936.2
30000008,100042,200006,3,2025-04-08,2025-04-13,Credit Card,Rep_Sara,0.05,2847.15
30000009,100052,200004,5,2025-04-11,2025-04-17,Bank Transfer,Rep_Mariam,0.0,1150.0
30000010,100086,200001,4,2024-11-28,2024-12-02,Cash,Rep_Sara,0.0,5196.0
30000011,100075,200005,2,2024-10-09,2024-10-16,Bank Transfer,Rep_Ahmed,0.0,98.0
30000012,100062,200008,5,2025-01-21,2025-01-26,Bank Transfer,Rep_Mariam,0.1,1440.0
30000013,100069,200006,5,2025-08-12,2025-08-17,Bank Transfer,Rep_Sara,0.05,4745.25
30000014,100032,200008,2,2025-01-20,2025-01-21,Bank Transfer,Rep_Ahmed,0.1,576.0
30000015,100081,200010,4,2025-01-30,2025-02-06,Credit Card,Rep_Sara,0.1,432.0
30000016,100032,200007,3,2024-10-04,2024-10-05,Mobile Wallet,Rep_Omar,0.1,175.5
30000017,100080,200009,2,2025-07-25,2025-07-29,Cash,Rep_Mariam,0.05,304.0
30000018,100032,200008,3,2025-04-15,2025-04-22,Mobile Wallet,Rep_Omar,0.1,864.0
30000019,100023,200010,4,2024-11-24,2024-11-29,Credit Card,Rep_Omar,0.1,432.0
30000020,100067,200004,4,2024-12-11,2024-12-15,Cash,Rep_Ahmed,0.1,828.0
30000021,100018,200008,4,2025-08-10,2025-08-11,Mobile Wallet,Rep_Mariam,0.0,1280.0
30000022,100049,200005,4,2025-02-21,2025-02-27,Bank Transfer,Rep_Mariam,0.1,176.4
30000023,100027,200004,1,2025-08-29,2025-09-04,Bank Transfer,Rep_Omar,0.05,218.5
30000024,100029,200005,2,2025-08-14,2025-08-20,Bank Transfer,Rep_Sara,0.0,98.0
30000025,100079,200008,4,2024-11-11,2024-11-17,Credit Card,Rep_Mariam,0.1,1152.0
30000026,100023,200009,5,2024-12-15,2024-12-22,Cash,Rep_Sara,0.1,720.0
30000027,100043,200001,2,2024-10-06,2024-10-08,Mobile Wallet,Rep_Sara,0.05,2468.1
30000028,100085,200002,4,2025-08-24,2025-08-25,Credit Card,Rep_Sara,0.1,4316.4
30000029,100018,200002,4,2024-11-02,2024-11-09,Bank Transfer,Rep_Sara,0.1,4316.4
30000030,100100,200010,5,2025-01-23,2025-01-29,Credit Card,Rep_Sara,0.05,570.0
30000031,100017,200010,3,2025-05-26,2025-05-30,Mobile Wallet,Rep_Mariam,0.05,342.0
30000032,100004,200005,2,2025-03-21,2025-03-28,Mobile Wallet,Rep_Sara,0.0,98.0
30000033,100053,200004,5,2025-04-20,2025-04-21,Mobile Wallet,Rep_Sara,0.0,1150.0
30000034,100085,200010,3,2025-07-26,2025-08-01,Mobile Wallet,Rep_Ahmed,0.1,324.0
30000035,100045,200003,5,2025-08-02,2025-08-08,Mobile Wallet,Rep_Ahmed,0.0,900.0
30000036,100087,200006,5,2025-08-17,2025-08-20,Mobile Wallet,Rep_Ahmed,0.0,4995.0
30000037,100031,200008,4,2025-03-14,2025-03-15,Credit Card,Rep_Mariam,0.1,1152.0
30000038,100016,200006,2,2025-04-14,2025-04-15,Cash,Rep_Mariam,0.0,1998.0
30000039,100056,200002,2,2025-05-14,2025-05-20,Cash,Rep_Sara,0.0,2398.0
30000040,100017,200001,1,2024-12-31,2025-01-05,Credit Card,Rep_Sara,0.05,1234.05
30000041,100090,200006,2,2025-06-04,2025-06-08,Credit Card,Rep_Mariam,0.0,1998.0
30000042,100023,200004,5,2025-02-13,2025-02-15,Cash,Rep_Mariam,0.05,1092.5
30000043,100052,200004,2,2024-11-03,2024-11-08,Bank Transfer,Rep_Omar,0.05,437.0
30000044,100037,200008,5,2024-09-22,2024-09-27,Mobile Wallet,Rep_Sara,0.0,1600.0
30000045,100066,200010,3,2025-07-18,2025-07-23,Bank Transfer,Rep_Ahmed,0.1,324.0
30000046,100053,200003,1,2025-07-07,2025-07-14,Credit Card,Rep_Ahmed,0.05,171.0
30000047,100091,200008,1,2025-01-03,2025-01-05,Bank Transfer,Rep_Omar,0.0,320.0
30000048,100049,200003,2,2025-06-14,2025-06-15,Mobile Wallet,Rep_Mariam,0.0,360.0
30000049,100059,200004,4,2024-11-09,2024-11-10,Credit Card,Rep_Omar,0.1,828.0
30000050,100095,200005,2,2024-10-24,2024-10-28,Credit Card,Rep_Sara,0.0,98.0
30000051,100066,200001,3,2024-12-15,2024-12-18,Bank Transfer,Rep_Ahmed,0.1,3507.3
30000052,100082,200004,2,2025-06-11,2025-06-13,Cash,Rep_Ahmed,0.0,460.0
30000053,100056,200010,2,2024-12-08,2024-12-09,Cash,Rep_Mariam,0.1,216.0
30000054,100045,200010,3,2024-10-01,2024-10-05,Credit Card,Rep_Sara,0.05,342.0
30000055,100096,200003,2,2025-01-31,2025-02-01,Mobile Wallet,Rep_Sara,0.05,342.0
30000056,100006,200009,2,2025-01-11,2025-01-14,Bank Transfer,Rep_Sara,0.05,304.0
30000057,100092,200007,2,2024-12-01,2024-12-03,Bank Transfer,Rep_Omar,0.0,130.0
30000058,100021,200007,4,2025-08-09,2025-08-13,Credit Card,Rep_Ahmed,0.0,260.0
30000059,100091,200002,4,2024-09-22,2024-09-27,Mobile Wallet,Rep_Omar,0.1,4316.4
30000060,100026,200009,5,2025-06-10,2025-06-11,Cash,Rep_Sara,0.1,720.0
30000061,100097,200004,2,2025-08-03,2025-08-10,Credit Card,Rep_Ahmed,0.05,437.0
30000062,100026,200003,3,2025-05-02,2025-05-08,Bank Transfer,Rep_Sara,0.1,486.0
30000063,100089,200005,3,2025-09-16,2025-09-17,Bank Transfer,Rep_Sara,0.1,132.3
30000064,100079,200005,5,2025-01-24,2025-01-28,Mobile Wallet,Rep_Ahmed,0.1,220.5
30000065,100080,200009,5,2025-03-30,2025-04-02,Credit Card,Rep_Ahmed,0.0,800.0
30000066,100088,200007,2,2025-06-09,2025-06-12,Cash,Rep_Ahmed,0.05,123.5
30000067,100018,200010,1,2025-07-07,2025-07-09,Cash,Rep_Mariam,0.1,108.0
30000068,100012,200009,3,2024-11-26,2024-12-03,Credit Card,Rep_Omar,0.05,456.0
30000069,100036,200006,2,2025-09-06,2025-09-12,Credit Card,Rep_Sara,0.05,1898.1
30000070,100059,200003,4,2025-06-22,2025-06-29,Bank Transfer,Rep_Sara,0.1,648.0
30000071,100090,200006,1,2025-06-19,2025-06-26,Credit Card,Rep_Ahmed,0.0,999.0
30000072,100087,200006,5,2025-08-31,2025-09-07,Bank Transfer,Rep_Omar,0.05,4745.25
30000073,100053,200007,4,2024-10-12,2024-10-18,Credit Card,Rep_Ahmed,0.05,247.0
30000074,100030,200005,4,2024-12-25,2024-12-31,Credit Card,Rep_Omar,0.0,196.0
30000075,100011,200003,5,2025-07-27,2025-07-31,Mobile Wallet,Rep_Ahmed,0.1,810.0
30000076,100043,200006,2,2025-03-28,2025-04-01,Mobile Wallet,Rep_Omar,0.0,1998.0
30000077,100055,200006,4,2025-08-23,2025-08-30,Mobile Wallet,Rep_Omar,0.1,3596.4
30000078,100035,200004,5,2025-02-02,2025-02-08,Bank Transfer,Rep_Omar,0.0,1150.0
30000079,100034,200009,5,2025-04-29,2025-05-05,Credit Card,Rep_Mariam,0.0,800.0
30000080,100097,200003,5,2025-06-28,2025-07-05,Bank Transfer,Rep_Omar,0.05,855.0
30000081,100066,200003,4,2025-07-19,2025-07-25,Bank Transfer,Rep_Mariam,0.0,720.0
30000082,100033,200003,1,2025-07-18,2025-07-24,Credit Card,Rep_Sara,0.0,180.0
30000083,100049,200002,2,2025-05-04,2025-05-08,Mobile Wallet,Rep_Ahmed,0.0,2398.0
30000084,100019,200004,3,2025-06-16,2025-06-18,Bank Transfer,Rep_Omar,0.1,621.0
30000085,100053,200009,2,2025-04-07,2025-04-12,Mobile Wallet,Rep_Mariam,0.0,320.0
30000086,100048,200007,3,2025-04-01,2025-04-04,Cash,Rep_Ahmed,0.05,185.25
30000087,100062,200010,1,2024-12-03,2024-12-10,Mobile Wallet,Rep_Ahmed,0.0,120.0
30000088,100006,200001,2,2025-05-23,2025-05-30,Bank Transfer,Rep_Sara,0.1,2338.2
30000089,100073,200003,4,2024-11-24,2024-11-26,Credit Card,Rep_Sara,0.05,684.0
30000090,100038,200003,2,2025-05-18,2025-05-20,Mobile Wallet,Rep_Ahmed,0.0,360.0
30000091,100043,200004,4,2024-09-22,2024-09-24,Cash,Rep_Sara,0.0,920.0
30000092,100026,200007,5,2025-02-09,2025-02-16,Cash,Rep_Mariam,0.05,308.75
30000093,100062,200005,4,2024-11-03,2024-11-09,Credit Card,Rep_Mariam,0.0,196.0
30000094,100066,200009,5,2024-10-20,2024-10-25,Mobile Wallet,Rep_Omar,0.0,800.0
30000095,100026,200004,2,2025-04-13,2025-04-18,Credit Card,Rep_Ahmed,0.05,437.0
30000096,100054,200003,2,2024-10-24,2024-10-29,Bank Transfer,Rep_Omar,0.0,360.0
30000097,100089,200005,2,2024-10-11,2024-10-13,Cash,Rep_Omar,0.0,98.0
30000098,100012,200006,5,2025-06-02,2025-06-08,Cash,Rep_Omar,0.1,4495.5
30000099,100007,200010,3,2025-06-08,2025-06-12,Cash,Rep_Omar,0.0,360.0
30000100,100096,200003,3,2024-11-23,2024-11-25,Bank Transfer,Rep_Mariam,0.1,486.0
30000101,100038,200009,3,2025-02-01,2025-02-08,Cash,Rep_Mariam,0.05,456.0
30000102,100046,200002,1,2024-12-10,2024-12-16,Cash,Rep_Omar,0.0,1199.0
30000103,100100,200008,4,2025-05-30,2025-05-31,Bank Transfer,Rep_Mariam,0.0,1280.0
30000104,100041,200007,5,2025-06-14,2025-06-18,Credit Card,Rep_Ahmed,0.05,308.75
30000105,100015,200004,3,2025-08-12,2025-08-17,Bank Transfer,Rep_Mariam,0.05,655.5
30000106,100053,200004,3,2025-07-05,2025-07-07,Cash,Rep_Omar,0.0,690.0
30000107,100077,200004,4,2025-08-14,2025-08-17,Credit Card,Rep_Omar,0.05,874.0
30000108,100076,200008,2,2025-07-29,2025-08-01,Credit Card,Rep_Sara,0.0,640.0
30000109,100097,200006,4,2025-03-25,2025-04-01,Mobile Wallet,Rep_Ahmed,0.0,3996.0
30000110,100021,200002,3,2024-11-09,2024-11-15,Bank Transfer,Rep_Ahmed,0.0,3597.0
30000111,100060,200002,4,2025-08-07,2025-08-09,Cash,Rep_Ahmed,0.0,4796.0
30000112,100084,200004,2,2025-09-10,2025-09-11,Cash,Rep_Omar,0.0,460.0
30000113,100084,200004,4,2024-10-22,2024-10-23,Mobile Wallet,Rep_Ahmed,0.0,920.0
30000114,100044,200010,5,2024-11-23,2024-11-28,Mobile Wallet,Rep_Ahmed,0.0,600.0
30000115,100049,200009,3,2024-12-21,2024-12-28,Credit Card,Rep_Ahmed,0.0,480.0
30000116,100043,200009,2,2025-04-23,2025-04-25,Cash,Rep_Sara,0.0,320.0
30000117,100043,200002,2,2025-05-05,2025-05-12,Bank Transfer,Rep_Mariam,0.0,2398.0
30000118,100003,200003,4,2025-06-22,2025-06-23,Bank Transfer,Rep_Sara,0.1,648.0
30000119,100005,200010,3,2024-10-06,2024-10-09,Cash,Rep_Sara,0.1,324.0
30000120,100085,200003,2,2025-01-04,2025-01-05,Bank Transfer,Rep_Omar,0.05,342.0
30000121,100016,200004,3,2024-10-19,2024-10-20,Mobile Wallet,Rep_Omar,0.1,621.0
30000122,100048,200007,4,2024-11-13,2024-11-14,Cash,Rep_Sara,0.05,247.0
30000123,100015,200002,3,2025-04-28,2025-05-02,Cash,Rep_Mariam,0.0,3597.0
30000124,100036,200002,5,2025-01-18,2025-01-20,Cash,Rep_Ahmed,0.05,5695.25
30000125,100069,200007,3,2025-02-22,2025-02-26,Mobile Wallet,Rep_Mariam,0.0,195.0
30000126,100080,200005,5,2025-02-03,2025-02-04,Cash,Rep_Mariam,0.1,220.5
30000127,100016,200008,5,2024-11-03,2024-11-10,Mobile Wallet,Rep_Sara,0.1,1440.0
30000128,100065,200002,5,2024-09-27,2024-10-03,Bank Transfer,Rep_Mariam,0.1,5395.5
30000129,100093,200005,4,2025-08-25,2025-08-29,Cash,Rep_Mariam,0.05,186.2
30000130,100015,200002,5,2025-08-31,2025-09-02,Bank Transfer,Rep_Ahmed,0.05,5695.25
30000131,100013,200004,1,2024-10-15,2024-10-19,Bank Transfer,Rep_Omar,0.05,218.5
30000132,100081,200002,4,2024-10-04,2024-10-11,Mobile Wallet,Rep_Omar,0.05,4556.2
30000133,100094,200003,5,2024-12-29,2024-12-31,Cash,Rep_Mariam,0.0,900.0
30000134,100066,200006,1,2025-03-23,2025-03-29,Mobile Wallet,Rep_Omar,0.05,949.05
30000135,100098,200006,5,2024-12-13,2024-12-15,Cash,Rep_Ahmed,0.05,4745.25
30000136,100045,200004,2,2025-07-20,2025-07-23,Mobile Wallet,Rep_Sara,0.05,437.0
30000137,100089,200001,2,2024-10-09,2024-10-12,Bank Transfer,Rep_Sara,0.0,2598.0
30000138,100099,200003,4,2024-10-06,2024-10-13,Bank Transfer,Rep_Sara,0.05,684.0
30000139,100034,200005,3,2024-09-21,2024-09-25,Mobile Wallet,Rep_Omar,0.05,139.65
30000140,100041,200010,2,2025-04-21,2025-04-23,Bank Transfer,Rep_Ahmed,0.1,216.0
30000141,100086,200004,3,2025-04-18,2025-04-20,Bank Transfer,Rep_Sara,0.0,690.0
30000142,100042,200010,5,2025-04-19,2025-04-24,Credit Card,Rep_Sara,0.0,600.0
30000143,100092,200009,3,2025-03-07,2025-03-12,Mobile Wallet,Rep_Sara,0.0,480.0
30000144,100007,200005,4,2025-08-16,2025-08-20,Bank Transfer,Rep_Sara,0.05,186.2
30000145,100014,200005,3,2025-05-21,2025-05-23,Bank Transfer,Rep_Sara,0.1,132.3
30000146,100066,200006,4,2025-05-30,2025-06-03,Credit Card,Rep_Ahmed,0.05,3796.2
30000147,100014,200003,3,2024-12-09,2024-12-13,Cash,Rep_Sara,0.1,486.0
30000148,100040,200009,4,2025-09-09,2025-09-11,Bank Transfer,Rep_Sara,0.0,640.0
30000149,100019,200004,2,2025-07-28,2025-07-29,Cash,Rep_Omar,0.1,414.0
30000150,100010,200002,4,2025-06-30,2025-07-07,Cash,Rep_Mariam,0.0,4796.0
30000151,100008,200001,3,2024-12-29,2024-12-30,Cash,Rep_Omar,0.0,3897.0
30000152,100032,200002,1,2025-09-04,2025-09-11,Cash,Rep_Omar,0.0,1199.0
30000153,100017,200009,4,2024-10-22,2024-10-28,Cash,Rep_Ahmed,0.05,608.0
30000154,100019,200009,2,2025-05-11,2025-05-16,Mobile Wallet,Rep_Mariam,0.0,320.0
30000155,100048,200003,3,2025-03-10,2025-03-16,Cash,Rep_Mariam,0.1,486.0
30000156,100082,200005,2,2025-06-07,2025-06-10,Credit Card,Rep_Omar,0.1,88.2
30000157,100034,200001,5,2025-08-17,2025-08-20,Credit Card,Rep_Ahmed,0.05,6170.25
30000158,100079,200006,2,2025-06-20,2025-06-24,Cash,Rep_Omar,0.1,1798.2
30000159,100096,200006,1,2025-08-23,2025-08-24,Credit Card,Rep_Omar,0.05,949.05
30000160,100074,200005,5,2024-10-20,2024-10-26,Credit Card,Rep_Sara,0.0,245.0
30000161,100038,200005,2,2024-09-28,2024-09-30,Mobile Wallet,Rep_Ahmed,0.05,93.1
30000162,100036,200003,4,2025-06-26,2025-06-28,Bank Transfer,Rep_Mariam,0.05,684.0
30000163,100033,200004,3,2024-10-06,2024-10-11,Cash,Rep_Omar,0.1,621.0
30000164,100053,200009,2,2024-11-23,2024-11-25,Credit Card,Rep_Sara,0.05,304.0
30000165,100071,200003,4,2024-11-09,2024-11-13,Credit Card,Rep_Sara,0.05,684.0
30000166,100061,200001,1,2025-07-12,2025-07-19,Mobile Wallet,Rep_Ahmed,0.0,1299.0
30000167,100094,200007,5,2025-06-26,2025-07-02,Credit Card,Rep_Sara,0.1,292.5
30000168,100100,200008,4,2025-08-25,2025-08-30,Credit Card,Rep_Ahmed,0.05,1216.0
30000169,100049,200006,1,2025-07-06,2025-07-07,Mobile Wallet,Rep_Ahmed,0.1,899.1
30000170,100041,200009,1,2025-04-18,2025-04-20,Cash,Rep_Omar,0.1,144.0
30000171,100002,200001,2,2025-07-26,2025-07-27,Bank Transfer,Rep_Ahmed,0.1,2338.2
30000172,100086,200009,5,2024-09-19,2024-09-26,Credit Card,Rep_Ahmed,0.05,760.0
30000173,100069,200007,2,2025-07-04,2025-07-05,Cash,Rep_Ahmed,0.1,117.0
30000174,100090,200002,4,2024-12-17,2024-12-24,Cash,Rep_Ahmed,0.05,4556.2
30000175,100065,200008,2,2025-08-16,2025-08-17,Mobile Wallet,Rep_Ahmed,0.1,576.0
30000176,100047,200005,1,2025-08-25,2025-08-29,Credit Card,Rep_Sara,0.1,44.1
30000177,100075,200005,1,2025-05-04,2025-05-08,Mobile Wallet,Rep_Sara,0.0,49.0
30000178,100090,200007,5,2025-05-27,2025-05-29,Cash,Rep_Sara,0.05,308.75
30000179,100024,200003,2,2025-02-21,2025-02-23,Bank Transfer,Rep_Omar,0.0,360.0
30000180,100045,200003,3,2024-11-06,2024-11-13,Bank Transfer,Rep_Sara,0.0,540.0
30000181,100067,200007,3,2025-07-08,2025-07-09,Mobile Wallet,Rep_Mariam,0.1,175.5
30000182,100017,200008,4,2024-10-29,2024-10-31,Bank Transfer,Rep_Ahmed,0.0,1280.0
30000183,100063,200002,2,2024-11-25,2024-12-02,Cash,Rep_Omar,0.05,2278.1
30000184,100039,200008,3,2025-05-25,2025-05-27,Cash,Rep_Ahmed,0.05,912.0
30000185,100023,200005,5,2024-10-28,2024-11-04,Credit Card,Rep_Sara,0.05,232.75
30000186,100072,200006,3,2025-05-19,2025-05-21,Bank Transfer,Rep_Sara,0.0,2997.0
30000187,100010,200001,1,2025-07-12,2025-07-17,Cash,Rep_Mariam,0.1,1169.1
30000188,100059,200004,2,2025-08-09,2025-08-12,Mobile Wallet,Rep_Sara,0.05,437.0
30000189,100035,200008,4,2024-12-05,2024-12-10,Credit Card,Rep_Ahmed,0.05,1216.0
30000190,100039,200008,1,2025-01-31,2025-02-03,Cash,Rep_Ahmed,0.05,304.0
30000191,100004,200006,5,2025-06-18,2025-06-19,Mobile Wallet,Rep_Omar,0.05,4745.25
30000192,100065,200006,3,2025-02-19,2025-02-23,Cash,Rep_Omar,0.05,2847.15
30000193,100070,200003,4,2024-10-18,2024-10-19,Mobile Wallet,Rep_Omar,0.05,684.0
30000194,100017,200003,5,2025-06-15,2025-06-19,Bank Transfer,Rep_Omar,0.1,810.0
30000195,100037,200003,2,2025-06-03,2025-06-08,Credit Card,Rep_Ahmed,0.1,324.0
30000196,100052,200007,2,2024-12-31,2025-01-04,Bank Transfer,Rep_Ahmed,0.0,130.0
30000197,100035,200010,3,2025-05-13,2025-05-14,Bank Transfer,Rep_Ahmed,0.0,360.0
30000198,100074,200008,1,2025-08-20,2025-08-22,Bank Transfer,Rep_Sara,0.0,320.0
30000199,100075,200005,3,2024-09-23,2024-09-28,Mobile Wallet,Rep_Omar,0.1,132.3
30000200,100067,200007,2,2025-01-04,2025-01-10,Cash,Rep_Sara,0.05,123.5
30000201,100096,200006,3,2024-12-03,2024-12-04,Bank Transfer,Rep_Ahmed,0.05,2847.15
30000202,100040,200008,1,2024-12-24,2024-12-28,Bank Transfer,Rep_Mariam,0.0,320.0
30000203,100098,200009,4,2025-01-09,2025-01-15,Bank Transfer,Rep_Ahmed,0.1,576.0
30000204,100083,200010,4,2025-04-25,2025-04-29,Cash,Rep_Sara,0.1,432.0
30000205,100049,200006,5,2024-11-01,2024-11-04,Cash,Rep_Omar,0.0,4995.0
30000206,100041,200001,4,2024-09-30,2024-10-01,Credit Card,Rep_Sara,0.1,4676.4
30000207,100070,200004,1,2025-06-29,2025-07-06,Credit Card,Rep_Sara,0.05,218.5
30000208,100048,200003,4,2024-11-01,2024-11-03,Cash,Rep_Ahmed,0.1,648.0
30000209,100059,200008,2,2024-12-20,2024-12-23,Credit Card,Rep_Omar,0.05,608.0
30000210,100017,200009,3,2024-11-23,2024-11-28,Mobile Wallet,Rep_Omar,0.05,456.0
30000211,100067,200007,2,2025-07-19,2025-07-24,Cash,Rep_Mariam,0.0,130.0
30000212,100068,200010,3,2025-06-19,2025-06-24,Credit Card,Rep_Ahmed,0.05,342.0
30000213,100054,200004,1,2025-07-29,2025-08-05,Bank Transfer,Rep_Ahmed,0.05,218.5
30000214,100077,200003,3,2025-03-31,2025-04-05,Mobile Wallet,Rep_Sara,0.0,540.0
30000215,100088,200002,1,2025-04-16,2025-04-20,Mobile Wallet,Rep_Ahmed,0.1,1079.1
30000216,100034,200001,1,2025-07-28,2025-07-31,Mobile Wallet,Rep_Sara,0.05,1234.05
30000217,100096,200008,2,2025-03-10,2025-03-16,Mobile Wallet,Rep_Omar,0.1,576.0
30000218,100055,200004,5,2025-06-05,2025-06-06,Mobile Wallet,Rep_Mariam,0.05,1092.5
30000219,100065,200003,3,2025-07-09,2025-07-16,Bank Transfer,Rep_Ahmed,0.1,486.0
30000220,100079,200010,4,2024-11-18,2024-11-22,Cash,Rep_Omar,0.1,432.0
30000221,100065,200010,3,2024-09-19,2024-09-22,Credit Card,Rep_Ahmed,0.05,342.0
30000222,100017,200009,2,2025-05-29,2025-06-05,Cash,Rep_Omar,0.0,320.0
30000223,100019,200006,1,2025-03-22,2025-03-23,Cash,Rep_Sara,0.0,999.0
30000224,100061,200003,5,2024-10-29,2024-11-02,Credit Card,Rep_Omar,0.05,855.0
30000225,100062,200009,1,2025-06-28,2025-06-29,Bank Transfer,Rep_Omar,0.1,144.0
30000226,100032,200006,5,2025-06-13,2025-06-15,Credit Card,Rep_Ahmed,0.0,4995.0
30000227,100036,200009,5,2025-05-31,2025-06-07,Cash,Rep_Mariam,0.0,800.0
30000228,100072,200008,4,2025-06-17,2025-06-21,Credit Card,Rep_Ahmed,0.1,1152.0
30000229,100068,200001,3,2024-12-30,2025-01-04,Credit Card,Rep_Mariam,0.05,3702.15
30000230,100028,200004,4,2025-01-21,2025-01-26,Mobile Wallet,Rep_Ahmed,0.0,920.0
30000231,100030,200005,1,2024-12-28,2024-12-31,Cash,Rep_Omar,0.1,44.1
30000232,100042,200001,2,2025-05-03,2025-05-10,Cash,Rep_Ahmed,0.0,2598.0
30000233,100026,200009,2,2024-12-22,2024-12-28,Mobile Wallet,Rep_Sara,0.0,320.0
30000234,100086,200002,4,2024-11-15,2024-11-17,Cash,Rep_Mariam,0.1,4316.4
30000235,100069,200006,3,2025-05-11,2025-05-17,Mobile Wallet,Rep_Mariam,0.05,2847.15
30000236,100018,200007,4,2025-01-10,2025-01-15,Cash,Rep_Omar,0.1,234.0
30000237,100100,200006,4,2025-05-11,2025-05-15,Credit Card,Rep_Mariam,0.05,3796.2
30000238,100028,200009,5,2025-05-30,2025-06-05,Mobile Wallet,Rep_Ahmed,0.1,720.0
30000239,100029,200010,4,2025-09-07,2025-09-10,Bank Transfer,Rep_Mariam,0.1,432.0
30000240,100069,200003,4,2025-06-10,2025-06-16,Credit Card,Rep_Mariam,0.05,684.0
30000241,100074,200002,3,2025-03-27,2025-04-02,Credit Card,Rep_Omar,0.0,3597.0
30000242,100087,200007,3,2025-06-03,2025-06-04,Credit Card,Rep_Ahmed,0.0,195.0
30000243,100068,200010,2,2025-05-27,2025-05-31,Mobile Wallet,Rep_Mariam,0.05,228.0
30000244,100013,200004,1,2025-05-14,2025-05-21,Bank Transfer,Rep_Mariam,0.1,207.0
30000245,100003,200006,5,2025-08-04,2025-08-08,Mobile Wallet,Rep_Sara,0.1,4495.5
30000246,100080,200007,4,2025-07-19,2025-07-25,Bank Transfer,Rep_Ahmed,0.0,260.0
30000247,100011,200004,1,2024-09-19,2024-09-25,Credit Card,Rep_Mariam,0.0,230.0
30000248,100007,200008,1,2025-06-22,2025-06-27,Cash,Rep_Sara,0.05,304.0
30000249,100045,200001,1,2025-02-03,2025-02-07,Bank Transfer,Rep_Sara,0.05,1234.05
30000250,100016,200002,5,2025-07-15,2025-07-18,Cash,Rep_Omar,0.05,5695.25
30000251,100032,200007,1,2025-08-19,2025-08-22,Credit Card,Rep_Ahmed,0.0,65.0
30000252,100018,200007,5,2025-07-27,2025-07-28,Mobile Wallet,Rep_Sara,0.05,308.75
30000253,100047,200007,5,2025-05-27,2025-05-30,Bank Transfer,Rep_Mariam,0.05,308.75
30000254,100064,200008,2,2024-11-08,2024-11-10,Credit Card,Rep_Sara,0.0,640.0
30000255,100060,200001,4,2025-07-19,2025-07-23,Credit Card,Rep_Sara,0.05,4936.2
30000256,100083,200007,4,2024-10-23,2024-10-28,Bank Transfer,Rep_Ahmed,0.0,260.0
30000257,100063,200010,2,2025-09-10,2025-09-14,Cash,Rep_Ahmed,0.0,240.0
30000258,100066,200003,5,2025-02-06,2025-02-07,Credit Card,Rep_Omar,0.1,810.0
30000259,100063,200007,2,2025-02-22,2025-02-23,Credit Card,Rep_Omar,0.05,123.5
30000260,100043,200008,2,2025-05-01,2025-05-04,Mobile Wallet,Rep_Mariam,0.05,608.0
30000261,100071,200009,1,2025-05-29,2025-06-05,Cash,Rep_Ahmed,0.0,160.0
30000262,100014,200004,5,2024-10-14,2024-10-15,Mobile Wallet,Rep_Ahmed,0.0,1150.0
30000263,100079,200007,4,2025-07-20,2025-07-21,Cash,Rep_Mariam,0.1,234.0
30000264,100092,200002,5,2025-05-04,2025-05-11,Cash,Rep_Mariam,0.05,5695.25
30000265,100039,200005,4,2024-09-18,2024-09-23,Mobile Wallet,Rep_Sara,0.1,176.4
30000266,100044,200008,5,2025-07-30,2025-08-03,Credit Card,Rep_Omar,0.05,1520.0
30000267,100059,200009,4,2024-11-01,2024-11-04,Bank Transfer,Rep_Omar,0.1,576.0
30000268,100021,200005,5,2025-01-12,2025-01-17,Cash,Rep_Ahmed,0.05,232.75
30000269,100080,200007,4,2025-01-18,2025-01-24,Cash,Rep_Ahmed,0.05,247.0
30000270,100004,200009,5,2024-12-12,2024-12-17,Credit Card,Rep_Ahmed,0.0,800.0
30000271,100074,200008,4,2024-12-07,2024-12-08,Bank Transfer,Rep_Ahmed,0.05,1216.0
30000272,100024,200001,5,2025-08-17,2025-08-21,Mobile Wallet,Rep_Mariam,0.1,5845.5
30000273,100046,200002,1,2025-01-10,2025-01-13,Cash,Rep_Mariam,0.1,1079.1
30000274,100001,200010,5,2024-12-04,2024-12-08,Cash,Rep_Sara,0.0,600.0
30000275,100073,200010,2,2025-08-29,2025-09-05,Bank Transfer,Rep_Ahmed,0.05,228.0
30000276,100033,200010,5,2024-11-04,2024-11-11,Mobile Wallet,Rep_Ahmed,0.05,570.0
30000277,100057,200004,2,2024-11-15,2024-11-16,Cash,Rep_Ahmed,0.1,414.0
30000278,100012,200008,5,2025-09-15,2025-09-17,Credit Card,Rep_Omar,0.05,1520.0
30000279,100098,200008,4,2025-03-11,2025-03-14,Bank Transfer,Rep_Sara,0.0,1280.0
30000280,100059,200001,5,2025-03-18,2025-03-19,Bank Transfer,Rep_Ahmed,0.1,5845.5
30000281,100061,200009,5,2025-02-01,2025-02-03,Credit Card,Rep_Ahmed,0.0,800.0
30000282,100031,200004,1,2025-04-07,2025-04-14,Cash,Rep_Mariam,0.1,207.0
30000283,100075,200005,2,2024-09-22,2024-09-26,Mobile Wallet,Rep_Omar,0.1,88.2
30000284,100003,200010,5,2024-10-22,2024-10-25,Cash,Rep_Mariam,0.0,600.0
30000285,100031,200005,5,2024-09-29,2024-10-02,Mobile Wallet,Rep_Omar,0.05,232.75
30000286,100061,200006,2,2025-01-14,2025-01-17,Mobile Wallet,Rep_Ahmed,0.0,1998.0
30000287,100004,200001,1,2025-07-12,2025-07-19,Mobile Wallet,Rep_Sara,0.1,1169.1
30000288,100073,200001,1,2025-02-07,2025-02-11,Cash,Rep_Sara,0.1,1169.1
30000289,100095,200009,4,2025-07-04,2025-07-11,Bank Transfer,Rep_Ahmed,0.1,576.0
30000290,100097,200008,1,2025-01-30,2025-02-05,Mobile Wallet,Rep_Sara,0.1,288.0
30000291,100057,200009,5,2024-10-09,2024-10-12,Mobile Wallet,Rep_Mariam,0.1,720.0
30000292,100034,200007,3,2025-03-04,2025-03-07,Credit Card,Rep_Omar,0.0,195.0
30000293,100081,200001,5,2025-07-09,2025-07-14,Cash,Rep_Ahmed,0.1,5845.5
30000294,100026,200007,4,2025-02-09,2025-02-13,Credit Card,Rep_Sara,0.0,260.0
30000295,100091,200004,1,2025-07-14,2025-07-20,Credit Card,Rep_Sara,0.1,207.0
30000296,100034,200009,4,2025-01-12,2025-01-19,Cash,Rep_Ahmed,0.0,640.0
30000297,100027,200008,5,2025-07-14,2025-07-20,Mobile Wallet,Rep_Sara,0.0,1600.0
30000298,100045,200001,5,2025-03-26,2025-03-27,Credit Card,Rep_Omar,0.1,5845.5
30000299,100046,200001,3,2024-11-08,2024-11-15,Bank Transfer,Rep_Sara,0.1,3507.3
30000300,100032,200001,2,2025-05-17,2025-05-20,Bank Transfer,Rep_Sara,0.05,2468.1
30000301,100002,200001,4,2025-08-21,2025-08-24,Cash,Rep_Mariam,0.1,4676.4
30000302,100021,200006,5,2025-06-08,2025-06-10,Bank Transfer,Rep_Sara,0.05,4745.25
30000303,100068,200007,4,2025-04-07,2025-04-09,Cash,Rep_Ahmed,0.1,234.0
30000304,100033,200004,5,2025-04-24,2025-04-28,Cash,Rep_Mariam,0.05,1092.5
30000305,100040,200007,3,2025-09-14,2025-09-16,Bank Transfer,Rep_Sara,0.0,195.0
30000306,100034,200009,2,2025-07-12,2025-07-14,Credit Card,Rep_Mariam,0.1,288.0
30000307,100025,200006,4,2024-10-08,2024-10-12,Mobile Wallet,Rep_Ahmed,0.1,3596.4
30000308,100026,200002,4,2025-07-14,2025-07-20,Mobile Wallet,Rep_Sara,0.1,4316.4
30000309,100027,200003,3,2024-10-24,2024-10-25,Mobile Wallet,Rep_Omar,0.0,540.0
30000310,100040,200006,3,2025-05-19,2025-05-25,Cash,Rep_Sara,0.1,2697.3
30000311,100075,200001,3,2025-03-08,2025-03-14,Credit Card,Rep_Ahmed,0.0,3897.0
30000312,100055,200009,4,2025-03-22,2025-03-25,Credit Card,Rep_Sara,0.05,608.0
30000313,100051,200008,1,2025-05-29,2025-05-31,Mobile Wallet,Rep_Ahmed,0.0,320.0
30000314,100046,200005,4,2024-12-14,2024-12-21,Cash,Rep_Mariam,0.1,176.4
30000315,100058,200008,1,2025-07-06,2025-07-11,Mobile Wallet,Rep_Sara,0.0,320.0
30000316,100067,200002,3,2025-06-13,2025-06-16,Credit Card,Rep_Omar,0.05,3417.15
30000317,100057,200004,3,2024-12-06,2024-12-10,Cash,Rep_Ahmed,0.1,621.0
30000318,100025,200010,2,2024-09-25,2024-10-01,Bank Transfer,Rep_Sara,0.0,240.0
30000319,100066,200002,2,2025-03-25,2025-03-30,Credit Card,Rep_Sara,0.05,2278.1
30000320,100037,200001,2,2025-07-26,2025-07-28,Mobile Wallet,Rep_Sara,0.0,2598.0
30000321,100033,200002,5,2025-05-06,2025-05-08,Cash,Rep_Ahmed,0.1,5395.5
30000322,100039,200008,3,2025-05-15,2025-05-22,Mobile Wallet,Rep_Mariam,0.05,912.0
30000323,100073,200010,1,2025-05-24,2025-05-30,Cash,Rep_Mariam,0.0,120.0
30000324,100071,200010,2,2025-05-09,2025-05-11,Credit Card,Rep_Omar,0.05,228.0
30000325,100047,200008,3,2024-11-10,2024-11-16,Mobile Wallet,Rep_Ahmed,0.1,864.0
30000326,100075,200009,4,2025-06-16,2025-06-20,Bank Transfer,Rep_Mariam,0.0,640.0
30000327,100097,200002,5,2025-05-29,2025-06-03,Mobile Wallet,Rep_Omar,0.0,5995.0
30000328,100054,200008,2,2024-09-23,2024-09-29,Credit Card,Rep_Sara,0.05,608.0
30000329,100030,200009,5,2025-01-09,2025-01-13,Credit Card,Rep_Omar,0.05,760.0
30000330,100003,200005,3,2024-12-31,2025-01-04,Cash,Rep_Omar,0.05,139.65
30000331,100033,200001,3,2025-01-23,2025-01-29,Bank Transfer,Rep_Mariam,0.1,3507.3
30000332,100040,200001,2,2025-02-19,2025-02-22,Credit Card,Rep_Sara,0.1,2338.2
30000333,100059,200006,1,2025-01-12,2025-01-13,Bank Transfer,Rep_Sara,0.1,899.1
30000334,100066,200001,3,2025-06-30,2025-07-06,Cash,Rep_Omar,0.0,3897.0
30000335,100006,200003,3,2025-07-19,2025-07-26,Credit Card,Rep_Omar,0.0,540.0
30000336,100052,200008,5,2025-01-21,2025-01-24,Credit Card,Rep_Omar,0.05,1520.0
30000337,100077,200008,5,2024-10-11,2024-10-15,Bank Transfer,Rep_Omar,0.0,1600.0
30000338,100034,200006,3,2025-05-24,2025-05-30,Credit Card,Rep_Mariam,0.1,2697.3
30000339,100053,200004,1,2025-02-19,2025-02-24,Mobile Wallet,Rep_Ahmed,0.1,207.0
30000340,100097,200002,4,2025-05-30,2025-06-06,Cash,Rep_Omar,0.05,4556.2
30000341,100027,200001,5,2025-01-09,2025-01-15,Mobile Wallet,Rep_Mariam,0.0,6495.0
30000342,100029,200008,5,2025-08-19,2025-08-22,Bank Transfer,Rep_Ahmed,0.1,1440.0
30000343,100094,200002,3,2024-12-18,2024-12-21,Credit Card,Rep_Mariam,0.05,3417.15
30000344,100100,200006,2,2024-12-29,2025-01-01,Credit Card,Rep_Sara,0.1,1798.2
30000345,100090,200007,1,2025-02-08,2025-02-13,Credit Card,Rep_Mariam,0.1,58.5
30000346,100033,200007,1,2025-04-24,2025-04-29,Credit Card,Rep_Omar,0.1,58.5
30000347,100079,200009,2,2024-12-24,2024-12-31,Bank Transfer,Rep_Sara,0.0,320.0
30000348,100032,200004,4,2025-01-30,2025-02-05,Credit Card,Rep_Mariam,0.0,920.0
30000349,100087,200007,1,2025-07-19,2025-07-20,Bank Transfer,Rep_Sara,0.1,58.5
30000350,100014,200008,5,2025-01-12,2025-01-14,Mobile Wallet,Rep_Omar,0.1,1440.0
30000351,100033,200005,4,2025-08-26,2025-08-31,Cash,Rep_Sara,0.0,196.0
30000352,100057,200009,1,2024-11-18,2024-11-21,Credit Card,Rep_Ahmed,0.0,160.0
30000353,100038,200004,5,2024-10-22,2024-10-29,Cash,Rep_Ahmed,0.05,1092.5
30000354,100092,200006,4,2025-04-09,2025-04-13,Mobile Wallet,Rep_Mariam,0.1,3596.4
30000355,100087,200009,3,2025-05-30,2025-06-06,Bank Transfer,Rep_Omar,0.1,432.0
30000356,100053,200004,5,2024-11-23,2024-11-25,Credit Card,Rep_Ahmed,0.05,1092.5
30000357,100093,200002,5,2024-12-22,2024-12-26,Mobile Wallet,Rep_Sara,0.1,5395.5
30000358,100044,200007,2,2025-07-14,2025-07-19,Credit Card,Rep_Mariam,0.05,123.5
30000359,100079,200002,2,2024-10-03,2024-10-04,Bank Transfer,Rep_Ahmed,0.05,2278.1
30000360,100082,200006,4,2025-06-26,2025-07-02,Credit Card,Rep_Omar,0.0,3996.0
30000361,100005,200001,2,2025-03-16,2025-03-21,Mobile Wallet,Rep_Omar,0.0,2598.0
30000362,100039,200001,2,2025-01-01,2025-01-03,Cash,Rep_Ahmed,0.05,2468.1
30000363,100003,200005,3,2025-07-15,2025-07-21,Cash,Rep_Mariam,0.0,147.0
30000364,100027,200010,5,2025-01-03,2025-01-09,Mobile Wallet,Rep_Ahmed,0.05,570.0
30000365,100065,200004,1,2025-09-05,2025-09-07,Cash,Rep_Omar,0.0,230.0
30000366,100055,200008,4,2025-02-05,2025-02-11,Credit Card,Rep_Mariam,0.1,1152.0
30000367,100053,200009,3,2025-05-18,2025-05-22,Mobile Wallet,Rep_Mariam,0.1,432.0
30000368,100018,200007,5,2025-01-19,2025-01-23,Mobile Wallet,Rep_Mariam,0.0,325.0
30000369,100073,200004,5,2025-03-26,2025-04-01,Mobile Wallet,Rep_Ahmed,0.05,1092.5
30000370,100017,200004,3,2025-01-12,2025-01-13,Cash,Rep_Omar,0.1,621.0
30000371,100030,200010,1,2025-07-14,2025-07-16,Credit Card,Rep_Sara,0.05,114.0
30000372,100031,200004,3,2025-09-11,2025-09-16,Bank Transfer,Rep_Sara,0.0,690.0
30000373,100067,200010,2,2025-06-11,2025-06-18,Cash,Rep_Mariam,0.1,216.0
30000374,100006,200006,2,2024-11-23,2024-11-29,Credit Card,Rep_Omar,0.0,1998.0
30000375,100048,200006,4,2024-10-17,2024-10-19,Credit Card,Rep_Sara,0.05,3796.2
30000376,100036,200001,5,2025-03-06,2025-03-07,Mobile Wallet,Rep_Mariam,0.0,6495.0
30000377,100033,200004,4,2024-10-03,2024-10-08,Credit Card,Rep_Sara,0.1,828.0
30000378,100006,200010,5,2025-02-09,2025-02-12,Bank Transfer,Rep_Mariam,0.05,570.0
30000379,100020,200009,2,2024-10-15,2024-10-19,Bank Transfer,Rep_Omar,0.0,320.0
30000380,100092,200007,5,2024-12-04,2024-12-05,Mobile Wallet,Rep_Omar,0.0,325.0
30000381,100006,200003,3,2025-03-24,2025-03-26,Mobile Wallet,Rep_Omar,0.0,540.0
30000382,100096,200010,3,2024-09-16,2024-09-17,Bank Transfer,Rep_Omar,0.05,342.0
30000383,100011,200005,2,2024-12-27,2024-12-28,Bank Transfer,Rep_Ahmed,0.05,93.1
30000384,100027,200005,5,2024-11-19,2024-11-24,Bank Transfer,Rep_Mariam,0.1,220.5
30000385,100088,200008,5,2025-01-19,2025-01-26,Bank Transfer,Rep_Ahmed,0.0,1600.0
30000386,100041,200002,4,2025-05-26,2025-05-28,Bank Transfer,Rep_Mariam,0.0,4796.0
30000387,100062,200009,4,2024-10-09,2024-10-10,Cash,Rep_Sara,0.05,608.0
30000388,100098,200001,5,2025-05-09,2025-05-16,Cash,Rep_Ahmed,0.1,5845.5
30000389,100051,200002,4,2025-04-29,2025-05-02,Bank Transfer,Rep_Omar,0.05,4556.2
30000390,100053,200001,3,2025-08-30,2025-09-02,Credit Card,Rep_Mariam,0.0,3897.0
30000391,100061,200007,5,2025-03-10,2025-03-12,Credit Card,Rep_Sara,0.1,292.5
30000392,100080,200007,3,2024-11-17,2024-11-18,Mobile Wallet,Rep_Ahmed,0.1,175.5
30000393,100100,200008,5,2025-02-09,2025-02-16,Mobile Wallet,Rep_Omar,0.0,1600.0
30000394,100075,200010,4,2025-06-25,2025-06-26,Cash,Rep_Mariam,0.05,456.0
30000395,100017,200006,5,2024-09-23,2024-09-29,Mobile Wallet,Rep_Mariam,0.0,4995.0
30000396,100013,200007,3,2024-10-10,2024-10-11,Bank Transfer,Rep_Ahmed,0.0,195.0
30000397,100047,200010,2,2025-07-12,2025-07-19,Bank Transfer,Rep_Sara,0.05,228.0
30000398,100009,200001,4,2025-08-15,2025-08-22,Credit Card,Rep_Ahmed,0.05,4936.2
30000399,100093,200007,2,2024-12-31,2025-01-02,Cash,Rep_Omar,0.0,130.0
30000400,100044,200003,1,2025-03-20,2025-03-23,Credit Card,Rep_Mariam,0.1,162.0
30000401,100099,200003,5,2025-06-06,2025-06-12,Bank Transfer,Rep_Mariam,0.0,900.0
30000402,100066,200002,5,2025-05-16,2025-05-20,Bank Transfer,Rep_Omar,0.1,5395.5
30000403,100055,200009,3,2025-06-19,2025-06-25,Bank Transfer,Rep_Ahmed,0.05,456.0
30000404,100084,200001,1,2024-11-20,2024-11-25,Credit Card,Rep_Sara,0.05,1234.05
30000405,100094,200003,5,2025-05-24,2025-05-29,Cash,Rep_Omar,0.05,855.0
30000406,100066,200009,5,2024-12-29,2025-01-03,Credit Card,Rep_Omar,0.0,800.0
30000407,100093,200001,3,2024-10-09,2024-10-11,Cash,Rep_Omar,0.0,3897.0
30000408,100016,200005,4,2024-09-24,2024-10-01,Mobile Wallet,Rep_Omar,0.0,196.0
30000409,100073,200004,3,2025-07-23,2025-07-24,Cash,Rep_Omar,0.0,690.0
30000410,100027,200008,1,2024-11-02,2024-11-07,Credit Card,Rep_Ahmed,0.0,320.0
30000411,100054,200009,3,2025-06-10,2025-06-12,Bank Transfer,Rep_Ahmed,0.05,456.0
30000412,100021,200009,3,2025-08-19,2025-08-24,Bank Transfer,Rep_Omar,0.0,480.0
30000413,100051,200005,4,2025-03-08,2025-03-15,Mobile Wallet,Rep_Mariam,0.05,186.2
30000414,100088,200001,1,2025-06-25,2025-06-29,Credit Card,Rep_Ahmed,0.0,1299.0
30000415,100081,200007,5,2024-12-26,2024-12-31,Cash,Rep_Ahmed,0.1,292.5
30000416,100013,200005,4,2025-03-07,2025-03-10,Credit Card,Rep_Omar,0.1,176.4
30000417,100097,200006,2,2025-03-17,2025-03-23,Cash,Rep_Omar,0.1,1798.2
30000418,100025,200006,3,2024-12-09,2024-12-12,Mobile Wallet,Rep_Ahmed,0.1,2697.3
30000419,100049,200009,4,2025-06-25,2025-07-02,Mobile Wallet,Rep_Omar,0.05,608.0
30000420,100006,200003,3,2024-09-20,2024-09-22,Credit Card,Rep_Sara,0.1,486.0
30000421,100005,200007,1,2024-09-22,2024-09-28,Mobile Wallet,Rep_Sara,0.0,65.0
30000422,100024,200007,5,2025-01-22,2025-01-25,Credit Card,Rep_Ahmed,0.05,308.75
30000423,100093,200005,3,2025-05-23,2025-05-25,Bank Transfer,Rep_Mariam,0.1,132.3
30000424,100087,200002,5,2025-07-23,2025-07-29,Bank Transfer,Rep_Omar,0.0,5995.0
30000425,100070,200006,3,2025-07-06,2025-07-11,Bank Transfer,Rep_Omar,0.05,2847.15
30000426,100074,200009,5,2025-01-06,2025-01-13,Cash,Rep_Sara,0.0,800.0
30000427,100076,200003,5,2025-03-26,2025-03-28,Credit Card,Rep_Ahmed,0.0,900.0
30000428,100022,200006,2,2024-11-26,2024-11-28,Cash,Rep_Omar,0.05,1898.1
30000429,100068,200003,2,2025-08-03,2025-08-05,Mobile Wallet,Rep_Mariam,0.0,360.0
30000430,100006,200002,1,2025-06-15,2025-06-20,Cash,Rep_Ahmed,0.0,1199.0
30000431,100043,200009,3,2025-02-05,2025-02-07,Credit Card,Rep_Omar,0.0,480.0
30000432,100074,200006,1,2025-06-13,2025-06-18,Mobile Wallet,Rep_Sara,0.05,949.05
30000433,100029,200002,4,2025-04-01,2025-04-07,Cash,Rep_Sara,0.1,4316.4
30000434,100022,200007,4,2024-12-08,2024-12-13,Cash,Rep_Sara,0.05,247.0
30000435,100021,200002,4,2024-09-19,2024-09-21,Mobile Wallet,Rep_Sara,0.05,4556.2
30000436,100080,200006,3,2024-10-12,2024-10-19,Cash,Rep_Ahmed,0.05,2847.15
30000437,100089,200010,2,2025-05-21,2025-05-27,Mobile Wallet,Rep_Ahmed,0.05,228.0
30000438,100071,200010,2,2024-11-10,2024-11-11,Mobile Wallet,Rep_Ahmed,0.1,216.0
30000439,100047,200004,3,2025-01-06,2025-01-13,Credit Card,Rep_Ahmed,0.1,621.0
30000440,100097,200005,5,2025-08-29,2025-09-01,Credit Card,Rep_Ahmed,0.1,220.5
30000441,100018,200004,1,2024-12-30,2025-01-05,Credit Card,Rep_Mariam,0.1,207.0
30000442,100011,200009,1,2025-01-26,2025-01-31,Bank Transfer,Rep_Sara,0.1,144.0
30000443,100056,200008,3,2025-06-14,2025-06-21,Credit Card,Rep_Omar,0.0,960.0
30000444,100056,200003,2,2025-06-26,2025-06-28,Mobile Wallet,Rep_Sara,0.05,342.0
30000445,100027,200001,5,2025-03-19,2025-03-23,Cash,Rep_Omar,0.0,6495.0
30000446,100016,200004,4,2025-01-16,2025-01-17,Mobile Wallet,Rep_Omar,0.1,828.0
30000447,100017,200006,1,2024-12-19,2024-12-21,Mobile Wallet,Rep_Ahmed,0.05,949.05
30000448,100015,200001,1,2025-03-24,2025-03-27,Cash,Rep_Mariam,0.0,1299.0
30000449,100042,200003,1,2025-05-05,2025-05-11,Mobile Wallet,Rep_Omar,0.1,162.0
30000450,100099,200010,4,2025-03-24,2025-03-29,Mobile Wallet,Rep_Omar,0.1,432.0
30000451,100062,200004,4,2024-10-21,2024-10-27,Cash,Rep_Ahmed,0.05,874.0
30000452,100083,200003,1,2025-05-13,2025-05-17,Mobile Wallet,Rep_Ahmed,0.05,171.0
30000453,100078,200010,3,2024-12-04,2024-12-09,Bank Transfer,Rep_Mariam,0.05,342.0
30000454,100011,200003,5,2025-08-01,2025-08-08,Mobile Wallet,Rep_Mariam,0.0,900.0
30000455,100019,200009,2,2024-11-07,2024-11-11,Credit Card,Rep_Sara,0.0,320.0
30000456,100009,200005,5,2025-03-30,2025-04-04,Bank Transfer,Rep_Mariam,0.05,232.75
30000457,100045,200002,5,2025-01-30,2025-02-01,Mobile Wallet,Rep_Omar,0.0,5995.0
30000458,100068,200003,3,2025-03-27,2025-03-30,Mobile Wallet,Rep_Omar,0.05,513.0
30000459,100088,200006,3,2024-10-05,2024-10-06,Mobile Wallet,Rep_Ahmed,0.1,2697.3
30000460,100078,200010,1,2025-07-19,2025-07-26,Credit Card,Rep_Ahmed,0.0,120.0
30000461,100061,200007,2,2025-08-16,2025-08-21,Bank Transfer,Rep_Ahmed,0.05,123.5
30000462,100089,200002,3,2025-08-29,2025-08-30,Credit Card,Rep_Mariam,0.0,3597.0
30000463,100087,200002,1,2024-10-19,2024-10-24,Bank Transfer,Rep_Mariam,0.0,1199.0
30000464,100027,200008,1,2024-12-01,2024-12-03,Cash,Rep_Mariam,0.05,304.0
30000465,100003,200004,5,2025-05-17,2025-05-23,Mobile Wallet,Rep_Omar,0.0,1150.0
30000466,100005,200006,2,2025-05-04,2025-05-08,Bank Transfer,Rep_Omar,0.0,1998.0
30000467,100097,200005,3,2025-04-14,2025-04-15,Mobile Wallet,Rep_Sara,0.0,147.0
30000468,100088,200003,5,2025-09-02,2025-09-09,Bank Transfer,Rep_Sara,0.0,900.0
30000469,100038,200004,2,2025-05-12,2025-05-16,Cash,Rep_Omar,0.0,460.0
30000470,100073,200003,2,2025-04-13,2025-04-18,Cash,Rep_Omar,0.05,342.0
30000471,100023,200009,3,2025-09-12,2025-09-19,Mobile Wallet,Rep_Omar,0.05,456.0
30000472,100023,200010,5,2025-02-24,2025-03-03,Credit Card,Rep_Omar,0.05,570.0
30000473,100033,200003,1,2025-02-02,2025-02-06,Bank Transfer,Rep_Omar,0.05,171.0
30000474,100080,200003,1,2025-02-01,2025-02-02,Cash,Rep_Omar,0.1,162.0
30000475,100088,200008,4,2024-11-19,2024-11-24,Mobile Wallet,Rep_Ahmed,0.0,1280.0
30000476,100008,200010,5,2024-11-08,2024-11-11,Mobile Wallet,Rep_Omar,0.1,540.0
30000477,100072,200009,4,2025-01-30,2025-02-06,Cash,Rep_Mariam,0.1,576.0
30000478,100088,200008,5,2025-06-11,2025-06-17,Mobile Wallet,Rep_Mariam,0.05,1520.0
30000479,100055,200001,5,2024-11-29,2024-12-01,Cash,Rep_Omar,0.1,5845.5
30000480,100022,200009,1,2025-04-07,2025-04-12,Cash,Rep_Ahmed,0.1,144.0
30000481,100097,200008,1,2024-11-25,2024-11-27,Cash,Rep_Mariam,0.05,304.0
30000482,100014,200002,3,2025-03-10,2025-03-11,Cash,Rep_Omar,0.1,3237.3
30000483,100005,200001,1,2025-08-24,2025-08-25,Credit Card,Rep_Sara,0.0,1299.0
30000484,100057,200001,4,2024-10-31,2024-11-06,Credit Card,Rep_Omar,0.05,4936.2
30000485,100003,200010,3,2024-09-19,2024-09-20,Bank Transfer,Rep_Omar,0.1,324.0
30000486,100068,200008,3,2025-06-07,2025-06-08,Mobile Wallet,Rep_Sara,0.05,912.0
30000487,100051,200009,2,2025-06-02,2025-06-06,Mobile Wallet,Rep_Omar,0.05,304.0
30000488,100030,200006,4,2024-11-24,2024-11-28,Bank Transfer,Rep_Sara,0.05,3796.2
30000489,100011,200004,3,2025-03-14,2025-03-19,Credit Card,Rep_Mariam,0.0,690.0
30000490,100094,200006,3,2025-03-20,2025-03-26,Mobile Wallet,Rep_Mariam,0.1,2697.3
30000491,100097,200004,4,2025-09-07,2025-09-09,Cash,Rep_Mariam,0.05,874.0
30000492,100057,200002,4,2025-02-21,2025-02-26,Bank Transfer,Rep_Omar,0.05,4556.2
30000493,100048,200010,2,2024-12-12,2024-12-13,Mobile Wallet,Rep_Sara,0.05,228.0
30000494,100017,200001,2,2025-08-14,2025-08-17,Credit Card,Rep_Mariam,0.0,2598.0
30000495,100019,200007,1,2024-12-21,2024-12-26,Bank Transfer,Rep_Sara,0.05,61.75
30000496,100090,200009,4,2025-02-05,2025-02-06,Bank Transfer,Rep_Mariam,0.1,576.0
30000497,100030,200002,2,2025-01-07,2025-01-14,Cash,Rep_Ahmed,0.0,2398.0
30000498,100008,200009,5,2025-08-01,2025-08-05,Cash,Rep_Omar,0.05,760.0
30000499,100032,200007,1,2025-02-03,2025-02-08,Credit Card,Rep_Sara,0.1,58.5
30000500,100021,200001,1,2025-08-11,2025-08-14,Cash,Rep_Sara,0.0,1299.0
30000501,100071,200006,1,2025-04-06,2025-04-10,Credit Card,Rep_Sara,0.1,899.1
30000502,100017,200009,3,2025-08-13,2025-08-16,Mobile Wallet,Rep_Mariam,0.1,432.0
30000503,100038,200010,4,2025-01-13,2025-01-20,Mobile Wallet,Rep_Mariam,0.05,456.0
30000504,100077,200001,1,2025-03-29,2025-03-30,Bank Transfer,Rep_Mariam,0.05,1234.05
30000505,100099,200004,5,2025-08-18,2025-08-19,Credit Card,Rep_Sara,0.0,1150.0
30000506,100019,200009,1,2024-11-29,2024-12-02,Mobile Wallet,Rep_Sara,0.05,152.0
30000507,100057,200008,5,2025-01-02,2025-01-08,Credit Card,Rep_Mariam,0.0,1600.0
30000508,100078,200007,4,2025-02-19,2025-02-21,Mobile Wallet,Rep_Ahmed,0.05,247.0
30000509,100095,200003,2,2025-07-13,2025-07-16,Credit Card,Rep_Sara,0.0,360.0
30000510,100043,200006,3,2025-08-23,2025-08-29,Cash,Rep_Omar,0.0,2997.0
30000511,100099,200008,3,2024-09-26,2024-10-02,Credit Card,Rep_Ahmed,0.05,912.0
30000512,100022,200002,2,2025-01-16,2025-01-19,Mobile Wallet,Rep_Mariam,0.0,2398.0
30000513,100036,200002,1,2025-05-22,2025-05-24,Credit Card,Rep_Omar,0.05,1139.05
30000514,100047,200001,3,2024-10-19,2024-10-22,Cash,Rep_Sara,0.1,3507.3
30000515,100070,200006,5,2025-05-01,2025-05-02,Mobile Wallet,Rep_Omar,0.05,4745.25
30000516,100097,200007,3,2025-04-07,2025-04-10,Credit Card,Rep_Mariam,0.05,185.25
30000517,100007,200003,4,2025-08-24,2025-08-30,Cash,Rep_Sara,0.0,720.0
30000518,100035,200003,5,2025-06-04,2025-06-09,Mobile Wallet,Rep_Ahmed,0.05,855.0
30000519,100036,200010,3,2025-03-05,2025-03-11,Cash,Rep_Sara,0.0,360.0
30000520,100080,200008,5,2025-03-12,2025-03-17,Bank Transfer,Rep_Sara,0.0,1600.0
30000521,100001,200008,4,2024-10-21,2024-10-22,Credit Card,Rep_Omar,0.05,1216.0
30000522,100005,200006,4,2025-09-15,2025-09-19,Cash,Rep_Sara,0.0,3996.0
30000523,100080,200005,1,2025-03-20,2025-03-24,Mobile Wallet,Rep_Mariam,0.05,46.55
30000524,100032,200002,2,2024-09-19,2024-09-23,Bank Transfer,Rep_Mariam,0.1,2158.2
30000525,100032,200002,5,2024-10-26,2024-11-02,Bank Transfer,Rep_Mariam,0.05,5695.25
30000526,100038,200009,4,2024-10-09,2024-10-11,Credit Card,Rep_Omar,0.05,608.0
30000527,100029,200002,1,2024-11-23,2024-11-25,Cash,Rep_Ahmed,0.0,1199.0
30000528,100015,200001,4,2025-01-24,2025-01-26,Cash,Rep_Ahmed,0.0,5196.0
30000529,100029,200007,2,2024-12-15,2024-12-22,Credit Card,Rep_Sara,0.0,130.0
30000530,100048,200010,4,2025-05-29,2025-06-02,Mobile Wallet,Rep_Sara,0.1,432.0
30000531,100033,200007,4,2025-06-02,2025-06-07,Credit Card,Rep_Omar,0.0,260.0
30000532,100038,200004,4,2025-06-17,2025-06-21,Credit Card,Rep_Ahmed,0.1,828.0
30000533,100100,200006,5,2024-11-16,2024-11-21,Cash,Rep_Omar,0.0,4995.0
30000534,100087,200006,4,2025-05-01,2025-05-06,Cash,Rep_Omar,0.05,3796.2
30000535,100010,200009,3,2025-07-31,2025-08-04,Credit Card,Rep_Sara,0.05,456.0
30000536,100020,200005,2,2024-12-23,2024-12-29,Bank Transfer,Rep_Ahmed,0.05,93.1
30000537,100011,200004,3,2025-06-25,2025-07-02,Credit Card,Rep_Sara,0.0,690.0
30000538,100050,200006,4,2025-04-03,2025-04-09,Credit Card,Rep_Mariam,0.0,3996.0
30000539,100039,200005,4,2024-10-30,2024-11-06,Mobile Wallet,Rep_Omar,0.1,176.4
30000540,100068,200007,3,2025-02-05,2025-02-10,Mobile Wallet,Rep_Omar,0.0,195.0
30000541,100079,200005,3,2025-09-10,2025-09-11,Mobile Wallet,Rep_Sara,0.0,147.0
30000542,100042,200005,1,2024-10-12,2024-10-14,Credit Card,Rep_Ahmed,0.1,44.1
30000543,100034,200009,3,2025-05-17,2025-05-24,Credit Card,Rep_Sara,0.05,456.0
30000544,100033,200006,3,2025-04-11,2025-04-15,Credit Card,Rep_Ahmed,0.1,2697.3
30000545,100085,200007,5,2025-02-02,2025-02-09,Bank Transfer,Rep_Ahmed,0.0,325.0
30000546,100021,200006,1,2024-10-25,2024-10-31,Bank Transfer,Rep_Ahmed,0.1,899.1
30000547,100079,200006,5,2024-09-21,2024-09-24,Bank Transfer,Rep_Sara,0.1,4495.5
30000548,100028,200007,1,2025-03-29,2025-04-03,Cash,Rep_Mariam,0.05,61.75
30000549,100086,200003,2,2025-03-31,2025-04-06,Credit Card,Rep_Sara,0.0,360.0
30000550,100026,200008,3,2025-08-02,2025-08-09,Cash,Rep_Sara,0.1,864.0
30000551,100077,200007,5,2025-04-10,2025-04-13,Credit Card,Rep_Sara,0.05,308.75
30000552,100052,200009,4,2025-02-06,2025-02-07,Credit Card,Rep_Ahmed,0.0,640.0
30000553,100067,200009,3,2025-03-10,2025-03-16,Bank Transfer,Rep_Ahmed,0.0,480.0
30000554,100092,200008,4,2025-01-17,2025-01-24,Bank Transfer,Rep_Mariam,0.05,1216.0
30000555,100077,200008,1,2024-09-19,2024-09-21,Cash,Rep_Mariam,0.0,320.0
30000556,100028,200006,5,2024-09-20,2024-09-27,Bank Transfer,Rep_Sara,0.0,4995.0
30000557,100046,200008,4,2024-10-14,2024-10-21,Cash,Rep_Sara,0.05,1216.0
30000558,100100,200001,3,2024-12-12,2024-12-17,Mobile Wallet,Rep_Sara,0.05,3702.15
30000559,100086,200003,5,2025-01-19,2025-01-20,Cash,Rep_Omar,0.1,810.0
30000560,100049,200003,2,2024-12-21,2024-12-22,Cash,Rep_Mariam,0.1,324.0
30000561,100032,200009,4,2025-03-15,2025-03-22,Mobile Wallet,Rep_Ahmed,0.0,640.0
30000562,100075,200002,1,2025-08-21,2025-08-27,Credit Card,Rep_Mariam,0.05,1139.05
30000563,100046,200009,3,2025-02-13,2025-02-19,Credit Card,Rep_Ahmed,0.0,480.0
30000564,100050,200007,5,2024-11-23,2024-11-28,Credit Card,Rep_Ahmed,0.05,308.75
30000565,100065,200005,2,2025-07-11,2025-07-17,Credit Card,Rep_Mariam,0.05,93.1
30000566,100076,200006,3,2024-10-15,2024-10-21,Bank Transfer,Rep_Omar,0.1,2697.3
30000567,100075,200002,1,2025-09-08,2025-09-13,Bank Transfer,Rep_Omar,0.05,1139.05
30000568,100034,200009,3,2024-11-26,2024-11-30,Cash,Rep_Mariam,0.0,480.0
30000569,100091,200005,4,2025-03-11,2025-03-17,Mobile Wallet,Rep_Mariam,0.05,186.2
30000570,100062,200002,3,2025-04-21,2025-04-26,Cash,Rep_Omar,0.05,3417.15
30000571,100042,200009,1,2025-06-21,2025-06-25,Mobile Wallet,Rep_Sara,0.05,152.0
30000572,100024,200009,2,2025-05-12,2025-05-16,Credit Card,Rep_Omar,0.05,304.0
30000573,100039,200001,3,2025-04-24,2025-05-01,Mobile Wallet,Rep_Ahmed,0.05,3702.15
30000574,100059,200009,5,2025-02-11,2025-02-15,Bank Transfer,Rep_Sara,0.05,760.0
30000575,100044,200008,1,2024-10-30,2024-10-31,Mobile Wallet,Rep_Ahmed,0.0,320.0
30000576,100018,200003,5,2024-09-21,2024-09-23,Mobile Wallet,Rep_Mariam,0.1,810.0
30000577,100042,200008,5,2025-08-20,2025-08-27,Cash,Rep_Mariam,0.0,1600.0
30000578,100095,200006,4,2025-01-04,2025-01-06,Cash,Rep_Ahmed,0.1,3596.4
30000579,100012,200008,5,2025-03-09,2025-03-12,Credit Card,Rep_Omar,0.0,1600.0
30000580,100091,200007,2,2025-07-28,2025-08-01,Cash,Rep_Sara,0.05,123.5
30000581,100089,200004,2,2025-09-01,2025-09-07,Credit Card,Rep_Sara,0.0,460.0
30000582,100097,200003,2,2025-06-01,2025-06-08,Mobile Wallet,Rep_Omar,0.05,342.0
30000583,100069,200005,2,2024-10-24,2024-10-27,Cash,Rep_Ahmed,0.0,98.0
30000584,100045,200005,1,2025-04-15,2025-04-19,Cash,Rep_Omar,0.1,44.1
30000585,100083,200010,1,2024-12-25,2024-12-27,Cash,Rep_Mariam,0.0,120.0
30000586,100033,200004,2,2024-12-12,2024-12-17,Bank Transfer,Rep_Ahmed,0.05,437.0
30000587,100096,200003,5,2025-05-22,2025-05-29,Cash,Rep_Mariam,0.0,900.0
30000588,100029,200009,5,2025-01-27,2025-01-30,Cash,Rep_Mariam,0.0,800.0
30000589,100042,200005,4,2025-04-18,2025-04-19,Mobile Wallet,Rep_Sara,0.0,196.0
30000590,100008,200004,4,2025-06-18,2025-06-25,Cash,Rep_Sara,0.1,828.0
30000591,100061,200009,3,2024-09-20,2024-09-27,Cash,Rep_Ahmed,0.0,480.0
30000592,100021,200002,1,2025-08-12,2025-08-17,Credit Card,Rep_Omar,0.0,1199.0
30000593,100061,200003,1,2025-01-14,2025-01-20,Mobile Wallet,Rep_Sara,0.05,171.0
30000594,100083,200002,5,2025-01-08,2025-01-13,Mobile Wallet,Rep_Ahmed,0.05,5695.25
30000595,100090,200007,2,2025-07-01,2025-07-07,Cash,Rep_Mariam,0.05,123.5
30000596,100013,200002,3,2025-05-01,2025-05-05,Cash,Rep_Omar,0.0,3597.0
30000597,100013,200004,3,2024-10-15,2024-10-19,Bank Transfer,Rep_Omar,0.05,655.5
30000598,100040,200008,2,2025-01-04,2025-01-05,Mobile Wallet,Rep_Ahmed,0.05,608.0
30000599,100069,200003,4,2025-06-25,2025-06-26,Credit Card,Rep_Sara,0.05,684.0
30000600,100056,200010,1,2024-11-24,2024-11-28,Credit Card,Rep_Mariam,0.1,108.0
30000601,100041,200002,4,2025-08-23,2025-08-30,Cash,Rep_Mariam,0.05,4556.2
30000602,100010,200006,2,2024-12-21,2024-12-26,Cash,Rep_Omar,0.05,1898.1
30000603,100079,200002,3,2025-06-28,2025-07-03,Bank Transfer,Rep_Omar,0.0,3597.0
30000604,100069,200001,4,2025-04-01,2025-04-02,Cash,Rep_Ahmed,0.1,4676.4
30000605,100095,200003,3,2024-09-26,2024-09-27,Bank Transfer,Rep_Omar,0.0,540.0
30000606,100028,200002,3,2025-03-14,2025-03-17,Bank Transfer,Rep_Omar,0.05,3417.15
30000607,100018,200006,5,2025-01-21,2025-01-28,Bank Transfer,Rep_Sara,0.1,4495.5
30000608,100052,200002,5,2025-04-15,2025-04-21,Credit Card,Rep_Omar,0.05,5695.25
30000609,100094,200001,3,2024-10-05,2024-10-10,Mobile Wallet,Rep_Sara,0.05,3702.15
30000610,100068,200004,3,2025-04-15,2025-04-20,Credit Card,Rep_Mariam,0.05,655.5
30000611,100017,200003,1,2024-10-20,2024-10-26,Mobile Wallet,Rep_Mariam,0.05,171.0
30000612,100015,200002,2,2025-01-13,2025-01-18,Bank Transfer,Rep_Sara,0.1,2158.2
30000613,100025,200006,5,2025-06-19,2025-06-26,Mobile Wallet,Rep_Ahmed,0.05,4745.25
30000614,100007,200002,2,2025-08-22,2025-08-28,Bank Transfer,Rep_Sara,0.05,2278.1
30000615,100021,200008,1,2025-03-06,2025-03-09,Bank Transfer,Rep_Ahmed,0.0,320.0
30000616,100052,200002,4,2024-11-27,2024-12-01,Bank Transfer,Rep_Mariam,0.1,4316.4
30000617,100008,200009,4,2025-08-25,2025-09-01,Bank Transfer,Rep_Ahmed,0.1,576.0
30000618,100004,200003,3,2024-10-30,2024-10-31,Cash,Rep_Omar,0.05,513.0
30000619,100090,200010,4,2025-04-29,2025-05-02,Bank Transfer,Rep_Omar,0.1,432.0
30000620,100065,200004,3,2024-11-27,2024-12-02,Credit Card,Rep_Ahmed,0.1,621.0
30000621,100080,200010,2,2025-06-18,2025-06-20,Mobile Wallet,Rep_Mariam,0.0,240.0
30000622,100017,200006,1,2025-09-01,2025-09-05,Bank Transfer,Rep_Sara,0.05,949.05
30000623,100096,200009,4,2025-02-06,2025-02-11,Bank Transfer,Rep_Omar,0.05,608.0
30000624,100043,200005,5,2025-04-17,2025-04-21,Cash,Rep_Mariam,0.05,232.75
30000625,100089,200003,5,2025-07-14,2025-07-18,Cash,Rep_Ahmed,0.0,900.0
30000626,100013,200003,5,2025-01-30,2025-02-02,Mobile Wallet,Rep_Omar,0.05,855.0
30000627,100052,200002,2,2025-04-01,2025-04-07,Credit Card,Rep_Mariam,0.1,2158.2
30000628,100032,200008,4,2024-11-18,2024-11-25,Mobile Wallet,Rep_Omar,0.05,1216.0
30000629,100018,200004,3,2025-03-16,2025-03-17,Mobile Wallet,Rep_Ahmed,0.05,655.5
30000630,100001,200008,1,2025-02-24,2025-03-02,Cash,Rep_Sara,0.1,288.0
30000631,100028,200001,4,2024-11-17,2024-11-22,Bank Transfer,Rep_Omar,0.1,4676.4
30000632,100036,200001,3,2025-04-21,2025-04-23,Bank Transfer,Rep_Mariam,0.1,3507.3
30000633,100082,200004,2,2025-04-11,2025-04-12,Credit Card,Rep_Omar,0.05,437.0
30000634,100057,200009,2,2025-03-18,2025-03-22,Cash,Rep_Omar,0.05,304.0
30000635,100071,200009,2,2025-08-02,2025-08-06,Credit Card,Rep_Ahmed,0.0,320.0
30000636,100083,200009,1,2025-02-21,2025-02-28,Cash,Rep_Omar,0.1,144.0
30000637,100094,200005,4,2025-07-29,2025-08-02,Bank Transfer,Rep_Omar,0.1,176.4
30000638,100018,200001,4,2025-08-10,2025-08-17,Credit Card,Rep_Sara,0.1,4676.4
30000639,100018,200003,2,2025-04-01,2025-04-02,Mobile Wallet,Rep_Ahmed,0.05,342.0
30000640,100043,200003,2,2025-03-08,2025-03-13,Mobile Wallet,Rep_Ahmed,0.05,342.0
30000641,100018,200006,1,2024-11-19,2024-11-25,Bank Transfer,Rep_Mariam,0.0,999.0
30000642,100082,200003,5,2025-05-26,2025-05-30,Credit Card,Rep_Ahmed,0.1,810.0
30000643,100043,200006,3,2024-11-22,2024-11-23,Mobile Wallet,Rep_Mariam,0.05,2847.15
30000644,100092,200006,5,2024-10-16,2024-10-22,Cash,Rep_Ahmed,0.1,4495.5
30000645,100084,200003,1,2025-06-14,2025-06-19,Cash,Rep_Omar,0.1,162.0
30000646,100096,200010,4,2024-11-27,2024-11-28,Cash,Rep_Mariam,0.0,480.0
30000647,100088,200006,4,2025-06-30,2025-07-03,Credit Card,Rep_Mariam,0.05,3796.2
30000648,100006,200010,3,2024-10-30,2024-11-01,Credit Card,Rep_Ahmed,0.05,342.0
30000649,100016,200007,1,2025-02-11,2025-02-15,Credit Card,Rep_Sara,0.1,58.5
30000650,100044,200010,5,2025-08-14,2025-08-16,Credit Card,Rep_Sara,0.1,540.0
30000651,100045,200006,1,2025-06-07,2025-06-14,Cash,Rep_Sara,0.0,999.0
30000652,100055,200007,5,2025-07-10,2025-07-12,Mobile Wallet,Rep_Sara,0.0,325.0
30000653,100087,200003,1,2025-09-03,2025-09-08,Bank Transfer,Rep_Sara,0.0,180.0
30000654,100049,200007,1,2025-02-02,2025-02-08,Cash,Rep_Omar,0.1,58.5
30000655,100027,200006,3,2025-03-17,2025-03-23,Mobile Wallet,Rep_Ahmed,0.1,2697.3
30000656,100079,200001,5,2024-10-31,2024-11-05,Credit Card,Rep_Ahmed,0.0,6495.0
30000657,100016,200004,3,2025-05-17,2025-05-18,Credit Card,Rep_Ahmed,0.1,621.0
30000658,100030,200009,5,2024-10-25,2024-11-01,Cash,Rep_Ahmed,0.0,800.0
30000659,100077,200003,4,2025-09-04,2025-09-06,Credit Card,Rep_Sara,0.1,648.0
30000660,100053,200002,1,2025-03-27,2025-03-30,Bank Transfer,Rep_Ahmed,0.05,1139.05
30000661,100060,200005,4,2024-10-18,2024-10-22,Mobile Wallet,Rep_Ahmed,0.05,186.2
30000662,100062,200001,2,2025-03-17,2025-03-18,Cash,Rep_Mariam,0.05,2468.1
30000663,100006,200002,3,2025-06-17,2025-06-18,Credit Card,Rep_Ahmed,0.1,3237.3
30000664,100091,200003,3,2024-09-23,2024-09-27,Credit Card,Rep_Omar,0.0,540.0
30000665,100086,200003,2,2024-09-26,2024-09-30,Mobile Wallet,Rep_Sara,0.1,324.0
30000666,100067,200001,4,2025-07-24,2025-07-31,Bank Transfer,Rep_Ahmed,0.0,5196.0
30000667,100100,200006,1,2024-12-24,2024-12-26,Cash,Rep_Sara,0.05,949.05
30000668,100051,200009,4,2025-07-08,2025-07-10,Cash,Rep_Ahmed,0.0,640.0
30000669,100067,200009,4,2024-12-06,2024-12-08,Bank Transfer,Rep_Sara,0.1,576.0
30000670,100011,200007,2,2025-03-11,2025-03-14,Mobile Wallet,Rep_Ahmed,0.0,130.0
30000671,100093,200002,3,2025-08-02,2025-08-03,Bank Transfer,Rep_Ahmed,0.0,3597.0
30000672,100038,200004,3,2025-06-26,2025-06-29,Credit Card,Rep_Mariam,0.05,655.5
30000673,100036,200002,5,2025-02-18,2025-02-19,Credit Card,Rep_Sara,0.1,5395.5
30000674,100100,200002,5,2025-09-01,2025-09-05,Credit Card,Rep_Omar,0.0,5995.0
30000675,100074,200003,5,2025-09-07,2025-09-08,Cash,Rep_Ahmed,0.1,810.0
30000676,100024,200006,2,2024-10-06,2024-10-08,Credit Card,Rep_Omar,0.0,1998.0
30000677,100014,200003,2,2025-03-08,2025-03-13,Credit Card,Rep_Omar,0.1,324.0
30000678,100004,200006,1,2025-08-15,2025-08-19,Cash,Rep_Mariam,0.0,999.0
30000679,100058,200005,2,2025-08-16,2025-08-17,Cash,Rep_Mariam,0.05,93.1
30000680,100068,200006,3,2025-08-03,2025-08-06,Cash,Rep_Mariam,0.1,2697.3
30000681,100020,200003,5,2024-10-16,2024-10-22,Bank Transfer,Rep_Omar,0.1,810.0
30000682,100088,200009,2,2025-05-30,2025-06-04,Credit Card,Rep_Ahmed,0.1,288.0
30000683,100072,200008,5,2025-02-04,2025-02-11,Mobile Wallet,Rep_Mariam,0.05,1520.0
30000684,100023,200010,3,2024-11-18,2024-11-25,Cash,Rep_Mariam,0.1,324.0
30000685,100083,200010,2,2025-02-03,2025-02-04,Credit Card,Rep_Omar,0.1,216.0
30000686,100069,200006,3,2024-10-02,2024-10-05,Mobile Wallet,Rep_Omar,0.0,2997.0
30000687,100084,200006,2,2024-11-05,2024-11-09,Bank Transfer,Rep_Ahmed,0.05,1898.1
30000688,100028,200005,4,2024-10-30,2024-10-31,Credit Card,Rep_Sara,0.1,176.4
30000689,100014,200010,5,2025-07-29,2025-07-30,Mobile Wallet,Rep_Omar,0.0,600.0
30000690,100081,200004,2,2025-04-04,2025-04-10,Credit Card,Rep_Sara,0.0,460.0
30000691,100038,200004,2,2025-01-27,2025-02-01,Cash,Rep_Sara,0.0,460.0
30000692,100029,200007,1,2025-09-03,2025-09-05,Mobile Wallet,Rep_Sara,0.1,58.5
30000693,100027,200008,3,2024-11-01,2024-11-02,Bank Transfer,Rep_Sara,0.05,912.0
30000694,100049,200005,3,2025-09-02,2025-09-07,Mobile Wallet,Rep_Mariam,0.0,147.0
30000695,100059,200006,3,2025-07-10,2025-07-12,Credit Card,Rep_Omar,0.0,2997.0
30000696,100020,200003,3,2025-08-12,2025-08-16,Mobile Wallet,Rep_Ahmed,0.05,513.0
30000697,100064,200006,4,2025-03-11,2025-03-16,Bank Transfer,Rep_Omar,0.05,3796.2
30000698,100013,200006,1,2024-10-19,2024-10-25,Mobile Wallet,Rep_Ahmed,0.05,949.05
30000699,100002,200001,3,2024-10-16,2024-10-23,Credit Card,Rep_Omar,0.0,3897.0
30000700,100055,200005,3,2025-06-30,2025-07-02,Credit Card,Rep_Ahmed,0.0,147.0
30000701,100023,200006,1,2025-03-19,2025-03-25,Credit Card,Rep_Ahmed,0.0,999.0
30000702,100040,200002,3,2024-10-11,2024-10-17,Mobile Wallet,Rep_Omar,0.1,3237.3
30000703,100071,200009,1,2024-12-19,2024-12-22,Bank Transfer,Rep_Omar,0.05,152.0
30000704,100047,200008,4,2024-11-26,2024-12-01,Bank Transfer,Rep_Sara,0.05,1216.0
30000705,100049,200002,5,2025-08-08,2025-08-10,Credit Card,Rep_Omar,0.05,5695.25
30000706,100025,200001,2,2025-05-23,2025-05-28,Credit Card,Rep_Omar,0.1,2338.2
30000707,100011,200010,3,2025-03-24,2025-03-28,Credit Card,Rep_Mariam,0.1,324.0
30000708,100089,200009,1,2025-07-31,2025-08-02,Credit Card,Rep_Sara,0.1,144.0
30000709,100037,200004,1,2024-10-16,2024-10-20,Cash,Rep_Ahmed,0.1,207.0
30000710,100007,200001,5,2025-06-22,2025-06-23,Bank Transfer,Rep_Omar,0.0,6495.0
30000711,100076,200008,5,2024-09-29,2024-09-30,Credit Card,Rep_Omar,0.05,1520.0
30000712,100041,200010,1,2024-12-15,2024-12-20,Bank Transfer,Rep_Sara,0.1,108.0
30000713,100072,200005,4,2025-06-04,2025-06-11,Bank Transfer,Rep_Mariam,0.05,186.2
30000714,100035,200004,3,2025-07-25,2025-07-30,Credit Card,Rep_Omar,0.0,690.0
30000715,100013,200005,4,2024-12-27,2024-12-31,Credit Card,Rep_Omar,0.05,186.2
30000716,100012,200002,4,2025-02-08,2025-02-09,Cash,Rep_Sara,0.05,4556.2
30000717,100033,200010,1,2025-01-20,2025-01-25,Cash,Rep_Omar,0.1,108.0
30000718,100039,200003,3,2025-06-11,2025-06-12,Bank Transfer,Rep_Ahmed,0.05,513.0
30000719,100025,200001,4,2025-08-13,2025-08-18,Credit Card,Rep_Ahmed,0.0,5196.0
30000720,100044,200002,1,2024-09-23,2024-09-30,Bank Transfer,Rep_Ahmed,0.0,1199.0
30000721,100088,200010,3,2025-09-01,2025-09-05,Mobile Wallet,Rep_Sara,0.05,342.0
30000722,100090,200004,1,2025-05-19,2025-05-25,Bank Transfer,Rep_Ahmed,0.05,218.5
30000723,100077,200005,4,2025-02-23,2025-02-28,Credit Card,Rep_Mariam,0.0,196.0
30000724,100075,200004,3,2025-08-12,2025-08-14,Bank Transfer,Rep_Omar,0.1,621.0
30000725,100052,200004,4,2024-11-20,2024-11-25,Mobile Wallet,Rep_Sara,0.1,828.0
30000726,100026,200006,1,2024-12-29,2024-12-31,Cash,Rep_Omar,0.0,999.0
30000727,100033,200003,5,2025-09-09,2025-09-14,Credit Card,Rep_Ahmed,0.05,855.0
30000728,100061,200006,1,2025-03-31,2025-04-01,Credit Card,Rep_Omar,0.0,999.0
30000729,100060,200010,3,2025-06-16,2025-06-21,Bank Transfer,Rep_Ahmed,0.1,324.0
30000730,100018,200009,1,2025-07-05,2025-07-06,Mobile Wallet,Rep_Omar,0.1,144.0
30000731,100071,200002,5,2025-05-09,2025-05-15,Mobile Wallet,Rep_Omar,0.1,5395.5
30000732,100075,200005,4,2025-02-12,2025-02-13,Mobile Wallet,Rep_Omar,0.1,176.4
30000733,100049,200003,5,2025-08-07,2025-08-13,Cash,Rep_Mariam,0.0,900.0
30000734,100043,200004,4,2024-11-27,2024-12-04,Cash,Rep_Mariam,0.1,828.0
30000735,100034,200004,4,2025-07-21,2025-07-23,Cash,Rep_Sara,0.1,828.0
30000736,100090,200005,1,2025-03-27,2025-04-02,Bank Transfer,Rep_Omar,0.1,44.1
30000737,100057,200010,4,2025-03-29,2025-04-03,Credit Card,Rep_Mariam,0.1,432.0
30000738,100047,200008,2,2025-03-25,2025-04-01,Cash,Rep_Ahmed,0.0,640.0
30000739,100059,200007,2,2025-06-09,2025-06-15,Mobile Wallet,Rep_Sara,0.0,130.0
30000740,100044,200009,1,2025-07-08,2025-07-11,Mobile Wallet,Rep_Mariam,0.0,160.0
30000741,100065,200003,3,2024-10-02,2024-10-03,Cash,Rep_Ahmed,0.0,540.0
30000742,100075,200008,5,2024-11-14,2024-11-21,Bank Transfer,Rep_Sara,0.0,1600.0
30000743,100049,200007,1,2025-06-13,2025-06-14,Credit Card,Rep_Sara,0.05,61.75
30000744,100058,200004,4,2024-09-24,2024-09-29,Credit Card,Rep_Sara,0.0,920.0
30000745,100013,200007,2,2025-07-04,2025-07-09,Mobile Wallet,Rep_Mariam,0.1,117.0
30000746,100052,200004,4,2025-06-19,2025-06-26,Credit Card,Rep_Mariam,0.05,874.0
30000747,100038,200007,2,2024-09-18,2024-09-23,Cash,Rep_Sara,0.1,117.0
30000748,100080,200007,1,2025-05-28,2025-05-29,Bank Transfer,Rep_Mariam,0.1,58.5
30000749,100036,200010,1,2024-10-05,2024-10-12,Bank Transfer,Rep_Omar,0.0,120.0
30000750,100082,200010,1,2025-08-29,2025-09-05,Cash,Rep_Sara,0.05,114.0
30000751,100039,200007,3,2025-06-21,2025-06-24,Credit Card,Rep_Sara,0.0,195.0
30000752,100085,200004,2,2025-09-15,2025-09-19,Cash,Rep_Ahmed,0.0,460.0
30000753,100085,200003,4,2025-02-17,2025-02-21,Bank Transfer,Rep_Omar,0.0,720.0
30000754,100078,200007,3,2025-01-04,2025-01-10,Bank Transfer,Rep_Sara,0.05,185.25
30000755,100007,200006,5,2025-09-05,2025-09-09,Bank Transfer,Rep_Omar,0.1,4495.5
30000756,100037,200009,4,2025-07-19,2025-07-23,Bank Transfer,Rep_Ahmed,0.0,640.0
30000757,100010,200005,1,2025-01-17,2025-01-24,Bank Transfer,Rep_Ahmed,0.0,49.0
30000758,100003,200002,5,2024-10-04,2024-10-10,Cash,Rep_Mariam,0.05,5695.25
30000759,100095,200002,5,2025-04-20,2025-04-26,Mobile Wallet,Rep_Sara,0.0,5995.0
30000760,100075,200009,1,2025-08-19,2025-08-22,Bank Transfer,Rep_Sara,0.0,160.0
30000761,100032,200006,4,2025-05-11,2025-05-13,Bank Transfer,Rep_Ahmed,0.0,3996.0
30000762,100088,200002,3,2025-07-14,2025-07-20,Bank Transfer,Rep_Sara,0.05,3417.15
30000763,100046,200004,3,2025-09-05,2025-09-09,Credit Card,Rep_Omar,0.05,655.5
30000764,100049,200005,2,2024-10-23,2024-10-26,Mobile Wallet,Rep_Ahmed,0.0,98.0
30000765,100061,200003,2,2024-10-01,2024-10-07,Credit Card,Rep_Sara,0.05,342.0
30000766,100042,200003,5,2025-03-09,2025-03-12,Cash,Rep_Mariam,0.05,855.0
30000767,100055,200008,3,2024-12-08,2024-12-11,Cash,Rep_Sara,0.0,960.0
30000768,100079,200003,3,2025-03-25,2025-04-01,Cash,Rep_Mariam,0.05,513.0
30000769,100058,200004,3,2025-01-28,2025-01-30,Bank Transfer,Rep_Sara,0.0,690.0
30000770,100045,200009,5,2024-10-09,2024-10-12,Cash,Rep_Omar,0.1,720.0
30000771,100012,200005,4,2025-05-13,2025-05-18,Bank Transfer,Rep_Sara,0.1,176.4
30000772,100005,200001,5,2025-06-28,2025-07-04,Credit Card,Rep_Ahmed,0.1,5845.5
30000773,100098,200006,2,2024-12-17,2024-12-19,Mobile Wallet,Rep_Mariam,0.0,1998.0
30000774,100018,200007,4,2025-06-23,2025-06-29,Credit Card,Rep_Sara,0.1,234.0
30000775,100090,200006,5,2025-06-20,2025-06-25,Mobile Wallet,Rep_Omar,0.1,4495.5
30000776,100095,200003,3,2025-03-12,2025-03-14,Credit Card,Rep_Sara,0.0,540.0
30000777,100012,200008,3,2025-06-12,2025-06-15,Mobile Wallet,Rep_Ahmed,0.1,864.0
30000778,100037,200002,1,2024-10-11,2024-10-17,Credit Card,Rep_Omar,0.1,1079.1
30000779,100036,200005,5,2025-01-24,2025-01-31,Credit Card,Rep_Ahmed,0.05,232.75
30000780,100020,200005,1,2025-02-03,2025-02-09,Credit Card,Rep_Ahmed,0.0,49.0
30000781,100055,200009,5,2024-11-18,2024-11-19,Credit Card,Rep_Mariam,0.1,720.0
30000782,100027,200003,1,2025-06-20,2025-06-27,Credit Card,Rep_Omar,0.1,162.0
30000783,100052,200006,3,2025-06-01,2025-06-06,Cash,Rep_Omar,0.0,2997.0
30000784,100053,200002,4,2024-10-30,2024-11-05,Mobile Wallet,Rep_Sara,0.05,4556.2
30000785,100073,200001,1,2025-06-11,2025-06-13,Mobile Wallet,Rep_Ahmed,0.05,1234.05
30000786,100049,200003,1,2025-05-01,2025-05-05,Bank Transfer,Rep_Omar,0.1,162.0
30000787,100020,200010,4,2025-07-30,2025-08-02,Mobile Wallet,Rep_Ahmed,0.1,432.0
30000788,100050,200009,4,2024-12-04,2024-12-10,Cash,Rep_Omar,0.1,576.0
30000789,100090,200002,4,2025-06-15,2025-06-22,Cash,Rep_Mariam,0.05,4556.2
30000790,100065,200009,4,2024-09-26,2024-09-28,Cash,Rep_Mariam,0.05,608.0
30000791,100033,200008,3,2025-04-21,2025-04-28,Cash,Rep_Ahmed,0.05,912.0
30000792,100059,200003,4,2025-05-18,2025-05-21,Mobile Wallet,Rep_Omar,0.05,684.0
30000793,100099,200006,5,2025-01-04,2025-01-08,Bank Transfer,Rep_Omar,0.05,4745.25
30000794,100047,200008,2,2025-07-05,2025-07-10,Cash,Rep_Ahmed,0.05,608.0
30000795,100045,200005,5,2025-04-17,2025-04-21,Bank Transfer,Rep_Omar,0.1,220.5
30000796,100020,200007,5,2025-04-08,2025-04-12,Cash,Rep_Mariam,0.05,308.75
30000797,100011,200001,2,2025-07-09,2025-07-13,Credit Card,Rep_Mariam,0.0,2598.0
30000798,100089,200009,2,2024-12-17,2024-12-24,Credit Card,Rep_Omar,0.0,320.0
30000799,100021,200004,5,2024-11-12,2024-11-16,Credit Card,Rep_Omar,0.05,1092.5
30000800,100073,200008,2,2025-01-14,2025-01-21,Mobile Wallet,Rep_Ahmed,0.0,640.0
30000801,100095,200003,3,2025-02-22,2025-03-01,Mobile Wallet,Rep_Mariam,0.0,540.0
30000802,100085,200010,1,2025-01-13,2025-01-16,Mobile Wallet,Rep_Sara,0.1,108.0
30000803,100047,200001,5,2025-01-08,2025-01-13,Mobile Wallet,Rep_Sara,0.0,6495.0
30000804,100024,200003,3,2024-10-09,2024-10-16,Cash,Rep_Ahmed,0.05,513.0
30000805,100097,200009,5,2025-07-06,2025-07-07,Bank Transfer,Rep_Ahmed,0.05,760.0
30000806,100088,200004,2,2025-02-06,2025-02-07,Bank Transfer,Rep_Omar,0.1,414.0
30000807,100022,200001,4,2025-05-18,2025-05-20,Credit Card,Rep_Sara,0.05,4936.2
30000808,100063,200001,5,2025-02-22,2025-02-26,Cash,Rep_Omar,0.05,6170.25
30000809,100019,200005,5,2025-04-15,2025-04-19,Mobile Wallet,Rep_Ahmed,0.1,220.5
30000810,100006,200009,4,2025-02-15,2025-02-22,Cash,Rep_Ahmed,0.0,640.0
30000811,100061,200008,3,2024-10-22,2024-10-26,Credit Card,Rep_Mariam,0.0,960.0
30000812,100070,200010,5,2025-03-05,2025-03-06,Cash,Rep_Sara,0.1,540.0
30000813,100053,200001,3,2024-11-12,2024-11-16,Cash,Rep_Sara,0.1,3507.3
30000814,100082,200007,3,2025-01-17,2025-01-22,Mobile Wallet,Rep_Sara,0.05,185.25
30000815,100036,200007,3,2025-04-13,2025-04-20,Bank Transfer,Rep_Mariam,0.0,195.0
30000816,100040,200010,4,2024-09-19,2024-09-23,Credit Card,Rep_Mariam,0.1,432.0
30000817,100075,200001,2,2024-11-02,2024-11-04,Bank Transfer,Rep_Omar,0.0,2598.0
30000818,100034,200001,4,2025-07-20,2025-07-25,Credit Card,Rep_Omar,0.1,4676.4
30000819,100033,200004,5,2024-10-25,2024-10-29,Cash,Rep_Omar,0.1,1035.0
30000820,100031,200006,3,2025-07-28,2025-07-29,Credit Card,Rep_Omar,0.0,2997.0
30000821,100004,200005,2,2025-05-06,2025-05-09,Bank Transfer,Rep_Omar,0.1,88.2
30000822,100058,200002,3,2024-11-17,2024-11-23,Bank Transfer,Rep_Ahmed,0.0,3597.0
30000823,100094,200008,1,2025-02-27,2025-03-05,Bank Transfer,Rep_Sara,0.05,304.0
30000824,100022,200004,5,2024-09-29,2024-10-04,Cash,Rep_Ahmed,0.05,1092.5
30000825,100017,200001,5,2025-06-29,2025-07-05,Mobile Wallet,Rep_Mariam,0.1,5845.5
30000826,100059,200009,2,2025-02-05,2025-02-09,Bank Transfer,Rep_Omar,0.0,320.0
30000827,100096,200002,4,2025-01-11,2025-01-15,Credit Card,Rep_Sara,0.05,4556.2
30000828,100009,200002,2,2025-05-30,2025-06-06,Bank Transfer,Rep_Omar,0.05,2278.1
30000829,100046,200009,3,2024-11-24,2024-11-26,Cash,Rep_Mariam,0.0,480.0
30000830,100092,200008,5,2025-08-15,2025-08-20,Mobile Wallet,Rep_Omar,0.1,1440.0
30000831,100074,200009,4,2024-11-18,2024-11-25,Credit Card,Rep_Omar,0.05,608.0
30000832,100062,200007,4,2025-07-08,2025-07-13,Credit Card,Rep_Ahmed,0.05,247.0
30000833,100024,200007,2,2024-12-30,2025-01-04,Mobile Wallet,Rep_Omar,0.1,117.0
30000834,100074,200005,1,2025-01-23,2025-01-28,Mobile Wallet,Rep_Sara,0.05,46.55
30000835,100071,200007,4,2025-01-21,2025-01-28,Bank Transfer,Rep_Ahmed,0.05,247.0
30000836,100039,200009,2,2025-04-15,2025-04-19,Cash,Rep_Mariam,0.0,320.0
30000837,100002,200001,5,2024-10-09,2024-10-10,Cash,Rep_Sara,0.05,6170.25
30000838,100072,200008,3,2025-05-18,2025-05-22,Bank Transfer,Rep_Ahmed,0.05,912.0
30000839,100051,200001,1,2025-09-06,2025-09-11,Bank Transfer,Rep_Ahmed,0.1,1169.1
30000840,100030,200009,3,2025-02-12,2025-02-16,Credit Card,Rep_Ahmed,0.0,480.0
30000841,100041,200010,2,2025-06-28,2025-07-02,Mobile Wallet,Rep_Omar,0.05,228.0
30000842,100036,200004,4,2024-09-19,2024-09-24,Bank Transfer,Rep_Mariam,0.1,828.0
30000843,100028,200005,2,2025-06-19,2025-06-25,Bank Transfer,Rep_Sara,0.1,88.2
30000844,100013,200002,5,2024-09-28,2024-10-02,Credit Card,Rep_Mariam,0.05,5695.25
30000845,100049,200005,4,2025-02-06,2025-02-07,Bank Transfer,Rep_Sara,0.0,196.0
30000846,100059,200007,3,2025-06-25,2025-07-02,Cash,Rep_Sara,0.1,175.5
30000847,100005,200004,5,2025-06-11,2025-06-12,Cash,Rep_Ahmed,0.05,1092.5
30000848,100022,200002,4,2025-02-01,2025-02-05,Cash,Rep_Omar,0.1,4316.4
30000849,100057,200004,1,2025-08-18,2025-08-23,Cash,Rep_Mariam,0.05,218.5
30000850,100063,200007,4,2025-06-01,2025-06-05,Bank Transfer,Rep_Mariam,0.0,260.0
30000851,100016,200003,2,2025-06-20,2025-06-22,Credit Card,Rep_Omar,0.05,342.0
30000852,100046,200008,3,2025-04-17,2025-04-22,Bank Transfer,Rep_Ahmed,0.1,864.0
30000853,100043,200006,3,2025-06-17,2025-06-23,Bank Transfer,Rep_Sara,0.05,2847.15
30000854,100014,200007,3,2024-11-01,2024-11-05,Cash,Rep_Sara,0.1,175.5
30000855,100037,200006,2,2025-07-24,2025-07-26,Bank Transfer,Rep_Ahmed,0.0,1998.0
30000856,100031,200008,2,2025-06-29,2025-07-03,Mobile Wallet,Rep_Ahmed,0.0,640.0
30000857,100007,200004,4,2025-04-17,2025-04-20,Credit Card,Rep_Omar,0.0,920.0
30000858,100032,200010,5,2025-04-13,2025-04-15,Cash,Rep_Sara,0.05,570.0
30000859,100035,200006,3,2025-05-10,2025-05-17,Credit Card,Rep_Omar,0.0,2997.0
30000860,100085,200003,2,2025-07-07,2025-07-11,Cash,Rep_Sara,0.0,360.0
30000861,100010,200010,2,2025-03-26,2025-03-29,Cash,Rep_Omar,0.1,216.0
30000862,100059,200010,5,2025-07-26,2025-08-02,Bank Transfer,Rep_Omar,0.0,600.0
30000863,100092,200008,1,2024-09-19,2024-09-26,Credit Card,Rep_Omar,0.05,304.0
30000864,100086,200004,5,2024-10-04,2024-10-09,Mobile Wallet,Rep_Sara,0.1,1035.0
30000865,100068,200008,4,2024-11-23,2024-11-30,Cash,Rep_Omar,0.1,1152.0
30000866,100004,200001,1,2024-10-16,2024-10-22,Cash,Rep_Sara,0.0,1299.0
30000867,100028,200005,5,2025-07-11,2025-07-15,Bank Transfer,Rep_Sara,0.0,245.0
30000868,100052,200002,5,2024-12-29,2024-12-30,Mobile Wallet,Rep_Omar,0.05,5695.25
30000869,100081,200001,2,2025-04-21,2025-04-24,Credit Card,Rep_Omar,0.05,2468.1
30000870,100068,200003,3,2025-06-14,2025-06-19,Cash,Rep_Sara,0.1,486.0
30000871,100012,200004,4,2024-12-23,2024-12-25,Mobile Wallet,Rep_Mariam,0.1,828.0
30000872,100022,200002,2,2025-02-05,2025-02-06,Bank Transfer,Rep_Omar,0.05,2278.1
30000873,100076,200010,3,2025-09-02,2025-09-07,Cash,Rep_Sara,0.05,342.0
30000874,100072,200009,4,2025-07-08,2025-07-10,Mobile Wallet,Rep_Sara,0.1,576.0
30000875,100022,200001,4,2024-12-31,2025-01-02,Mobile Wallet,Rep_Ahmed,0.05,4936.2
30000876,100099,200010,3,2025-02-04,2025-02-08,Cash,Rep_Sara,0.1,324.0
30000877,100053,200008,2,2024-10-04,2024-10-08,Credit Card,Rep_Mariam,0.05,608.0
30000878,100036,200003,3,2025-01-12,2025-01-16,Bank Transfer,Rep_Ahmed,0.05,513.0
30000879,100073,200010,3,2024-09-20,2024-09-25,Mobile Wallet,Rep_Ahmed,0.05,342.0
30000880,100084,200002,2,2025-06-08,2025-06-11,Mobile Wallet,Rep_Mariam,0.0,2398.0
30000881,100029,200004,4,2025-03-29,2025-04-02,Credit Card,Rep_Sara,0.0,920.0
30000882,100068,200003,2,2025-02-09,2025-02-16,Mobile Wallet,Rep_Ahmed,0.1,324.0
30000883,100072,200010,1,2025-04-07,2025-04-08,Cash,Rep_Sara,0.05,114.0
30000884,100078,200010,1,2025-09-12,2025-09-17,Cash,Rep_Mariam,0.05,114.0
30000885,100038,200008,4,2025-07-23,2025-07-29,Cash,Rep_Omar,0.05,1216.0
30000886,100014,200009,4,2025-03-28,2025-04-01,Credit Card,Rep_Omar,0.0,640.0
30000887,100047,200006,4,2025-08-15,2025-08-16,Credit Card,Rep_Sara,0.0,3996.0
30000888,100021,200001,5,2025-08-07,2025-08-09,Cash,Rep_Mariam,0.0,6495.0
30000889,100029,200007,5,2025-02-25,2025-03-04,Bank Transfer,Rep_Omar,0.0,325.0
30000890,100029,200006,1,2025-07-03,2025-07-10,Cash,Rep_Mariam,0.05,949.05
30000891,100099,200004,3,2025-05-08,2025-05-14,Cash,Rep_Mariam,0.0,690.0
30000892,100024,200004,5,2025-03-31,2025-04-03,Bank Transfer,Rep_Sara,0.1,1035.0
30000893,100039,200001,2,2025-04-06,2025-04-09,Bank Transfer,Rep_Sara,0.1,2338.2
30000894,100072,200002,4,2024-10-07,2024-10-10,Bank Transfer,Rep_Sara,0.0,4796.0
30000895,100001,200005,3,2025-07-31,2025-08-06,Cash,Rep_Mariam,0.0,147.0
30000896,100084,200004,2,2025-01-01,2025-01-02,Credit Card,Rep_Sara,0.1,414.0
30000897,100038,200002,5,2025-08-22,2025-08-29,Cash,Rep_Ahmed,0.1,5395.5
30000898,100064,200002,3,2025-06-01,2025-06-05,Credit Card,Rep_Mariam,0.0,3597.0
30000899,100085,200002,4,2025-04-05,2025-04-12,Cash,Rep_Omar,0.05,4556.2
30000900,100073,200006,3,2024-12-24,2024-12-30,Mobile Wallet,Rep_Sara,0.0,2997.0
30000901,100013,200001,4,2025-09-09,2025-09-16,Bank Transfer,Rep_Mariam,0.05,4936.2
30000902,100029,200010,5,2024-11-17,2024-11-18,Mobile Wallet,Rep_Mariam,0.05,570.0
30000903,100085,200008,2,2025-03-13,2025-03-17,Credit Card,Rep_Ahmed,0.05,608.0
30000904,100046,200009,4,2025-01-23,2025-01-30,Bank Transfer,Rep_Ahmed,0.1,576.0
30000905,100008,200002,3,2025-06-27,2025-07-02,Cash,Rep_Ahmed,0.1,3237.3
30000906,100021,200003,1,2025-01-19,2025-01-26,Cash,Rep_Ahmed,0.05,171.0
30000907,100033,200008,1,2025-03-27,2025-03-29,Cash,Rep_Mariam,0.0,320.0
30000908,100002,200005,2,2025-06-03,2025-06-04,Credit Card,Rep_Ahmed,0.05,93.1
30000909,100040,200001,4,2024-10-08,2024-10-15,Credit Card,Rep_Ahmed,0.0,5196.0
30000910,100086,200010,2,2025-01-02,2025-01-06,Credit Card,Rep_Ahmed,0.1,216.0
30000911,100022,200007,5,2025-07-23,2025-07-29,Mobile Wallet,Rep_Ahmed,0.0,325.0
30000912,100055,200001,2,2025-06-19,2025-06-22,Cash,Rep_Ahmed,0.05,2468.1
30000913,100061,200009,4,2024-10-21,2024-10-24,Cash,Rep_Sara,0.05,608.0
30000914,100012,200004,2,2025-01-09,2025-01-11,Mobile Wallet,Rep_Mariam,0.0,460.0
30000915,100013,200009,2,2024-09-21,2024-09-27,Cash,Rep_Mariam,0.0,320.0
30000916,100022,200001,2,2025-03-06,2025-03-13,Credit Card,Rep_Omar,0.1,2338.2
30000917,100083,200010,3,2025-02-01,2025-02-07,Credit Card,Rep_Omar,0.0,360.0
30000918,100045,200008,3,2024-10-28,2024-10-30,Credit Card,Rep_Ahmed,0.05,912.0
30000919,100084,200006,4,2024-12-10,2024-12-15,Bank Transfer,Rep_Sara,0.0,3996.0
30000920,100050,200004,5,2024-12-11,2024-12-17,Bank Transfer,Rep_Ahmed,0.0,1150.0
30000921,100022,200007,1,2025-08-27,2025-09-02,Bank Transfer,Rep_Omar,0.0,65.0
30000922,100052,200001,1,2025-07-30,2025-07-31,Mobile Wallet,Rep_Omar,0.0,1299.0
30000923,100042,200002,3,2025-03-03,2025-03-08,Cash,Rep_Sara,0.0,3597.0
30000924,100074,200001,3,2025-06-26,2025-06-27,Credit Card,Rep_Ahmed,0.1,3507.3
30000925,100052,200008,1,2024-10-06,2024-10-09,Cash,Rep_Omar,0.1,288.0
30000926,100079,200004,5,2025-09-04,2025-09-05,Bank Transfer,Rep_Mariam,0.05,1092.5
30000927,100100,200010,4,2025-06-11,2025-06-18,Bank Transfer,Rep_Omar,0.05,456.0
30000928,100016,200010,4,2025-08-31,2025-09-03,Bank Transfer,Rep_Ahmed,0.0,480.0
30000929,100088,200010,1,2024-09-16,2024-09-21,Mobile Wallet,Rep_Omar,0.0,120.0
30000930,100085,200001,1,2025-07-10,2025-07-11,Bank Transfer,Rep_Sara,0.1,1169.1
30000931,100003,200003,1,2025-06-19,2025-06-21,Cash,Rep_Sara,0.1,162.0
30000932,100055,200005,1,2025-03-25,2025-03-27,Mobile Wallet,Rep_Omar,0.0,49.0
30000933,100026,200005,5,2024-10-09,2024-10-11,Bank Transfer,Rep_Ahmed,0.0,245.0
30000934,100074,200001,4,2025-07-07,2025-07-12,Cash,Rep_Mariam,0.1,4676.4
30000935,100053,200002,4,2025-04-27,2025-05-01,Cash,Rep_Ahmed,0.0,4796.0
30000936,100086,200003,3,2025-07-09,2025-07-13,Mobile Wallet,Rep_Ahmed,0.0,540.0
30000937,100065,200004,1,2025-07-21,2025-07-26,Cash,Rep_Omar,0.0,230.0
30000938,100044,200010,1,2025-08-08,2025-08-09,Cash,Rep_Mariam,0.1,108.0
30000939,100013,200009,2,2025-04-16,2025-04-19,Credit Card,Rep_Omar,0.0,320.0
30000940,100015,200004,3,2025-09-11,2025-09-13,Credit Card,Rep_Omar,0.0,690.0
30000941,100018,200004,5,2025-06-14,2025-06-17,Credit Card,Rep_Omar,0.05,1092.5
30000942,100057,200009,1,2024-09-16,2024-09-18,Cash,Rep_Sara,0.0,160.0
30000943,100002,200006,1,2024-09-19,2024-09-21,Bank Transfer,Rep_Sara,0.05,949.05
30000944,100083,200005,5,2025-06-15,2025-06-19,Bank Transfer,Rep_Omar,0.1,220.5
30000945,100077,200004,5,2025-05-24,2025-05-27,Credit Card,Rep_Omar,0.0,1150.0
30000946,100047,200006,3,2024-10-08,2024-10-14,Bank Transfer,Rep_Ahmed,0.0,2997.0
30000947,100097,200002,5,2024-11-18,2024-11-23,Bank Transfer,Rep_Ahmed,0.1,5395.5
30000948,100073,200008,1,2025-04-25,2025-05-01,Mobile Wallet,Rep_Sara,0.05,304.0
30000949,100072,200004,5,2024-10-11,2024-10-18,Mobile Wallet,Rep_Mariam,0.0,1150.0
30000950,100012,200009,1,2025-01-29,2025-02-02,Mobile Wallet,Rep_Ahmed,0.0,160.0
30000951,100005,200003,3,2025-02-17,2025-02-18,Credit Card,Rep_Sara,0.05,513.0
30000952,100042,200002,1,2025-06-09,2025-06-10,Cash,Rep_Sara,0.1,1079.1
30000953,100033,200005,4,2024-12-16,2024-12-23,Mobile Wallet,Rep_Omar,0.1,176.4
30000954,100040,200003,2,2025-07-21,2025-07-27,Credit Card,Rep_Mariam,0.0,360.0
30000955,100067,200008,3,2024-11-08,2024-11-09,Bank Transfer,Rep_Omar,0.1,864.0
30000956,100067,200004,5,2025-01-04,2025-01-10,Mobile Wallet,Rep_Ahmed,0.0,1150.0
30000957,100082,200004,2,2025-07-13,2025-07-20,Mobile Wallet,Rep_Omar,0.05,437.0
30000958,100092,200010,3,2025-03-31,2025-04-05,Cash,Rep_Omar,0.1,324.0
30000959,100013,200004,5,2025-01-29,2025-02-01,Cash,Rep_Sara,0.05,1092.5
30000960,100014,200008,3,2025-04-01,2025-04-05,Bank Transfer,Rep_Ahmed,0.0,960.0
30000961,100029,200007,4,2024-12-15,2024-12-22,Cash,Rep_Mariam,0.0,260.0
30000962,100067,200009,2,2025-03-21,2025-03-27,Credit Card,Rep_Mariam,0.0,320.0
30000963,100068,200010,2,2024-10-08,2024-10-09,Bank Transfer,Rep_Sara,0.05,228.0
30000964,100047,200009,4,2025-02-26,2025-03-01,Cash,Rep_Mariam,0.05,608.0
30000965,100038,200010,3,2024-10-24,2024-10-31,Mobile Wallet,Rep_Ahmed,0.05,342.0
30000966,100028,200001,5,2024-11-09,2024-11-14,Credit Card,Rep_Sara,0.1,5845.5
30000967,100083,200008,5,2025-01-09,2025-01-13,Cash,Rep_Mariam,0.0,1600.0
30000968,100091,200005,3,2025-02-18,2025-02-20,Mobile Wallet,Rep_Mariam,0.0,147.0
30000969,100094,200002,4,2025-02-14,2025-02-21,Bank Transfer,Rep_Mariam,0.0,4796.0
30000970,100041,200009,4,2024-09-17,2024-09-19,Bank Transfer,Rep_Omar,0.1,576.0
30000971,100038,200002,4,2024-11-14,2024-11-15,Bank Transfer,Rep_Omar,0.0,4796.0
30000972,100047,200001,4,2025-08-15,2025-08-20,Bank Transfer,Rep_Mariam,0.1,4676.4
30000973,100004,200005,3,2024-12-27,2024-12-28,Cash,Rep_Ahmed,0.0,147.0
30000974,100076,200001,1,2025-02-21,2025-02-25,Mobile Wallet,Rep_Omar,0.0,1299.0
30000975,100079,200010,1,2025-07-17,2025-07-24,Cash,Rep_Sara,0.1,108.0
30000976,100025,200003,1,2025-08-15,2025-08-20,Cash,Rep_Ahmed,0.05,171.0
30000977,100047,200006,1,2025-04-20,2025-04-26,Bank Transfer,Rep_Omar,0.0,999.0
30000978,100079,200008,5,2024-11-04,2024-11-07,Bank Transfer,Rep_Mariam,0.0,1600.0
30000979,100007,200005,1,2024-12-02,2024-12-06,Bank Transfer,Rep_Mariam,0.0,49.0
30000980,100080,200008,4,2025-09-11,2025-09-18,Credit Card,Rep_Sara,0.0,1280.0
30000981,100064,200004,2,2024-12-11,2024-12-12,Credit Card,Rep_Ahmed,0.05,437.0
30000982,100068,200007,1,2025-03-26,2025-04-02,Cash,Rep_Mariam,0.0,65.0
30000983,100090,200008,3,2025-01-16,2025-01-20,Bank Transfer,Rep_Sara,0.0,960.0
30000984,100063,200010,1,2025-06-15,2025-06-17,Mobile Wallet,Rep_Ahmed,0.0,120.0
30000985,100085,200003,2,2025-03-01,2025-03-08,Credit Card,Rep_Mariam,0.05,342.0
30000986,100081,200010,2,2025-05-10,2025-05-13,Bank Transfer,Rep_Ahmed,0.1,216.0
30000987,100083,200005,4,2025-07-31,2025-08-07,Credit Card,Rep_Ahmed,0.1,176.4
30000988,100099,200003,2,2025-01-01,2025-01-06,Bank Transfer,Rep_Sara,0.1,324.0
30000989,100033,200009,4,2025-07-04,2025-07-07,Credit Card,Rep_Omar,0.0,640.0
30000990,100099,200005,5,2025-05-14,2025-05-15,Bank Transfer,Rep_Sara,0.1,220.5
30000991,100066,200002,1,2024-11-14,2024-11-15,Mobile Wallet,Rep_Omar,0.05,1139.05
30000992,100014,200001,4,2025-04-10,2025-04-13,Bank Transfer,Rep_Ahmed,0.1,4676.4
30000993,100045,200006,4,2025-02-15,2025-02-18,Bank Transfer,Rep_Omar,0.0,3996.0
30000994,100097,200010,2,2025-02-19,2025-02-22,Bank Transfer,Rep_Sara,0.1,216.0
30000995,100034,200008,2,2025-06-08,2025-06-11,Cash,Rep_Ahmed,0.0,640.0
30000996,100099,200002,3,2025-03-27,2025-04-03,Bank Transfer,Rep_Sara,0.0,3597.0
30000997,100098,200003,1,2025-03-13,2025-03-16,Mobile Wallet,Rep_Mariam,0.05,171.0
30000998,100068,200005,5,2025-04-30,2025-05-06,Cash,Rep_Mariam,0.05,232.75
30000999,100073,200009,5,2024-10-15,2024-10-21,Bank Transfer,Rep_Ahmed,0.05,760.0
30001000,100090,200009,2,2024-10-10,2024-10-14,Mobile Wallet,Rep_Mariam,0.0,320.0
30001001,100049,200003,1,2024-10-14,2024-10-15,Credit Card,Rep_Sara,0.05,171.0
30001002,100056,200004,5,2024-12-24,2024-12-30,Bank Transfer,Rep_Omar,0.1,1035.0
30001003,100083,200007,4,2024-09-22,2024-09-26,Credit Card,Rep_Omar,0.05,247.0
30001004,100091,200005,2,2025-04-10,2025-04-16,Mobile Wallet,Rep_Mariam,0.0,98.0
30001005,100020,200010,2,2024-09-23,2024-09-29,Credit Card,Rep_Sara,0.05,228.0
30001006,100092,200004,2,2025-07-29,2025-08-04,Cash,Rep_Sara,0.05,437.0
30001007,100021,200005,3,2024-11-04,2024-11-08,Bank Transfer,Rep_Omar,0.1,132.3
30001008,100098,200001,5,2025-03-26,2025-04-01,Cash,Rep_Omar,0.05,6170.25
30001009,100013,200008,2,2025-06-23,2025-06-28,Credit Card,Rep_Ahmed,0.0,640.0
30001010,100087,200002,5,2024-10-24,2024-10-30,Cash,Rep_Ahmed,0.1,5395.5
30001011,100049,200004,1,2025-09-11,2025-09-16,Bank Transfer,Rep_Sara,0.1,207.0
30001012,100097,200010,3,2024-12-10,2024-12-11,Mobile Wallet,Rep_Ahmed,0.0,360.0
30001013,100030,200010,1,2024-12-17,2024-12-19,Credit Card,Rep_Ahmed,0.1,108.0
30001014,100100,200001,2,2025-04-12,2025-04-15,Credit Card,Rep_Omar,0.1,2338.2
30001015,100082,200005,1,2024-12-07,2024-12-09,Cash,Rep_Ahmed,0.0,49.0
30001016,100013,200002,2,2025-05-06,2025-05-12,Mobile Wallet,Rep_Mariam,0.05,2278.1
30001017,100013,200001,2,2025-02-03,2025-02-05,Credit Card,Rep_Sara,0.1,2338.2
30001018,100026,200006,1,2025-02-18,2025-02-20,Cash,Rep_Ahmed,0.1,899.1
30001019,100096,200010,3,2025-08-17,2025-08-18,Bank Transfer,Rep_Mariam,0.1,324.0
30001020,100098,200007,4,2024-10-15,2024-10-16,Cash,Rep_Ahmed,0.1,234.0
30001021,100063,200005,1,2025-08-24,2025-08-29,Cash,Rep_Mariam,0.1,44.1
30001022,100073,200004,4,2025-08-31,2025-09-06,Credit Card,Rep_Mariam,0.1,828.0
30001023,100053,200002,5,2024-09-25,2024-09-26,Credit Card,Rep_Sara,0.0,5995.0
30001024,100067,200003,3,2025-02-19,2025-02-26,Cash,Rep_Sara,0.1,486.0
30001025,100072,200002,2,2025-07-18,2025-07-22,Mobile Wallet,Rep_Mariam,0.05,2278.1
30001026,100013,200009,4,2025-09-09,2025-09-12,Mobile Wallet,Rep_Omar,0.1,576.0
30001027,100080,200010,5,2025-03-08,2025-03-15,Mobile Wallet,Rep_Omar,0.1,540.0
30001028,100092,200005,3,2025-07-27,2025-08-01,Mobile Wallet,Rep_Ahmed,0.05,139.65
30001029,100045,200003,1,2025-07-10,2025-07-17,Mobile Wallet,Rep_Sara,0.0,180.0
30001030,100100,200006,2,2025-01-11,2025-01-16,Bank Transfer,Rep_Ahmed,0.0,1998.0
30001031,100052,200002,1,2024-10-09,2024-10-15,Bank Transfer,Rep_Ahmed,0.05,1139.05
30001032,100006,200006,2,2025-06-28,2025-07-04,Credit Card,Rep_Ahmed,0.0,1998.0
30001033,100045,200010,3,2025-08-30,2025-09-02,Credit Card,Rep_Sara,0.1,324.0
30001034,100072,200003,1,2025-01-02,2025-01-04,Bank Transfer,Rep_Sara,0.1,162.0
30001035,100059,200005,1,2025-02-13,2025-02-15,Bank Transfer,Rep_Ahmed,0.1,44.1
30001036,100067,200001,3,2025-01-08,2025-01-15,Cash,Rep_Ahmed,0.0,3897.0
30001037,100087,200009,3,2025-06-24,2025-06-30,Cash,Rep_Ahmed,0.1,432.0
30001038,100059,200007,4,2025-03-24,2025-03-27,Cash,Rep_Omar,0.05,247.0
30001039,100007,200006,4,2025-06-19,2025-06-25,Credit Card,Rep_Sara,0.05,3796.2
30001040,100011,200007,5,2025-03-08,2025-03-12,Bank Transfer,Rep_Mariam,0.0,325.0
30001041,100077,200005,5,2025-01-16,2025-01-20,Bank Transfer,Rep_Omar,0.05,232.75
30001042,100080,200010,5,2024-09-30,2024-10-07,Credit Card,Rep_Omar,0.1,540.0
30001043,100020,200010,2,2025-03-26,2025-03-30,Mobile Wallet,Rep_Sara,0.1,216.0
30001044,100018,200008,4,2025-07-31,2025-08-05,Credit Card,Rep_Mariam,0.0,1280.0
30001045,100080,200010,5,2025-07-22,2025-07-23,Mobile Wallet,Rep_Mariam,0.1,540.0
30001046,100022,200005,4,2025-04-25,2025-04-26,Cash,Rep_Ahmed,0.05,186.2
30001047,100070,200004,5,2024-12-03,2024-12-05,Bank Transfer,Rep_Omar,0.05,1092.5
30001048,100038,200004,1,2024-11-05,2024-11-11,Cash,Rep_Sara,0.05,218.5
30001049,100066,200008,1,2025-06-25,2025-06-28,Cash,Rep_Mariam,0.05,304.0
30001050,100019,200003,4,2025-01-15,2025-01-18,Credit Card,Rep_Omar,0.1,648.0
30001051,100100,200004,3,2025-07-30,2025-07-31,Cash,Rep_Omar,0.0,690.0
30001052,100033,200003,1,2025-08-23,2025-08-30,Mobile Wallet,Rep_Ahmed,0.05,171.0
30001053,100020,200008,3,2025-03-29,2025-04-02,Bank Transfer,Rep_Omar,0.0,960.0
30001054,100056,200009,2,2025-06-22,2025-06-26,Credit Card,Rep_Omar,0.1,288.0
30001055,100025,200010,3,2025-01-04,2025-01-08,Bank Transfer,Rep_Omar,0.0,360.0
30001056,100008,200002,3,2024-10-17,2024-10-18,Cash,Rep_Sara,0.05,3417.15
30001057,100028,200003,3,2025-02-09,2025-02-16,Bank Transfer,Rep_Sara,0.1,486.0
30001058,100100,200010,4,2025-04-01,2025-04-07,Credit Card,Rep_Mariam,0.05,456.0
30001059,100045,200004,4,2024-10-02,2024-10-06,Mobile Wallet,Rep_Mariam,0.1,828.0
30001060,100060,200001,2,2024-12-19,2024-12-22,Bank Transfer,Rep_Ahmed,0.0,2598.0
30001061,100019,200004,3,2025-04-21,2025-04-26,Credit Card,Rep_Ahmed,0.05,655.5
30001062,100065,200009,5,2024-09-21,2024-09-23,Bank Transfer,Rep_Sara,0.1,720.0
30001063,100033,200009,1,2025-04-09,2025-04-16,Mobile Wallet,Rep_Omar,0.05,152.0
30001064,100033,200004,5,2025-08-31,2025-09-02,Mobile Wallet,Rep_Sara,0.1,1035.0
30001065,100074,200001,1,2025-08-13,2025-08-15,Cash,Rep_Mariam,0.1,1169.1
30001066,100043,200009,3,2025-03-12,2025-03-13,Cash,Rep_Omar,0.0,480.0
30001067,100029,200005,2,2025-08-14,2025-08-20,Bank Transfer,Rep_Omar,0.1,88.2
30001068,100047,200007,5,2024-11-15,2024-11-21,Credit Card,Rep_Omar,0.1,292.5
30001069,100094,200006,5,2024-10-30,2024-11-02,Credit Card,Rep_Mariam,0.0,4995.0
30001070,100016,200004,3,2025-02-10,2025-02-15,Credit Card,Rep_Omar,0.0,690.0
30001071,100055,200005,4,2025-01-11,2025-01-17,Mobile Wallet,Rep_Ahmed,0.0,196.0
30001072,100077,200007,4,2025-08-13,2025-08-15,Credit Card,Rep_Ahmed,0.05,247.0
30001073,100033,200008,4,2024-10-03,2024-10-08,Mobile Wallet,Rep_Omar,0.05,1216.0
30001074,100035,200005,5,2025-01-27,2025-01-31,Credit Card,Rep_Omar,0.1,220.5
30001075,100069,200006,3,2025-02-03,2025-02-08,Bank Transfer,Rep_Mariam,0.0,2997.0
30001076,100085,200004,2,2025-01-05,2025-01-12,Mobile Wallet,Rep_Omar,0.1,414.0
30001077,100023,200004,4,2025-03-20,2025-03-21,Cash,Rep_Omar,0.1,828.0
30001078,100065,200010,1,2025-03-28,2025-03-31,Cash,Rep_Omar,0.05,114.0
30001079,100070,200006,4,2025-04-27,2025-05-02,Bank Transfer,Rep_Sara,0.05,3796.2
30001080,100030,200002,1,2024-10-05,2024-10-10,Cash,Rep_Sara,0.05,1139.05
30001081,100025,200005,2,2025-04-27,2025-04-29,Cash,Rep_Mariam,0.1,88.2
30001082,100024,200008,2,2025-07-16,2025-07-19,Credit Card,Rep_Ahmed,0.1,576.0
30001083,100066,200006,3,2025-06-29,2025-07-03,Mobile Wallet,Rep_Ahmed,0.1,2697.3
30001084,100023,200007,3,2025-01-13,2025-01-20,Cash,Rep_Omar,0.1,175.5
30001085,100078,200008,5,2025-01-16,2025-01-22,Cash,Rep_Sara,0.0,1600.0
30001086,100051,200010,4,2025-01-30,2025-02-04,Mobile Wallet,Rep_Ahmed,0.05,456.0
30001087,100005,200003,5,2024-10-08,2024-10-15,Bank Transfer,Rep_Ahmed,0.1,810.0
30001088,100017,200007,3,2025-04-27,2025-05-02,Mobile Wallet,Rep_Mariam,0.0,195.0
30001089,100039,200009,4,2025-02-14,2025-02-16,Credit Card,Rep_Ahmed,0.05,608.0
30001090,100061,200002,1,2025-01-01,2025-01-04,Cash,Rep_Sara,0.05,1139.05
30001091,100089,200010,3,2025-09-14,2025-09-17,Cash,Rep_Mariam,0.0,360.0
30001092,100086,200006,2,2025-08-29,2025-09-03,Credit Card,Rep_Ahmed,0.0,1998.0
30001093,100050,200004,5,2025-03-16,2025-03-17,Bank Transfer,Rep_Omar,0.05,1092.5
30001094,100002,200002,1,2025-01-22,2025-01-25,Cash,Rep_Ahmed,0.1,1079.1
30001095,100037,200003,1,2025-06-04,2025-06-06,Cash,Rep_Ahmed,0.05,171.0
30001096,100060,200001,1,2025-04-25,2025-04-26,Bank Transfer,Rep_Mariam,0.1,1169.1
30001097,100009,200006,3,2025-02-11,2025-02-15,Mobile Wallet,Rep_Sara,0.1,2697.3
30001098,100062,200009,2,2025-07-26,2025-08-02,Bank Transfer,Rep_Sara,0.1,288.0
30001099,100018,200002,3,2024-11-19,2024-11-23,Mobile Wallet,Rep_Ahmed,0.0,3597.0
30001100,100025,200001,5,2024-11-02,2024-11-08,Mobile Wallet,Rep_Ahmed,0.0,6495.0
30001101,100018,200005,5,2025-02-22,2025-02-26,Credit Card,Rep_Omar,0.1,220.5
30001102,100019,200008,5,2024-12-28,2025-01-03,Mobile Wallet,Rep_Sara,0.0,1600.0
30001103,100041,200008,1,2025-05-18,2025-05-19,Cash,Rep_Mariam,0.05,304.0
30001104,100054,200006,5,2025-01-08,2025-01-10,Bank Transfer,Rep_Mariam,0.05,4745.25
30001105,100058,200001,4,2025-04-23,2025-04-26,Credit Card,Rep_Sara,0.0,5196.0
30001106,100042,200003,4,2025-03-26,2025-03-27,Bank Transfer,Rep_Omar,0.0,720.0
30001107,100085,200008,3,2025-04-17,2025-04-21,Cash,Rep_Sara,0.05,912.0
30001108,100057,200005,1,2025-01-19,2025-01-22,Bank Transfer,Rep_Omar,0.1,44.1
30001109,100041,200003,3,2024-10-31,2024-11-06,Credit Card,Rep_Ahmed,0.1,486.0
30001110,100072,200003,5,2024-10-14,2024-10-15,Bank Transfer,Rep_Mariam,0.05,855.0
30001111,100070,200005,3,2025-05-14,2025-05-15,Mobile Wallet,Rep_Omar,0.1,132.3
30001112,100044,200002,4,2025-04-09,2025-04-13,Bank Transfer,Rep_Ahmed,0.05,4556.2
30001113,100091,200009,3,2024-12-09,2024-12-15,Bank Transfer,Rep_Sara,0.0,480.0
30001114,100060,200007,1,2025-08-20,2025-08-21,Cash,Rep_Omar,0.05,61.75
30001115,100089,200002,3,2024-10-01,2024-10-08,Bank Transfer,Rep_Ahmed,0.0,3597.0
30001116,100066,200008,5,2025-02-13,2025-02-16,Credit Card,Rep_Ahmed,0.0,1600.0
30001117,100005,200005,3,2025-06-08,2025-06-14,Cash,Rep_Ahmed,0.05,139.65
30001118,100085,200005,3,2025-07-14,2025-07-15,Credit Card,Rep_Mariam,0.05,139.65
30001119,100096,200010,2,2025-04-03,2025-04-09,Credit Card,Rep_Sara,0.1,216.0
30001120,100036,200005,2,2025-02-01,2025-02-04,Cash,Rep_Ahmed,0.1,88.2
30001121,100046,200003,5,2025-08-04,2025-08-09,Cash,Rep_Omar,0.0,900.0
30001122,100009,200007,1,2025-07-24,2025-07-26,Credit Card,Rep_Ahmed,0.05,61.75
30001123,100077,200009,5,2025-03-06,2025-03-08,Credit Card,Rep_Ahmed,0.0,800.0
30001124,100031,200003,2,2025-01-10,2025-01-15,Credit Card,Rep_Mariam,0.1,324.0
30001125,100072,200007,3,2025-08-05,2025-08-06,Mobile Wallet,Rep_Sara,0.05,185.25
30001126,100047,200005,5,2025-05-04,2025-05-06,Credit Card,Rep_Mariam,0.05,232.75
30001127,100013,200001,1,2025-06-26,2025-07-01,Cash,Rep_Sara,0.05,1234.05
30001128,100018,200008,2,2025-03-01,2025-03-03,Mobile Wallet,Rep_Sara,0.05,608.0
30001129,100089,200008,5,2025-06-17,2025-06-23,Mobile Wallet,Rep_Mariam,0.1,1440.0
30001130,100084,200008,1,2025-02-14,2025-02-16,Bank Transfer,Rep_Ahmed,0.1,288.0
30001131,100025,200004,4,2025-07-02,2025-07-03,Cash,Rep_Omar,0.05,874.0
30001132,100052,200002,4,2025-07-05,2025-07-11,Credit Card,Rep_Mariam,0.0,4796.0
30001133,100070,200008,4,2025-05-08,2025-05-14,Mobile Wallet,Rep_Mariam,0.0,1280.0
30001134,100098,200009,3,2025-08-12,2025-08-13,Credit Card,Rep_Sara,0.1,432.0
30001135,100047,200007,4,2025-01-15,2025-01-18,Mobile Wallet,Rep_Mariam,0.0,260.0
30001136,100047,200008,3,2024-12-28,2025-01-04,Bank Transfer,Rep_Sara,0.05,912.0
30001137,100098,200006,4,2025-08-01,2025-08-02,Credit Card,Rep_Ahmed,0.1,3596.4
30001138,100006,200004,5,2025-08-22,2025-08-28,Mobile Wallet,Rep_Sara,0.05,1092.5
30001139,100051,200010,5,2025-05-23,2025-05-25,Mobile Wallet,Rep_Ahmed,0.05,570.0
30001140,100086,200001,5,2024-09-18,2024-09-24,Mobile Wallet,Rep_Ahmed,0.0,6495.0
30001141,100036,200004,4,2025-01-24,2025-01-26,Bank Transfer,Rep_Sara,0.1,828.0
30001142,100100,200004,1,2024-11-30,2024-12-06,Cash,Rep_Ahmed,0.05,218.5
30001143,100044,200006,5,2025-05-02,2025-05-08,Credit Card,Rep_Omar,0.0,4995.0
30001144,100047,200010,4,2024-10-17,2024-10-24,Credit Card,Rep_Sara,0.1,432.0
30001145,100015,200003,2,2024-12-08,2024-12-10,Credit Card,Rep_Omar,0.05,342.0
30001146,100100,200009,5,2025-09-15,2025-09-20,Credit Card,Rep_Mariam,0.1,720.0
30001147,100034,200007,1,2024-12-28,2025-01-04,Mobile Wallet,Rep_Ahmed,0.0,65.0
30001148,100094,200006,5,2025-05-02,2025-05-09,Bank Transfer,Rep_Sara,0.1,4495.5
30001149,100070,200009,5,2025-07-24,2025-07-26,Credit Card,Rep_Mariam,0.0,800.0
30001150,100088,200006,3,2025-04-26,2025-05-03,Cash,Rep_Ahmed,0.1,2697.3
30001151,100047,200010,5,2025-08-25,2025-08-26,Cash,Rep_Mariam,0.1,540.0
30001152,100082,200005,2,2025-06-06,2025-06-13,Cash,Rep_Sara,0.05,93.1
30001153,100074,200007,5,2025-05-08,2025-05-13,Mobile Wallet,Rep_Mariam,0.05,308.75
30001154,100022,200003,5,2025-06-01,2025-06-07,Mobile Wallet,Rep_Omar,0.1,810.0
30001155,100014,200010,2,2025-06-09,2025-06-16,Mobile Wallet,Rep_Omar,0.1,216.0
30001156,100078,200004,4,2025-09-10,2025-09-17,Mobile Wallet,Rep_Omar,0.05,874.0
30001157,100001,200009,4,2025-06-14,2025-06-18,Credit Card,Rep_Ahmed,0.05,608.0
30001158,100020,200005,2,2025-06-27,2025-07-02,Mobile Wallet,Rep_Ahmed,0.1,88.2
30001159,100064,200003,4,2024-10-16,2024-10-17,Mobile Wallet,Rep_Omar,0.05,684.0
30001160,100073,200006,4,2025-03-01,2025-03-02,Mobile Wallet,Rep_Sara,0.05,3796.2
30001161,100018,200006,4,2025-03-20,2025-03-26,Credit Card,Rep_Ahmed,0.0,3996.0
30001162,100049,200008,1,2025-02-01,2025-02-04,Bank Transfer,Rep_Ahmed,0.1,288.0
30001163,100087,200006,4,2025-01-21,2025-01-22,Bank Transfer,Rep_Mariam,0.05,3796.2
30001164,100069,200006,3,2025-09-10,2025-09-12,Mobile Wallet,Rep_Mariam,0.0,2997.0
30001165,100010,200010,2,2025-03-22,2025-03-24,Mobile Wallet,Rep_Sara,0.05,228.0
30001166,100096,200009,1,2025-09-10,2025-09-12,Bank Transfer,Rep_Ahmed,0.0,160.0
30001167,100060,200003,5,2025-02-04,2025-02-05,Credit Card,Rep_Omar,0.0,900.0
30001168,100016,200004,3,2025-08-10,2025-08-14,Cash,Rep_Mariam,0.05,655.5
30001169,100024,200008,5,2025-04-10,2025-04-16,Mobile Wallet,Rep_Ahmed,0.0,1600.0
30001170,100057,200005,1,2024-11-01,2024-11-08,Bank Transfer,Rep_Sara,0.05,46.55
30001171,100032,200006,5,2024-10-09,2024-10-16,Bank Transfer,Rep_Ahmed,0.0,4995.0
30001172,100010,200006,1,2024-10-25,2024-10-29,Credit Card,Rep_Sara,0.1,899.1
30001173,100070,200001,1,2025-04-19,2025-04-25,Cash,Rep_Mariam,0.1,1169.1
30001174,100053,200001,2,2024-11-05,2024-11-06,Credit Card,Rep_Ahmed,0.05,2468.1
30001175,100004,200003,3,2025-08-10,2025-08-14,Cash,Rep_Ahmed,0.1,486.0
30001176,100039,200002,2,2025-05-03,2025-05-10,Cash,Rep_Sara,0.0,2398.0
30001177,100058,200009,3,2025-01-02,2025-01-04,Mobile Wallet,Rep_Ahmed,0.1,432.0
30001178,100022,200010,1,2025-08-17,2025-08-22,Bank Transfer,Rep_Sara,0.1,108.0
30001179,100021,200009,1,2025-06-21,2025-06-22,Bank Transfer,Rep_Mariam,0.0,160.0
30001180,100033,200003,1,2024-10-13,2024-10-18,Credit Card,Rep_Omar,0.0,180.0
30001181,100042,200004,5,2024-12-12,2024-12-14,Cash,Rep_Ahmed,0.1,1035.0
30001182,100086,200008,4,2025-08-25,2025-08-26,Cash,Rep_Ahmed,0.1,1152.0
30001183,100029,200009,1,2024-10-16,2024-10-23,Mobile Wallet,Rep_Ahmed,0.1,144.0
30001184,100091,200004,4,2025-05-30,2025-06-05,Mobile Wallet,Rep_Mariam,0.0,920.0
30001185,100029,200001,2,2025-07-03,2025-07-05,Bank Transfer,Rep_Mariam,0.1,2338.2
30001186,100049,200005,4,2024-11-24,2024-11-29,Bank Transfer,Rep_Ahmed,0.1,176.4
30001187,100018,200006,5,2025-08-22,2025-08-24,Credit Card,Rep_Sara,0.05,4745.25
30001188,100041,200003,4,2025-01-03,2025-01-04,Cash,Rep_Ahmed,0.0,720.0
30001189,100011,200005,3,2024-12-10,2024-12-16,Mobile Wallet,Rep_Ahmed,0.05,139.65
30001190,100087,200010,4,2025-08-26,2025-09-01,Bank Transfer,Rep_Omar,0.1,432.0
30001191,100063,200004,1,2025-08-10,2025-08-14,Bank Transfer,Rep_Mariam,0.0,230.0
30001192,100057,200004,2,2025-03-06,2025-03-13,Credit Card,Rep_Omar,0.0,460.0
30001193,100096,200001,5,2025-03-26,2025-03-29,Credit Card,Rep_Omar,0.0,6495.0
30001194,100062,200001,3,2025-03-07,2025-03-10,Cash,Rep_Mariam,0.05,3702.15
30001195,100064,200006,4,2025-07-16,2025-07-20,Cash,Rep_Mariam,0.05,3796.2
30001196,100033,200009,1,2024-09-22,2024-09-28,Bank Transfer,Rep_Omar,0.0,160.0
30001197,100077,200001,1,2024-09-16,2024-09-23,Mobile Wallet,Rep_Omar,0.05,1234.05
30001198,100003,200006,4,2025-01-08,2025-01-10,Mobile Wallet,Rep_Mariam,0.05,3796.2
30001199,100079,200001,4,2024-12-25,2024-12-30,Mobile Wallet,Rep_Sara,0.0,5196.0
30001200,100005,200005,4,2025-03-30,2025-04-06,Mobile Wallet,Rep_Sara,0.1,176.4
30001201,100019,200007,2,2024-11-06,2024-11-12,Mobile Wallet,Rep_Ahmed,0.0,130.0
30001202,100089,200002,1,2024-10-16,2024-10-19,Mobile Wallet,Rep_Omar,0.0,1199.0
30001203,100016,200001,5,2025-01-29,2025-01-30,Bank Transfer,Rep_Omar,0.0,6495.0
30001204,100079,200010,1,2025-09-04,2025-09-11,Credit Card,Rep_Omar,0.1,108.0
30001205,100060,200010,5,2025-06-18,2025-06-20,Cash,Rep_Mariam,0.1,540.0
30001206,100033,200006,5,2024-10-16,2024-10-19,Bank Transfer,Rep_Mariam,0.1,4495.5
30001207,100086,200001,3,2024-10-30,2024-11-04,Mobile Wallet,Rep_Ahmed,0.1,3507.3
30001208,100047,200007,1,2025-04-24,2025-04-27,Bank Transfer,Rep_Sara,0.05,61.75
30001209,100032,200006,1,2025-05-20,2025-05-21,Credit Card,Rep_Mariam,0.1,899.1
30001210,100089,200009,4,2024-09-25,2024-10-02,Cash,Rep_Omar,0.1,576.0
30001211,100044,200001,5,2025-05-30,2025-06-02,Bank Transfer,Rep_Ahmed,0.0,6495.0
30001212,100096,200005,4,2025-03-02,2025-03-04,Cash,Rep_Mariam,0.0,196.0
30001213,100095,200004,5,2025-07-29,2025-07-30,Bank Transfer,Rep_Sara,0.1,1035.0
30001214,100039,200006,3,2024-12-13,2024-12-17,Mobile Wallet,Rep_Omar,0.0,2997.0
30001215,100081,200009,1,2025-06-21,2025-06-24,Bank Transfer,Rep_Mariam,0.0,160.0
30001216,100063,200001,2,2025-07-17,2025-07-24,Cash,Rep_Sara,0.05,2468.1
30001217,100043,200008,2,2025-07-28,2025-08-04,Cash,Rep_Omar,0.1,576.0
30001218,100049,200009,2,2025-01-13,2025-01-14,Bank Transfer,Rep_Ahmed,0.1,288.0
30001219,100035,200005,2,2024-12-20,2024-12-22,Mobile Wallet,Rep_Mariam,0.1,88.2
30001220,100037,200001,5,2025-01-23,2025-01-26,Credit Card,Rep_Sara,0.05,6170.25
30001221,100067,200010,3,2024-11-27,2024-11-30,Cash,Rep_Omar,0.05,342.0
30001222,100032,200004,4,2025-06-03,2025-06-08,Bank Transfer,Rep_Omar,0.05,874.0
30001223,100092,200002,4,2024-11-22,2024-11-24,Cash,Rep_Omar,0.0,4796.0
30001224,100084,200006,4,2025-01-29,2025-02-04,Cash,Rep_Mariam,0.1,3596.4
30001225,100045,200005,4,2025-03-15,2025-03-20,Mobile Wallet,Rep_Mariam,0.05,186.2
30001226,100028,200001,2,2025-07-28,2025-08-03,Credit Card,Rep_Ahmed,0.1,2338.2
30001227,100042,200006,2,2025-09-02,2025-09-03,Mobile Wallet,Rep_Ahmed,0.1,1798.2
30001228,100082,200006,5,2025-01-27,2025-02-03,Bank Transfer,Rep_Sara,0.05,4745.25
30001229,100092,200004,4,2025-05-08,2025-05-09,Credit Card,Rep_Omar,0.0,920.0
30001230,100090,200001,5,2025-05-31,2025-06-06,Cash,Rep_Mariam,0.05,6170.25
30001231,100091,200004,1,2025-01-06,2025-01-12,Cash,Rep_Sara,0.0,230.0
30001232,100052,200003,3,2025-04-01,2025-04-02,Credit Card,Rep_Omar,0.1,486.0
30001233,100010,200002,1,2025-07-03,2025-07-07,Credit Card,Rep_Omar,0.0,1199.0
30001234,100079,200006,4,2025-07-07,2025-07-09,Credit Card,Rep_Mariam,0.0,3996.0
30001235,100078,200008,1,2024-10-04,2024-10-08,Bank Transfer,Rep_Mariam,0.05,304.0
30001236,100016,200007,3,2024-12-27,2024-12-28,Mobile Wallet,Rep_Omar,0.1,175.5
30001237,100017,200003,1,2025-02-04,2025-02-08,Bank Transfer,Rep_Ahmed,0.05,171.0
30001238,100080,200009,4,2025-04-21,2025-04-22,Bank Transfer,Rep_Mariam,0.0,640.0
30001239,100074,200009,1,2025-05-31,2025-06-03,Bank Transfer,Rep_Mariam,0.0,160.0
30001240,100099,200009,1,2025-03-28,2025-04-02,Bank Transfer,Rep_Ahmed,0.1,144.0
30001241,100077,200007,4,2025-06-21,2025-06-23,Credit Card,Rep_Sara,0.05,247.0
30001242,100087,200003,3,2025-05-15,2025-05-18,Credit Card,Rep_Mariam,0.1,486.0
30001243,100011,200001,2,2024-11-20,2024-11-24,Bank Transfer,Rep_Mariam,0.1,2338.2
30001244,100088,200001,3,2025-08-25,2025-09-01,Bank Transfer,Rep_Omar,0.1,3507.3
30001245,100033,200007,4,2025-05-25,2025-05-31,Mobile Wallet,Rep_Omar,0.05,247.0
30001246,100043,200004,4,2024-11-22,2024-11-29,Bank Transfer,Rep_Sara,0.1,828.0
30001247,100053,200010,1,2024-09-23,2024-09-29,Bank Transfer,Rep_Sara,0.1,108.0
30001248,100100,200007,5,2025-01-02,2025-01-05,Credit Card,Rep_Omar,0.05,308.75
30001249,100054,200005,4,2025-07-14,2025-07-21,Credit Card,Rep_Sara,0.05,186.2
30001250,100005,200010,2,2024-12-10,2024-12-14,Credit Card,Rep_Omar,0.1,216.0
30001251,100020,200009,4,2025-05-03,2025-05-06,Bank Transfer,Rep_Ahmed,0.1,576.0
30001252,100094,200009,1,2024-12-22,2024-12-23,Bank Transfer,Rep_Omar,0.0,160.0
30001253,100097,200004,2,2025-03-23,2025-03-24,Cash,Rep_Sara,0.05,437.0
30001254,100096,200004,5,2024-12-28,2025-01-02,Cash,Rep_Ahmed,0.05,1092.5
30001255,100046,200010,3,2025-03-24,2025-03-30,Bank Transfer,Rep_Ahmed,0.0,360.0
30001256,100004,200009,3,2025-03-28,2025-03-30,Mobile Wallet,Rep_Ahmed,0.1,432.0
30001257,100063,200008,5,2025-03-09,2025-03-15,Credit Card,Rep_Mariam,0.1,1440.0
30001258,100029,200001,3,2024-09-25,2024-10-01,Mobile Wallet,Rep_Omar,0.05,3702.15
30001259,100033,200004,2,2025-03-09,2025-03-13,Credit Card,Rep_Sara,0.1,414.0
30001260,100039,200009,3,2025-05-05,2025-05-11,Mobile Wallet,Rep_Ahmed,0.0,480.0
30001261,100093,200005,2,2025-04-11,2025-04-12,Mobile Wallet,Rep_Ahmed,0.0,98.0
30001262,100091,200001,5,2025-06-17,2025-06-22,Bank Transfer,Rep_Ahmed,0.05,6170.25
30001263,100081,200003,5,2025-02-11,2025-02-13,Bank Transfer,Rep_Ahmed,0.0,900.0
30001264,100078,200001,4,2025-01-08,2025-01-10,Cash,Rep_Sara,0.05,4936.2
30001265,100079,200001,2,2025-01-14,2025-01-15,Bank Transfer,Rep_Omar,0.0,2598.0
30001266,100075,200005,4,2025-07-27,2025-07-28,Bank Transfer,Rep_Sara,0.05,186.2
30001267,100051,200006,5,2025-07-16,2025-07-20,Bank Transfer,Rep_Ahmed,0.0,4995.0
30001268,100059,200003,1,2025-06-15,2025-06-21,Credit Card,Rep_Ahmed,0.05,171.0
30001269,100079,200003,3,2025-08-28,2025-09-04,Credit Card,Rep_Ahmed,0.05,513.0
30001270,100022,200007,1,2025-08-07,2025-08-14,Credit Card,Rep_Sara,0.0,65.0
30001271,100056,200009,4,2025-06-22,2025-06-23,Bank Transfer,Rep_Mariam,0.1,576.0
30001272,100019,200001,5,2025-05-01,2025-05-08,Credit Card,Rep_Omar,0.1,5845.5
30001273,100061,200010,5,2025-04-30,2025-05-02,Credit Card,Rep_Mariam,0.0,600.0
30001274,100088,200005,2,2025-03-18,2025-03-24,Cash,Rep_Omar,0.1,88.2
30001275,100063,200002,5,2024-10-11,2024-10-18,Credit Card,Rep_Mariam,0.05,5695.25
30001276,100019,200007,5,2025-01-25,2025-01-30,Bank Transfer,Rep_Mariam,0.05,308.75
30001277,100007,200006,2,2025-07-22,2025-07-25,Cash,Rep_Ahmed,0.05,1898.1
30001278,100065,200007,2,2025-08-29,2025-08-30,Mobile Wallet,Rep_Omar,0.1,117.0
30001279,100100,200006,2,2025-01-02,2025-01-09,Bank Transfer,Rep_Ahmed,0.05,1898.1
30001280,100066,200005,2,2025-03-14,2025-03-20,Mobile Wallet,Rep_Omar,0.05,93.1
30001281,100095,200001,3,2025-06-17,2025-06-22,Credit Card,Rep_Ahmed,0.0,3897.0
30001282,100079,200010,2,2025-08-07,2025-08-09,Bank Transfer,Rep_Sara,0.05,228.0
30001283,100057,200006,1,2025-04-22,2025-04-27,Cash,Rep_Ahmed,0.0,999.0
30001284,100064,200007,5,2025-07-31,2025-08-05,Cash,Rep_Ahmed,0.05,308.75
30001285,100032,200005,3,2024-12-19,2024-12-21,Mobile Wallet,Rep_Sara,0.1,132.3
30001286,100058,200005,3,2025-05-27,2025-05-28,Cash,Rep_Ahmed,0.05,139.65
30001287,100046,200009,4,2024-11-19,2024-11-26,Cash,Rep_Omar,0.1,576.0
30001288,100022,200001,5,2025-05-24,2025-05-26,Cash,Rep_Mariam,0.05,6170.25
30001289,100082,200008,3,2025-03-02,2025-03-06,Mobile Wallet,Rep_Ahmed,0.0,960.0
30001290,100053,200001,5,2025-08-17,2025-08-23,Credit Card,Rep_Sara,0.0,6495.0
30001291,100070,200008,4,2025-08-20,2025-08-24,Credit Card,Rep_Mariam,0.05,1216.0
30001292,100004,200003,1,2025-04-01,2025-04-07,Credit Card,Rep_Mariam,0.0,180.0
30001293,100013,200004,5,2025-07-22,2025-07-26,Cash,Rep_Sara,0.0,1150.0
30001294,100060,200009,4,2025-08-27,2025-08-28,Credit Card,Rep_Omar,0.1,576.0
30001295,100073,200010,5,2025-07-22,2025-07-26,Bank Transfer,Rep_Ahmed,0.0,600.0
30001296,100074,200009,2,2025-03-03,2025-03-07,Credit Card,Rep_Mariam,0.05,304.0
30001297,100033,200002,4,2025-08-14,2025-08-20,Mobile Wallet,Rep_Sara,0.0,4796.0
30001298,100085,200002,5,2024-10-05,2024-10-08,Bank Transfer,Rep_Sara,0.05,5695.25
30001299,100095,200005,5,2025-07-17,2025-07-21,Credit Card,Rep_Sara,0.05,232.75
30001300,100098,200010,2,2025-04-23,2025-04-28,Credit Card,Rep_Omar,0.0,240.0
30001301,100039,200010,5,2024-12-03,2024-12-05,Cash,Rep_Ahmed,0.05,570.0
30001302,100063,200002,4,2024-11-21,2024-11-23,Bank Transfer,Rep_Ahmed,0.0,4796.0
30001303,100018,200009,1,2024-12-03,2024-12-07,Cash,Rep_Ahmed,0.0,160.0
30001304,100005,200010,2,2025-08-19,2025-08-26,Cash,Rep_Mariam,0.05,228.0
30001305,100026,200005,1,2024-12-20,2024-12-23,Cash,Rep_Mariam,0.1,44.1
30001306,100086,200005,5,2025-08-08,2025-08-11,Bank Transfer,Rep_Sara,0.0,245.0
30001307,100058,200010,4,2025-07-14,2025-07-16,Bank Transfer,Rep_Ahmed,0.0,480.0
30001308,100042,200010,4,2024-10-28,2024-11-02,Credit Card,Rep_Sara,0.1,432.0
30001309,100028,200006,3,2024-11-16,2024-11-22,Cash,Rep_Sara,0.1,2697.3
30001310,100043,200009,4,2024-10-19,2024-10-24,Cash,Rep_Mariam,0.1,576.0
30001311,100024,200003,4,2025-09-11,2025-09-18,Bank Transfer,Rep_Mariam,0.0,720.0
30001312,100077,200003,3,2025-07-09,2025-07-15,Credit Card,Rep_Ahmed,0.0,540.0
30001313,100082,200001,3,2025-07-11,2025-07-14,Credit Card,Rep_Omar,0.1,3507.3
30001314,100069,200009,2,2024-10-07,2024-10-09,Cash,Rep_Mariam,0.1,288.0
30001315,100003,200009,4,2024-11-23,2024-11-24,Credit Card,Rep_Sara,0.0,640.0
30001316,100012,200006,4,2025-08-24,2025-08-26,Bank Transfer,Rep_Mariam,0.1,3596.4
30001317,100017,200003,2,2025-06-29,2025-07-03,Bank Transfer,Rep_Mariam,0.0,360.0
30001318,100078,200003,4,2025-02-21,2025-02-25,Mobile Wallet,Rep_Ahmed,0.1,648.0
30001319,100010,200010,4,2024-10-05,2024-10-11,Mobile Wallet,Rep_Sara,0.1,432.0
30001320,100078,200006,5,2025-04-28,2025-05-01,Cash,Rep_Sara,0.1,4495.5
30001321,100096,200003,3,2025-02-22,2025-02-26,Bank Transfer,Rep_Mariam,0.0,540.0
30001322,100047,200008,5,2025-03-12,2025-03-14,Cash,Rep_Omar,0.0,1600.0
30001323,100021,200010,2,2025-08-10,2025-08-15,Cash,Rep_Ahmed,0.0,240.0
30001324,100100,200009,2,2025-04-02,2025-04-05,Bank Transfer,Rep_Ahmed,0.0,320.0
30001325,100046,200006,3,2024-09-21,2024-09-24,Mobile Wallet,Rep_Ahmed,0.05,2847.15
30001326,100085,200010,3,2025-03-22,2025-03-24,Cash,Rep_Mariam,0.05,342.0
30001327,100091,200005,3,2025-03-23,2025-03-26,Mobile Wallet,Rep_Mariam,0.05,139.65
30001328,100095,200009,5,2025-02-17,2025-02-21,Credit Card,Rep_Omar,0.1,720.0
30001329,100008,200007,3,2025-02-20,2025-02-27,Credit Card,Rep_Ahmed,0.0,195.0
30001330,100033,200004,1,2024-12-10,2024-12-14,Cash,Rep_Sara,0.05,218.5
30001331,100072,200010,3,2025-03-23,2025-03-25,Bank Transfer,Rep_Omar,0.0,360.0
30001332,100027,200010,2,2024-11-14,2024-11-17,Cash,Rep_Ahmed,0.05,228.0
30001333,100030,200007,3,2025-04-29,2025-05-03,Credit Card,Rep_Sara,0.1,175.5
30001334,100046,200005,3,2025-05-12,2025-05-14,Mobile Wallet,Rep_Sara,0.0,147.0
30001335,100041,200007,4,2024-12-27,2025-01-03,Cash,Rep_Mariam,0.05,247.0
30001336,100071,200010,3,2024-12-21,2024-12-28,Cash,Rep_Mariam,0.05,342.0
30001337,100038,200004,5,2025-03-22,2025-03-23,Bank Transfer,Rep_Ahmed,0.0,1150.0
30001338,100031,200008,4,2025-07-12,2025-07-17,Cash,Rep_Ahmed,0.0,1280.0
30001339,100095,200009,2,2025-06-04,2025-06-11,Cash,Rep_Ahmed,0.05,304.0
30001340,100065,200008,1,2025-02-05,2025-02-10,Bank Transfer,Rep_Omar,0.0,320.0
30001341,100083,200006,1,2025-04-23,2025-04-25,Bank Transfer,Rep_Sara,0.05,949.05
30001342,100040,200010,2,2024-11-10,2024-11-17,Mobile Wallet,Rep_Sara,0.0,240.0
30001343,100008,200005,1,2025-05-20,2025-05-24,Credit Card,Rep_Ahmed,0.05,46.55
30001344,100076,200006,2,2025-08-22,2025-08-28,Credit Card,Rep_Ahmed,0.1,1798.2
30001345,100031,200004,1,2025-03-10,2025-03-15,Mobile Wallet,Rep_Omar,0.05,218.5
30001346,100062,200007,5,2025-01-02,2025-01-04,Bank Transfer,Rep_Sara,0.05,308.75
30001347,100019,200003,3,2025-03-03,2025-03-07,Bank Transfer,Rep_Mariam,0.05,513.0
30001348,100056,200004,5,2025-03-22,2025-03-24,Mobile Wallet,Rep_Sara,0.0,1150.0
30001349,100088,200004,2,2025-09-10,2025-09-16,Cash,Rep_Sara,0.05,437.0
30001350,100036,200005,5,2025-09-15,2025-09-22,Bank Transfer,Rep_Mariam,0.1,220.5
30001351,100039,200004,4,2025-03-26,2025-03-29,Cash,Rep_Sara,0.0,920.0
30001352,100024,200010,4,2025-03-18,2025-03-23,Mobile Wallet,Rep_Sara,0.05,456.0
30001353,100092,200004,1,2025-03-13,2025-03-17,Mobile Wallet,Rep_Sara,0.05,218.5
30001354,100051,200006,1,2025-08-13,2025-08-20,Bank Transfer,Rep_Sara,0.05,949.05
30001355,100082,200007,2,2025-01-25,2025-02-01,Credit Card,Rep_Mariam,0.1,117.0
30001356,100039,200004,3,2025-04-23,2025-04-25,Mobile Wallet,Rep_Ahmed,0.0,690.0
30001357,100045,200008,3,2024-10-21,2024-10-26,Cash,Rep_Omar,0.1,864.0
30001358,100047,200002,3,2025-02-15,2025-02-20,Bank Transfer,Rep_Sara,0.1,3237.3
30001359,100060,200006,5,2024-12-22,2024-12-27,Credit Card,Rep_Sara,0.1,4495.5
30001360,100033,200004,5,2025-03-15,2025-03-18,Credit Card,Rep_Omar,0.0,1150.0
30001361,100050,200010,3,2025-02-24,2025-02-26,Mobile Wallet,Rep_Sara,0.1,324.0
30001362,100038,200010,2,2025-08-15,2025-08-18,Credit Card,Rep_Ahmed,0.05,228.0
30001363,100061,200003,1,2025-06-11,2025-06-12,Credit Card,Rep_Ahmed,0.0,180.0
30001364,100031,200006,3,2024-12-02,2024-12-04,Cash,Rep_Ahmed,0.1,2697.3
30001365,100050,200006,4,2025-05-20,2025-05-22,Bank Transfer,Rep_Sara,0.0,3996.0
30001366,100028,200005,4,2025-01-04,2025-01-11,Cash,Rep_Ahmed,0.05,186.2
30001367,100086,200003,1,2025-07-05,2025-07-09,Mobile Wallet,Rep_Ahmed,0.0,180.0
30001368,100039,200008,5,2025-06-09,2025-06-11,Cash,Rep_Omar,0.1,1440.0
30001369,100004,200005,5,2025-07-14,2025-07-15,Mobile Wallet,Rep_Sara,0.0,245.0
30001370,100021,200009,2,2024-12-02,2024-12-05,Credit Card,Rep_Mariam,0.0,320.0
30001371,100076,200008,4,2025-09-10,2025-09-16,Bank Transfer,Rep_Ahmed,0.05,1216.0
30001372,100030,200002,4,2025-05-28,2025-06-01,Bank Transfer,Rep_Sara,0.1,4316.4
30001373,100020,200007,1,2025-03-23,2025-03-26,Bank Transfer,Rep_Omar,0.05,61.75
30001374,100091,200007,3,2025-05-02,2025-05-04,Cash,Rep_Mariam,0.0,195.0
30001375,100078,200005,1,2025-01-05,2025-01-11,Mobile Wallet,Rep_Sara,0.0,49.0
30001376,100084,200003,2,2024-12-16,2024-12-18,Cash,Rep_Ahmed,0.05,342.0
30001377,100009,200003,4,2025-06-24,2025-06-25,Credit Card,Rep_Ahmed,0.0,720.0
30001378,100067,200006,2,2025-06-15,2025-06-18,Mobile Wallet,Rep_Sara,0.1,1798.2
30001379,100099,200008,4,2024-10-21,2024-10-26,Cash,Rep_Mariam,0.1,1152.0
30001380,100051,200008,3,2025-01-28,2025-01-29,Mobile Wallet,Rep_Mariam,0.1,864.0
30001381,100048,200003,4,2025-05-21,2025-05-26,Cash,Rep_Mariam,0.0,720.0
30001382,100027,200002,1,2024-12-02,2024-12-04,Credit Card,Rep_Sara,0.05,1139.05
30001383,100046,200010,4,2025-06-15,2025-06-21,Credit Card,Rep_Ahmed,0.0,480.0
30001384,100067,200007,4,2025-05-10,2025-05-11,Mobile Wallet,Rep_Omar,0.1,234.0
30001385,100017,200007,1,2024-11-30,2024-12-06,Bank Transfer,Rep_Omar,0.1,58.5
30001386,100067,200010,4,2025-01-11,2025-01-14,Mobile Wallet,Rep_Sara,0.05,456.0
30001387,100006,200007,3,2025-07-26,2025-07-28,Bank Transfer,Rep_Mariam,0.05,185.25
30001388,100073,200004,2,2024-11-06,2024-11-08,Credit Card,Rep_Sara,0.0,460.0
30001389,100081,200003,3,2025-03-15,2025-03-16,Mobile Wallet,Rep_Sara,0.05,513.0
30001390,100081,200002,3,2024-11-14,2024-11-19,Bank Transfer,Rep_Omar,0.1,3237.3
30001391,100027,200005,1,2024-10-21,2024-10-22,Mobile Wallet,Rep_Omar,0.0,49.0
30001392,100048,200007,2,2024-10-16,2024-10-19,Mobile Wallet,Rep_Omar,0.05,123.5
30001393,100052,200010,3,2024-10-23,2024-10-26,Credit Card,Rep_Sara,0.0,360.0
30001394,100088,200002,4,2024-10-14,2024-10-18,Bank Transfer,Rep_Ahmed,0.0,4796.0
30001395,100012,200006,5,2025-08-28,2025-09-02,Cash,Rep_Omar,0.1,4495.5
30001396,100046,200002,3,2025-05-26,2025-05-29,Cash,Rep_Ahmed,0.1,3237.3
30001397,100058,200004,3,2025-06-24,2025-06-29,Bank Transfer,Rep_Omar,0.05,655.5
30001398,100009,200002,5,2025-02-28,2025-03-05,Cash,Rep_Sara,0.0,5995.0
30001399,100086,200010,4,2024-12-24,2024-12-26,Bank Transfer,Rep_Mariam,0.1,432.0
30001400,100063,200002,5,2025-08-03,2025-08-05,Mobile Wallet,Rep_Omar,0.0,5995.0
30001401,100027,200002,3,2024-11-23,2024-11-24,Credit Card,Rep_Sara,0.05,3417.15
30001402,100043,200002,3,2025-07-02,2025-07-05,Credit Card,Rep_Ahmed,0.1,3237.3
30001403,100007,200006,3,2024-10-29,2024-10-30,Bank Transfer,Rep_Omar,0.1,2697.3
30001404,100091,200006,1,2025-03-06,2025-03-12,Credit Card,Rep_Omar,0.1,899.1
30001405,100057,200005,4,2025-05-27,2025-05-28,Bank Transfer,Rep_Ahmed,0.1,176.4
30001406,100028,200010,4,2024-11-05,2024-11-11,Cash,Rep_Sara,0.0,480.0
30001407,100099,200010,4,2024-11-15,2024-11-19,Bank Transfer,Rep_Mariam,0.1,432.0
30001408,100091,200006,4,2025-01-04,2025-01-08,Mobile Wallet,Rep_Ahmed,0.05,3796.2
30001409,100016,200009,1,2024-10-30,2024-11-05,Credit Card,Rep_Omar,0.05,152.0
30001410,100014,200009,5,2025-06-09,2025-06-11,Credit Card,Rep_Sara,0.05,760.0
30001411,100081,200001,1,2025-08-26,2025-08-28,Bank Transfer,Rep_Mariam,0.05,1234.05
30001412,100032,200005,4,2025-04-26,2025-04-27,Credit Card,Rep_Ahmed,0.0,196.0
30001413,100037,200001,4,2025-06-19,2025-06-21,Mobile Wallet,Rep_Omar,0.0,5196.0
30001414,100088,200005,2,2025-03-09,2025-03-13,Cash,Rep_Sara,0.0,98.0
30001415,100077,200001,4,2025-01-01,2025-01-06,Mobile Wallet,Rep_Sara,0.0,5196.0
30001416,100023,200006,1,2025-03-24,2025-03-31,Mobile Wallet,Rep_Omar,0.05,949.05
30001417,100019,200004,2,2025-06-12,2025-06-18,Bank Transfer,Rep_Omar,0.05,437.0
30001418,100023,200009,4,2024-10-31,2024-11-04,Bank Transfer,Rep_Mariam,0.1,576.0
30001419,100044,200006,4,2025-01-17,2025-01-18,Credit Card,Rep_Ahmed,0.0,3996.0
30001420,100081,200005,3,2025-05-31,2025-06-07,Credit Card,Rep_Sara,0.1,132.3
30001421,100050,200006,3,2024-11-29,2024-12-02,Mobile Wallet,Rep_Omar,0.1,2697.3
30001422,100021,200006,5,2025-08-15,2025-08-16,Bank Transfer,Rep_Mariam,0.05,4745.25
30001423,100088,200003,5,2025-01-19,2025-01-25,Cash,Rep_Ahmed,0.1,810.0
30001424,100020,200004,5,2024-12-17,2024-12-18,Credit Card,Rep_Omar,0.05,1092.5
30001425,100008,200001,1,2024-11-12,2024-11-14,Credit Card,Rep_Mariam,0.1,1169.1
30001426,100042,200010,5,2024-10-25,2024-10-26,Mobile Wallet,Rep_Sara,0.0,600.0
30001427,100029,200003,3,2025-04-28,2025-04-30,Mobile Wallet,Rep_Sara,0.1,486.0
30001428,100039,200001,3,2025-05-14,2025-05-21,Credit Card,Rep_Mariam,0.05,3702.15
30001429,100097,200008,3,2025-02-10,2025-02-14,Credit Card,Rep_Ahmed,0.1,864.0
30001430,100030,200003,1,2025-05-10,2025-05-17,Mobile Wallet,Rep_Ahmed,0.05,171.0
30001431,100003,200002,2,2025-04-03,2025-04-04,Cash,Rep_Ahmed,0.0,2398.0
30001432,100061,200003,4,2025-02-05,2025-02-09,Bank Transfer,Rep_Mariam,0.0,720.0
30001433,100040,200004,2,2024-11-05,2024-11-07,Credit Card,Rep_Omar,0.0,460.0
30001434,100002,200010,4,2024-12-12,2024-12-17,Cash,Rep_Sara,0.05,456.0
30001435,100029,200005,4,2024-12-01,2024-12-06,Credit Card,Rep_Ahmed,0.05,186.2
30001436,100067,200009,4,2025-01-29,2025-01-30,Bank Transfer,Rep_Sara,0.05,608.0
30001437,100067,200003,5,2025-06-16,2025-06-22,Bank Transfer,Rep_Sara,0.1,810.0
30001438,100004,200005,5,2025-04-06,2025-04-09,Mobile Wallet,Rep_Sara,0.1,220.5
30001439,100083,200004,3,2025-02-26,2025-03-03,Credit Card,Rep_Omar,0.05,655.5
30001440,100049,200009,4,2025-04-27,2025-05-03,Bank Transfer,Rep_Ahmed,0.1,576.0
30001441,100065,200005,5,2024-10-30,2024-11-03,Credit Card,Rep_Mariam,0.05,232.75
30001442,100062,200003,3,2025-09-16,2025-09-23,Mobile Wallet,Rep_Ahmed,0.0,540.0
30001443,100072,200008,5,2024-12-27,2025-01-01,Mobile Wallet,Rep_Sara,0.1,1440.0
30001444,100035,200008,2,2025-01-15,2025-01-16,Credit Card,Rep_Omar,0.0,640.0
30001445,100096,200005,3,2024-11-28,2024-12-04,Mobile Wallet,Rep_Ahmed,0.1,132.3
30001446,100006,200008,1,2025-04-24,2025-04-28,Cash,Rep_Omar,0.0,320.0
30001447,100011,200003,5,2025-01-19,2025-01-22,Credit Card,Rep_Mariam,0.05,855.0
30001448,100090,200002,1,2025-04-19,2025-04-20,Bank Transfer,Rep_Mariam,0.05,1139.05
30001449,100096,200001,5,2025-03-04,2025-03-06,Mobile Wallet,Rep_Mariam,0.05,6170.25
30001450,100010,200002,2,2025-08-27,2025-08-29,Credit Card,Rep_Mariam,0.1,2158.2
30001451,100089,200005,1,2025-06-04,2025-06-11,Mobile Wallet,Rep_Omar,0.0,49.0
30001452,100005,200002,3,2025-01-23,2025-01-30,Credit Card,Rep_Omar,0.05,3417.15
30001453,100056,200006,4,2025-08-27,2025-09-03,Credit Card,Rep_Omar,0.1,3596.4
30001454,100056,200009,5,2025-04-19,2025-04-22,Mobile Wallet,Rep_Mariam,0.1,720.0
30001455,100046,200009,5,2025-07-29,2025-07-30,Credit Card,Rep_Mariam,0.0,800.0
30001456,100060,200001,5,2025-03-15,2025-03-16,Bank Transfer,Rep_Omar,0.05,6170.25
30001457,100086,200003,3,2025-01-17,2025-01-24,Cash,Rep_Omar,0.0,540.0
30001458,100023,200009,1,2025-01-09,2025-01-10,Mobile Wallet,Rep_Mariam,0.1,144.0
30001459,100028,200008,2,2025-04-03,2025-04-06,Cash,Rep_Omar,0.05,608.0
30001460,100012,200004,1,2025-06-02,2025-06-09,Cash,Rep_Sara,0.1,207.0
30001461,100087,200007,3,2025-09-06,2025-09-13,Mobile Wallet,Rep_Ahmed,0.0,195.0
30001462,100035,200004,4,2025-08-31,2025-09-05,Cash,Rep_Mariam,0.0,920.0
30001463,100075,200006,2,2024-09-29,2024-10-03,Cash,Rep_Mariam,0.1,1798.2
30001464,100027,200007,2,2024-11-23,2024-11-27,Bank Transfer,Rep_Ahmed,0.1,117.0
30001465,100076,200008,5,2025-02-11,2025-02-14,Mobile Wallet,Rep_Mariam,0.05,1520.0
30001466,100087,200006,2,2025-09-09,2025-09-12,Cash,Rep_Sara,0.0,1998.0
30001467,100020,200005,5,2025-06-28,2025-06-29,Credit Card,Rep_Ahmed,0.1,220.5
30001468,100049,200009,2,2025-06-26,2025-06-29,Mobile Wallet,Rep_Sara,0.0,320.0
30001469,100091,200009,4,2025-01-21,2025-01-26,Mobile Wallet,Rep_Ahmed,0.0,640.0
30001470,100019,200001,4,2025-01-02,2025-01-04,Bank Transfer,Rep_Sara,0.05,4936.2
30001471,100085,200009,3,2025-04-14,2025-04-17,Credit Card,Rep_Ahmed,0.0,480.0
30001472,100051,200007,4,2025-03-04,2025-03-06,Bank Transfer,Rep_Omar,0.1,234.0
30001473,100035,200004,3,2025-04-07,2025-04-09,Bank Transfer,Rep_Omar,0.1,621.0
30001474,100009,200009,3,2024-11-27,2024-12-02,Bank Transfer,Rep_Ahmed,0.1,432.0
30001475,100028,200003,1,2025-02-13,2025-02-14,Cash,Rep_Sara,0.1,162.0
30001476,100002,200004,5,2025-06-06,2025-06-11,Credit Card,Rep_Sara,0.05,1092.5
30001477,100008,200003,2,2025-07-01,2025-07-08,Cash,Rep_Sara,0.1,324.0
30001478,100017,200009,4,2025-02-09,2025-02-14,Bank Transfer,Rep_Sara,0.05,608.0
30001479,100069,200007,1,2024-12-16,2024-12-17,Cash,Rep_Ahmed,0.0,65.0
30001480,100018,200004,3,2025-07-25,2025-07-27,Cash,Rep_Sara,0.05,655.5
30001481,100059,200009,5,2024-12-13,2024-12-19,Cash,Rep_Omar,0.1,720.0
30001482,100038,200008,1,2025-02-24,2025-02-27,Bank Transfer,Rep_Mariam,0.1,288.0
30001483,100007,200006,1,2025-01-30,2025-02-03,Cash,Rep_Ahmed,0.1,899.1
30001484,100023,200009,2,2024-10-14,2024-10-17,Bank Transfer,Rep_Mariam,0.05,304.0
30001485,100067,200007,3,2024-12-21,2024-12-22,Cash,Rep_Omar,0.05,185.25
30001486,100003,200008,3,2024-10-06,2024-10-08,Cash,Rep_Omar,0.1,864.0
30001487,100074,200006,2,2024-09-24,2024-09-28,Mobile Wallet,Rep_Sara,0.0,1998.0
30001488,100054,200009,5,2024-09-29,2024-10-06,Mobile Wallet,Rep_Mariam,0.05,760.0
30001489,100085,200001,4,2025-07-31,2025-08-05,Credit Card,Rep_Sara,0.0,5196.0
30001490,100060,200003,4,2025-04-28,2025-05-05,Cash,Rep_Sara,0.1,648.0
30001491,100051,200001,4,2025-01-21,2025-01-28,Credit Card,Rep_Ahmed,0.05,4936.2
30001492,100040,200001,3,2024-10-15,2024-10-18,Cash,Rep_Sara,0.0,3897.0
30001493,100014,200007,5,2024-11-15,2024-11-18,Mobile Wallet,Rep_Ahmed,0.1,292.5
30001494,100068,200006,2,2024-09-16,2024-09-23,Bank Transfer,Rep_Ahmed,0.05,1898.1
30001495,100046,200009,1,2024-12-27,2025-01-03,Cash,Rep_Mariam,0.0,160.0
30001496,100075,200009,4,2025-08-11,2025-08-15,Cash,Rep_Sara,0.0,640.0
30001497,100064,200003,4,2025-08-10,2025-08-13,Bank Transfer,Rep_Omar,0.05,684.0
30001498,100072,200002,4,2025-01-25,2025-01-31,Bank Transfer,Rep_Mariam,0.1,4316.4
30001499,100064,200002,2,2025-08-23,2025-08-26,Mobile Wallet,Rep_Mariam,0.1,2158.2
30001500,100004,200006,5,2025-05-02,2025-05-09,Mobile Wallet,Rep_Ahmed,0.05,4745.25
30001501,100012,200004,2,2025-04-10,2025-04-11,Credit Card,Rep_Ahmed,0.05,437.0
30001502,100092,200002,3,2024-10-12,2024-10-17,Mobile Wallet,Rep_Omar,0.05,3417.15
30001503,100035,200003,4,2025-02-26,2025-03-02,Credit Card,Rep_Ahmed,0.1,648.0
30001504,100099,200005,3,2025-06-09,2025-06-14,Mobile Wallet,Rep_Omar,0.1,132.3
30001505,100038,200001,1,2025-01-02,2025-01-06,Credit Card,Rep_Ahmed,0.1,1169.1
30001506,100046,200005,3,2025-08-11,2025-08-17,Bank Transfer,Rep_Sara,0.1,132.3
30001507,100046,200010,2,2024-11-02,2024-11-06,Mobile Wallet,Rep_Omar,0.05,228.0
30001508,100082,200010,2,2025-08-03,2025-08-05,Mobile Wallet,Rep_Sara,0.0,240.0
30001509,100007,200005,2,2025-03-24,2025-03-25,Bank Transfer,Rep_Mariam,0.0,98.0
30001510,100007,200010,1,2025-04-24,2025-04-27,Credit Card,Rep_Sara,0.0,120.0
30001511,100093,200005,1,2025-06-14,2025-06-20,Cash,Rep_Ahmed,0.05,46.55
30001512,100069,200004,1,2025-06-16,2025-06-22,Cash,Rep_Omar,0.0,230.0
30001513,100042,200010,5,2024-12-25,2024-12-26,Credit Card,Rep_Ahmed,0.1,540.0
30001514,100065,200008,5,2024-11-14,2024-11-16,Cash,Rep_Omar,0.0,1600.0
30001515,100022,200007,1,2024-12-02,2024-12-08,Mobile Wallet,Rep_Omar,0.05,61.75
30001516,100074,200006,2,2024-11-08,2024-11-15,Bank Transfer,Rep_Omar,0.0,1998.0
30001517,100084,200002,1,2024-11-08,2024-11-11,Mobile Wallet,Rep_Ahmed,0.05,1139.05
30001518,100033,200001,2,2025-09-16,2025-09-23,Bank Transfer,Rep_Omar,0.05,2468.1
30001519,100099,200008,4,2025-02-02,2025-02-06,Bank Transfer,Rep_Mariam,0.1,1152.0
30001520,100076,200002,3,2024-11-15,2024-11-16,Credit Card,Rep_Omar,0.1,3237.3
30001521,100080,200002,4,2025-03-06,2025-03-12,Credit Card,Rep_Omar,0.1,4316.4
30001522,100081,200009,1,2025-01-12,2025-01-16,Bank Transfer,Rep_Omar,0.0,160.0
30001523,100089,200006,2,2024-12-24,2024-12-26,Cash,Rep_Mariam,0.1,1798.2
30001524,100001,200005,1,2025-07-20,2025-07-22,Credit Card,Rep_Mariam,0.05,46.55
30001525,100036,200006,3,2025-06-09,2025-06-14,Bank Transfer,Rep_Omar,0.1,2697.3
30001526,100061,200007,4,2024-11-11,2024-11-15,Bank Transfer,Rep_Sara,0.05,247.0
30001527,100019,200003,4,2025-02-07,2025-02-09,Cash,Rep_Omar,0.0,720.0
30001528,100079,200002,5,2025-07-24,2025-07-30,Credit Card,Rep_Mariam,0.05,5695.25
30001529,100005,200005,4,2024-09-28,2024-10-05,Bank Transfer,Rep_Ahmed,0.05,186.2
30001530,100086,200002,5,2024-10-07,2024-10-08,Credit Card,Rep_Omar,0.1,5395.5
30001531,100030,200007,4,2025-02-28,2025-03-02,Cash,Rep_Ahmed,0.1,234.0
30001532,100046,200003,1,2025-03-13,2025-03-18,Mobile Wallet,Rep_Omar,0.1,162.0
30001533,100023,200002,1,2025-03-20,2025-03-22,Bank Transfer,Rep_Omar,0.1,1079.1
30001534,100054,200003,5,2025-04-19,2025-04-21,Credit Card,Rep_Omar,0.0,900.0
30001535,100095,200004,3,2025-08-26,2025-09-01,Mobile Wallet,Rep_Omar,0.1,621.0
30001536,100006,200010,3,2025-07-07,2025-07-11,Credit Card,Rep_Ahmed,0.0,360.0
30001537,100041,200003,3,2025-08-27,2025-09-01,Bank Transfer,Rep_Sara,0.05,513.0
30001538,100067,200006,2,2024-10-10,2024-10-14,Bank Transfer,Rep_Mariam,0.05,1898.1
30001539,100077,200010,4,2025-06-27,2025-06-30,Cash,Rep_Ahmed,0.05,456.0
30001540,100100,200002,5,2025-01-28,2025-01-31,Mobile Wallet,Rep_Mariam,0.05,5695.25
30001541,100098,200003,5,2025-07-03,2025-07-06,Mobile Wallet,Rep_Ahmed,0.1,810.0
30001542,100011,200004,5,2024-11-08,2024-11-13,Cash,Rep_Omar,0.1,1035.0
30001543,100051,200007,4,2024-12-10,2024-12-17,Bank Transfer,Rep_Ahmed,0.05,247.0
30001544,100058,200006,4,2024-12-06,2024-12-10,Bank Transfer,Rep_Mariam,0.0,3996.0
30001545,100003,200008,5,2025-04-27,2025-05-03,Mobile Wallet,Rep_Ahmed,0.1,1440.0
30001546,100004,200004,3,2025-07-09,2025-07-11,Bank Transfer,Rep_Omar,0.05,655.5
30001547,100012,200005,1,2025-08-28,2025-09-01,Bank Transfer,Rep_Mariam,0.1,44.1
30001548,100038,200009,1,2025-04-17,2025-04-22,Bank Transfer,Rep_Ahmed,0.0,160.0
30001549,100010,200005,1,2025-06-19,2025-06-26,Cash,Rep_Mariam,0.1,44.1
30001550,100090,200007,5,2025-06-28,2025-07-01,Bank Transfer,Rep_Ahmed,0.0,325.0
30001551,100034,200002,2,2025-02-28,2025-03-04,Bank Transfer,Rep_Mariam,0.05,2278.1
30001552,100062,200007,3,2025-09-06,2025-09-07,Credit Card,Rep_Mariam,0.1,175.5
30001553,100068,200008,2,2024-09-27,2024-10-03,Bank Transfer,Rep_Mariam,0.05,608.0
30001554,100080,200008,1,2025-03-01,2025-03-04,Bank Transfer,Rep_Sara,0.0,320.0
30001555,100008,200007,3,2025-08-04,2025-08-09,Bank Transfer,Rep_Omar,0.1,175.5
30001556,100031,200001,1,2025-01-03,2025-01-07,Mobile Wallet,Rep_Omar,0.05,1234.05
30001557,100087,200002,4,2025-06-30,2025-07-07,Cash,Rep_Ahmed,0.1,4316.4
30001558,100032,200001,4,2025-07-04,2025-07-09,Cash,Rep_Omar,0.0,5196.0
30001559,100076,200009,4,2024-12-04,2024-12-11,Bank Transfer,Rep_Sara,0.05,608.0
30001560,100085,200010,5,2025-03-29,2025-04-01,Mobile Wallet,Rep_Mariam,0.05,570.0
30001561,100003,200009,5,2025-02-16,2025-02-23,Mobile Wallet,Rep_Omar,0.1,720.0
30001562,100058,200008,2,2025-06-05,2025-06-11,Credit Card,Rep_Omar,0.1,576.0
30001563,100096,200001,3,2025-03-31,2025-04-03,Mobile Wallet,Rep_Sara,0.1,3507.3
30001564,100035,200004,1,2024-11-15,2024-11-20,Cash,Rep_Omar,0.0,230.0
30001565,100020,200004,4,2025-07-12,2025-07-18,Mobile Wallet,Rep_Mariam,0.0,920.0
30001566,100080,200002,3,2025-01-22,2025-01-23,Mobile Wallet,Rep_Mariam,0.0,3597.0
30001567,100067,200002,4,2025-08-26,2025-08-31,Credit Card,Rep_Ahmed,0.0,4796.0
30001568,100068,200007,5,2024-11-12,2024-11-14,Bank Transfer,Rep_Omar,0.0,325.0
30001569,100092,200002,2,2024-12-17,2024-12-22,Bank Transfer,Rep_Mariam,0.05,2278.1
30001570,100062,200001,3,2025-02-19,2025-02-26,Cash,Rep_Ahmed,0.1,3507.3
30001571,100092,200005,4,2025-08-21,2025-08-27,Cash,Rep_Mariam,0.1,176.4
30001572,100010,200004,2,2025-01-31,2025-02-05,Mobile Wallet,Rep_Omar,0.1,414.0
30001573,100062,200007,1,2025-09-01,2025-09-06,Credit Card,Rep_Ahmed,0.05,61.75
30001574,100058,200005,1,2025-04-09,2025-04-11,Bank Transfer,Rep_Ahmed,0.0,49.0
30001575,100048,200007,4,2025-06-10,2025-06-12,Credit Card,Rep_Ahmed,0.1,234.0
30001576,100098,200007,3,2025-06-12,2025-06-18,Mobile Wallet,Rep_Omar,0.1,175.5
30001577,100085,200001,3,2025-05-04,2025-05-06,Mobile Wallet,Rep_Mariam,0.1,3507.3
30001578,100065,200002,2,2025-06-18,2025-06-19,Credit Card,Rep_Sara,0.0,2398.0
30001579,100040,200004,5,2025-04-28,2025-05-04,Cash,Rep_Mariam,0.0,1150.0
30001580,100060,200007,2,2024-12-20,2024-12-21,Mobile Wallet,Rep_Sara,0.1,117.0
30001581,100033,200006,1,2025-03-16,2025-03-23,Credit Card,Rep_Omar,0.0,999.0
30001582,100037,200007,1,2024-11-10,2024-11-11,Bank Transfer,Rep_Omar,0.1,58.5
30001583,100001,200005,4,2024-10-07,2024-10-10,Credit Card,Rep_Mariam,0.05,186.2
30001584,100018,200003,5,2024-10-05,2024-10-09,Credit Card,Rep_Sara,0.1,810.0
30001585,100022,200007,3,2025-07-01,2025-07-07,Bank Transfer,Rep_Omar,0.1,175.5
30001586,100029,200003,5,2024-11-04,2024-11-06,Cash,Rep_Ahmed,0.0,900.0
30001587,100057,200009,5,2025-01-13,2025-01-18,Bank Transfer,Rep_Omar,0.05,760.0
30001588,100064,200006,3,2025-01-17,2025-01-21,Cash,Rep_Omar,0.0,2997.0
30001589,100054,200001,4,2025-09-14,2025-09-20,Credit Card,Rep_Omar,0.1,4676.4
30001590,100087,200001,4,2025-07-23,2025-07-25,Bank Transfer,Rep_Mariam,0.05,4936.2
30001591,100039,200003,2,2025-04-22,2025-04-26,Cash,Rep_Omar,0.0,360.0
30001592,100035,200010,1,2025-07-28,2025-07-30,Bank Transfer,Rep_Sara,0.0,120.0
30001593,100088,200007,1,2025-06-29,2025-07-06,Cash,Rep_Mariam,0.1,58.5
30001594,100087,200001,4,2024-12-05,2024-12-06,Bank Transfer,Rep_Sara,0.0,5196.0
30001595,100086,200003,2,2024-09-20,2024-09-27,Mobile Wallet,Rep_Ahmed,0.05,342.0
30001596,100094,200004,3,2025-07-02,2025-07-09,Credit Card,Rep_Mariam,0.1,621.0
30001597,100059,200004,1,2024-11-25,2024-11-30,Cash,Rep_Sara,0.05,218.5
30001598,100062,200006,2,2024-10-12,2024-10-14,Bank Transfer,Rep_Omar,0.1,1798.2
30001599,100087,200002,1,2025-05-23,2025-05-29,Cash,Rep_Ahmed,0.0,1199.0
30001600,100039,200003,4,2025-01-31,2025-02-07,Bank Transfer,Rep_Ahmed,0.05,684.0
30001601,100003,200002,4,2025-01-15,2025-01-17,Mobile Wallet,Rep_Mariam,0.0,4796.0
30001602,100011,200008,2,2024-11-16,2024-11-23,Credit Card,Rep_Mariam,0.05,608.0
30001603,100095,200004,5,2025-05-01,2025-05-02,Credit Card,Rep_Ahmed,0.05,1092.5
30001604,100082,200005,2,2025-05-07,2025-05-09,Bank Transfer,Rep_Ahmed,0.05,93.1
30001605,100006,200009,1,2025-02-17,2025-02-19,Mobile Wallet,Rep_Mariam,0.1,144.0
30001606,100097,200005,2,2024-12-14,2024-12-15,Credit Card,Rep_Ahmed,0.1,88.2
30001607,100031,200009,5,2025-01-07,2025-01-11,Credit Card,Rep_Mariam,0.1,720.0
30001608,100003,200001,5,2025-04-13,2025-04-18,Bank Transfer,Rep_Omar,0.0,6495.0
30001609,100059,200010,3,2025-05-26,2025-05-31,Bank Transfer,Rep_Omar,0.1,324.0
30001610,100062,200007,3,2024-11-10,2024-11-12,Mobile Wallet,Rep_Sara,0.1,175.5
30001611,100035,200009,5,2025-01-23,2025-01-27,Credit Card,Rep_Mariam,0.0,800.0
30001612,100036,200002,5,2025-02-28,2025-03-04,Credit Card,Rep_Mariam,0.05,5695.25
30001613,100020,200002,5,2025-06-28,2025-06-29,Mobile Wallet,Rep_Mariam,0.1,5395.5
30001614,100011,200002,5,2025-05-23,2025-05-29,Mobile Wallet,Rep_Omar,0.0,5995.0
30001615,100061,200005,1,2025-02-17,2025-02-21,Bank Transfer,Rep_Omar,0.0,49.0
30001616,100063,200003,4,2025-02-05,2025-02-10,Mobile Wallet,Rep_Omar,0.1,648.0
30001617,100036,200005,1,2024-10-31,2024-11-06,Mobile Wallet,Rep_Ahmed,0.0,49.0
30001618,100009,200003,5,2025-03-07,2025-03-14,Cash,Rep_Mariam,0.0,900.0
30001619,100024,200009,4,2025-07-02,2025-07-05,Cash,Rep_Sara,0.05,608.0
30001620,100083,200005,2,2024-11-04,2024-11-07,Bank Transfer,Rep_Sara,0.0,98.0
30001621,100063,200001,1,2024-10-04,2024-10-11,Cash,Rep_Omar,0.05,1234.05
30001622,100100,200007,5,2025-02-24,2025-02-27,Mobile Wallet,Rep_Omar,0.05,308.75
30001623,100006,200010,3,2025-02-28,2025-03-07,Mobile Wallet,Rep_Mariam,0.1,324.0
30001624,100071,200005,2,2024-09-20,2024-09-27,Mobile Wallet,Rep_Sara,0.1,88.2
30001625,100075,200007,1,2024-10-23,2024-10-25,Cash,Rep_Sara,0.0,65.0
30001626,100068,200001,4,2025-08-16,2025-08-21,Credit Card,Rep_Omar,0.05,4936.2
30001627,100075,200002,2,2024-09-28,2024-09-30,Mobile Wallet,Rep_Ahmed,0.0,2398.0
30001628,100072,200002,3,2025-07-10,2025-07-11,Mobile Wallet,Rep_Omar,0.1,3237.3
30001629,100090,200010,3,2025-01-30,2025-02-06,Credit Card,Rep_Mariam,0.0,360.0
30001630,100001,200004,2,2025-04-30,2025-05-06,Mobile Wallet,Rep_Omar,0.0,460.0
30001631,100047,200007,3,2025-02-07,2025-02-10,Bank Transfer,Rep_Ahmed,0.0,195.0
30001632,100082,200001,3,2025-08-15,2025-08-19,Credit Card,Rep_Sara,0.05,3702.15
30001633,100080,200010,2,2025-02-14,2025-02-19,Mobile Wallet,Rep_Ahmed,0.1,216.0
30001634,100024,200006,5,2025-05-17,2025-05-22,Mobile Wallet,Rep_Mariam,0.1,4495.5
30001635,100022,200009,2,2025-09-13,2025-09-17,Cash,Rep_Mariam,0.05,304.0
30001636,100076,200007,3,2024-12-26,2024-12-30,Mobile Wallet,Rep_Omar,0.0,195.0
30001637,100064,200009,1,2025-08-06,2025-08-09,Cash,Rep_Sara,0.1,144.0
30001638,100049,200008,4,2025-07-25,2025-07-27,Mobile Wallet,Rep_Sara,0.0,1280.0
30001639,100074,200005,3,2024-10-23,2024-10-27,Cash,Rep_Omar,0.1,132.3
30001640,100080,200008,1,2025-04-16,2025-04-23,Cash,Rep_Sara,0.1,288.0
30001641,100051,200002,4,2024-10-24,2024-10-31,Bank Transfer,Rep_Ahmed,0.1,4316.4
30001642,100015,200005,2,2024-09-28,2024-10-05,Bank Transfer,Rep_Mariam,0.0,98.0
30001643,100082,200001,4,2025-01-07,2025-01-14,Bank Transfer,Rep_Omar,0.1,4676.4
30001644,100049,200004,1,2024-10-06,2024-10-12,Credit Card,Rep_Mariam,0.0,230.0
30001645,100004,200005,4,2025-02-08,2025-02-09,Bank Transfer,Rep_Omar,0.05,186.2
30001646,100066,200002,2,2025-08-21,2025-08-28,Bank Transfer,Rep_Sara,0.05,2278.1
30001647,100029,200008,4,2025-05-14,2025-05-16,Mobile Wallet,Rep_Ahmed,0.1,1152.0
30001648,100058,200001,5,2025-01-09,2025-01-12,Mobile Wallet,Rep_Omar,0.05,6170.25
30001649,100088,200008,3,2024-09-21,2024-09-25,Cash,Rep_Ahmed,0.05,912.0
30001650,100091,200006,2,2025-01-31,2025-02-07,Cash,Rep_Ahmed,0.0,1998.0
30001651,100014,200004,3,2025-04-07,2025-04-08,Mobile Wallet,Rep_Omar,0.0,690.0
30001652,100036,200006,2,2025-03-06,2025-03-10,Cash,Rep_Sara,0.0,1998.0
30001653,100001,200001,4,2024-12-17,2024-12-20,Bank Transfer,Rep_Sara,0.1,4676.4
30001654,100096,200001,3,2025-07-29,2025-08-03,Mobile Wallet,Rep_Sara,0.0,3897.0
30001655,100027,200009,3,2025-01-07,2025-01-09,Mobile Wallet,Rep_Ahmed,0.0,480.0
30001656,100100,200002,3,2024-10-13,2024-10-16,Bank Transfer,Rep_Sara,0.05,3417.15
30001657,100059,200005,5,2025-02-13,2025-02-17,Mobile Wallet,Rep_Sara,0.05,232.75
30001658,100059,200010,5,2024-11-12,2024-11-19,Bank Transfer,Rep_Omar,0.05,570.0
30001659,100065,200009,2,2025-05-18,2025-05-22,Cash,Rep_Ahmed,0.1,288.0
30001660,100077,200003,2,2025-06-18,2025-06-19,Bank Transfer,Rep_Ahmed,0.05,342.0
30001661,100013,200004,2,2025-04-19,2025-04-22,Mobile Wallet,Rep_Omar,0.0,460.0
30001662,100066,200002,4,2024-10-31,2024-11-01,Bank Transfer,Rep_Mariam,0.1,4316.4
30001663,100069,200002,3,2025-05-21,2025-05-26,Mobile Wallet,Rep_Omar,0.1,3237.3
30001664,100054,200006,4,2025-05-13,2025-05-19,Cash,Rep_Sara,0.0,3996.0
30001665,100097,200006,2,2025-07-11,2025-07-12,Bank Transfer,Rep_Ahmed,0.05,1898.1
30001666,100063,200001,4,2025-05-14,2025-05-20,Credit Card,Rep_Sara,0.1,4676.4
30001667,100072,200007,4,2024-12-27,2024-12-28,Cash,Rep_Ahmed,0.1,234.0
30001668,100053,200002,3,2025-08-03,2025-08-06,Credit Card,Rep_Sara,0.05,3417.15
30001669,100047,200006,2,2025-04-13,2025-04-16,Cash,Rep_Ahmed,0.1,1798.2
30001670,100043,200003,2,2024-12-10,2024-12-17,Bank Transfer,Rep_Sara,0.1,324.0
30001671,100012,200006,5,2025-03-05,2025-03-08,Mobile Wallet,Rep_Sara,0.1,4495.5
30001672,100046,200009,2,2025-07-12,2025-07-18,Mobile Wallet,Rep_Mariam,0.0,320.0
30001673,100002,200005,4,2025-01-09,2025-01-11,Credit Card,Rep_Omar,0.0,196.0
30001674,100093,200010,5,2024-12-13,2024-12-16,Mobile Wallet,Rep_Sara,0.0,600.0
30001675,100096,200007,3,2024-10-11,2024-10-16,Credit Card,Rep_Mariam,0.05,185.25
30001676,100035,200006,5,2025-01-31,2025-02-04,Mobile Wallet,Rep_Ahmed,0.1,4495.5
30001677,100004,200006,5,2025-04-28,2025-05-04,Bank Transfer,Rep_Sara,0.05,4745.25
30001678,100061,200007,3,2025-05-27,2025-05-28,Mobile Wallet,Rep_Sara,0.1,175.5
30001679,100082,200003,1,2025-09-11,2025-09-12,Bank Transfer,Rep_Sara,0.0,180.0
30001680,100037,200009,1,2025-06-01,2025-06-04,Mobile Wallet,Rep_Omar,0.1,144.0
30001681,100089,200007,1,2025-03-11,2025-03-14,Bank Transfer,Rep_Mariam,0.1,58.5
30001682,100057,200005,1,2025-09-11,2025-09-17,Mobile Wallet,Rep_Sara,0.05,46.55
30001683,100014,200001,4,2025-05-23,2025-05-26,Cash,Rep_Sara,0.05,4936.2
30001684,100062,200002,5,2025-08-08,2025-08-14,Credit Card,Rep_Mariam,0.1,5395.5
30001685,100032,200010,4,2025-04-11,2025-04-14,Credit Card,Rep_Sara,0.1,432.0
30001686,100074,200007,4,2024-09-16,2024-09-18,Bank Transfer,Rep_Mariam,0.1,234.0
30001687,100015,200005,1,2025-02-02,2025-02-06,Credit Card,Rep_Ahmed,0.05,46.55
30001688,100001,200009,2,2025-07-12,2025-07-13,Mobile Wallet,Rep_Ahmed,0.0,320.0
30001689,100068,200009,2,2025-02-05,2025-02-08,Bank Transfer,Rep_Ahmed,0.05,304.0
30001690,100090,200006,5,2024-12-13,2024-12-17,Bank Transfer,Rep_Sara,0.1,4495.5
30001691,100085,200008,4,2025-02-14,2025-02-19,Credit Card,Rep_Omar,0.1,1152.0
30001692,100030,200002,1,2024-11-06,2024-11-07,Mobile Wallet,Rep_Sara,0.0,1199.0
30001693,100006,200005,1,2024-11-28,2024-11-30,Cash,Rep_Sara,0.0,49.0
30001694,100039,200005,2,2025-05-31,2025-06-01,Mobile Wallet,Rep_Omar,0.1,88.2
30001695,100056,200003,3,2024-11-24,2024-11-27,Cash,Rep_Mariam,0.0,540.0
30001696,100072,200004,4,2025-08-06,2025-08-08,Mobile Wallet,Rep_Omar,0.0,920.0
30001697,100099,200001,4,2025-03-04,2025-03-07,Credit Card,Rep_Sara,0.05,4936.2
30001698,100057,200005,2,2025-01-17,2025-01-21,Credit Card,Rep_Mariam,0.1,88.2
30001699,100028,200010,3,2025-06-22,2025-06-28,Mobile Wallet,Rep_Ahmed,0.1,324.0
30001700,100083,200004,4,2025-04-12,2025-04-13,Cash,Rep_Ahmed,0.1,828.0
30001701,100064,200009,1,2024-09-22,2024-09-28,Mobile Wallet,Rep_Mariam,0.05,152.0
30001702,100070,200009,3,2025-04-10,2025-04-16,Credit Card,Rep_Mariam,0.1,432.0
30001703,100038,200009,1,2025-09-14,2025-09-21,Bank Transfer,Rep_Omar,0.0,160.0
30001704,100025,200003,2,2024-11-08,2024-11-09,Mobile Wallet,Rep_Ahmed,0.1,324.0
30001705,100051,200002,4,2025-09-11,2025-09-17,Bank Transfer,Rep_Omar,0.0,4796.0
30001706,100084,200002,1,2024-10-08,2024-10-11,Mobile Wallet,Rep_Mariam,0.1,1079.1
30001707,100068,200008,4,2024-11-28,2024-12-02,Credit Card,Rep_Sara,0.1,1152.0
30001708,100074,200008,3,2025-04-10,2025-04-13,Credit Card,Rep_Ahmed,0.05,912.0
30001709,100084,200003,3,2024-12-08,2024-12-12,Credit Card,Rep_Omar,0.05,513.0
30001710,100062,200008,2,2024-11-09,2024-11-10,Cash,Rep_Sara,0.05,608.0
30001711,100014,200003,5,2025-08-18,2025-08-25,Credit Card,Rep_Omar,0.1,810.0
30001712,100082,200004,3,2025-06-21,2025-06-23,Mobile Wallet,Rep_Ahmed,0.0,690.0
30001713,100061,200007,1,2024-12-26,2025-01-01,Cash,Rep_Ahmed,0.05,61.75
30001714,100005,200007,5,2025-07-16,2025-07-19,Cash,Rep_Omar,0.0,325.0
30001715,100095,200010,2,2025-05-31,2025-06-05,Cash,Rep_Mariam,0.0,240.0
30001716,100095,200009,4,2025-01-12,2025-01-18,Bank Transfer,Rep_Ahmed,0.0,640.0
30001717,100041,200006,5,2024-09-19,2024-09-23,Credit Card,Rep_Ahmed,0.0,4995.0
30001718,100050,200004,3,2025-07-29,2025-08-05,Bank Transfer,Rep_Ahmed,0.1,621.0
30001719,100060,200002,3,2025-09-11,2025-09-18,Credit Card,Rep_Mariam,0.0,3597.0
30001720,100061,200005,4,2025-01-18,2025-01-21,Credit Card,Rep_Sara,0.1,176.4
30001721,100034,200006,5,2025-08-16,2025-08-22,Mobile Wallet,Rep_Mariam,0.1,4495.5
30001722,100039,200010,3,2025-09-06,2025-09-12,Credit Card,Rep_Omar,0.0,360.0
30001723,100027,200002,5,2025-07-31,2025-08-02,Mobile Wallet,Rep_Ahmed,0.05,5695.25
30001724,100047,200002,1,2025-06-16,2025-06-18,Bank Transfer,Rep_Sara,0.05,1139.05
30001725,100031,200002,3,2025-07-23,2025-07-25,Mobile Wallet,Rep_Sara,0.0,3597.0
30001726,100038,200005,1,2024-12-26,2024-12-31,Credit Card,Rep_Mariam,0.1,44.1
30001727,100009,200001,5,2025-06-01,2025-06-02,Bank Transfer,Rep_Mariam,0.0,6495.0
30001728,100085,200005,4,2025-09-07,2025-09-11,Mobile Wallet,Rep_Mariam,0.1,176.4
30001729,100009,200007,5,2025-01-17,2025-01-19,Credit Card,Rep_Ahmed,0.0,325.0
30001730,100026,200010,3,2025-04-27,2025-05-03,Bank Transfer,Rep_Omar,0.05,342.0
30001731,100094,200008,2,2024-11-22,2024-11-26,Bank Transfer,Rep_Mariam,0.1,576.0
30001732,100051,200010,1,2024-11-19,2024-11-24,Bank Transfer,Rep_Ahmed,0.0,120.0
30001733,100058,200001,3,2025-07-04,2025-07-10,Credit Card,Rep_Mariam,0.0,3897.0
30001734,100097,200006,3,2025-04-27,2025-04-29,Credit Card,Rep_Sara,0.1,2697.3
30001735,100063,200003,1,2025-01-06,2025-01-08,Cash,Rep_Mariam,0.0,180.0
30001736,100001,200006,2,2024-11-01,2024-11-02,Bank Transfer,Rep_Ahmed,0.1,1798.2
30001737,100095,200001,2,2025-08-03,2025-08-07,Mobile Wallet,Rep_Ahmed,0.05,2468.1
30001738,100093,200003,3,2024-12-17,2024-12-21,Cash,Rep_Mariam,0.0,540.0
30001739,100096,200006,3,2025-04-28,2025-05-03,Mobile Wallet,Rep_Sara,0.0,2997.0
30001740,100007,200004,1,2024-10-31,2024-11-05,Bank Transfer,Rep_Sara,0.1,207.0
30001741,100026,200005,5,2024-11-13,2024-11-20,Credit Card,Rep_Ahmed,0.05,232.75
30001742,100073,200004,3,2025-04-05,2025-04-09,Cash,Rep_Ahmed,0.1,621.0
30001743,100091,200002,3,2025-05-03,2025-05-05,Cash,Rep_Mariam,0.0,3597.0
30001744,100008,200010,3,2025-03-20,2025-03-22,Bank Transfer,Rep_Sara,0.05,342.0
30001745,100032,200003,4,2024-10-21,2024-10-22,Cash,Rep_Mariam,0.0,720.0
30001746,100032,200007,2,2025-05-17,2025-05-18,Bank Transfer,Rep_Omar,0.0,130.0
30001747,100038,200005,3,2025-02-09,2025-02-11,Bank Transfer,Rep_Mariam,0.1,132.3
30001748,100069,200009,3,2025-04-29,2025-05-05,Mobile Wallet,Rep_Sara,0.05,456.0
30001749,100074,200004,5,2025-08-30,2025-09-05,Mobile Wallet,Rep_Ahmed,0.0,1150.0
30001750,100017,200002,2,2024-10-17,2024-10-19,Mobile Wallet,Rep_Mariam,0.1,2158.2
30001751,100100,200004,4,2025-07-20,2025-07-27,Cash,Rep_Ahmed,0.05,874.0
30001752,100004,200007,4,2025-05-11,2025-05-18,Cash,Rep_Mariam,0.1,234.0
30001753,100053,200009,1,2025-01-21,2025-01-24,Credit Card,Rep_Mariam,0.1,144.0
30001754,100021,200007,1,2025-09-04,2025-09-06,Bank Transfer,Rep_Omar,0.0,65.0
30001755,100019,200006,5,2024-12-31,2025-01-06,Credit Card,Rep_Omar,0.1,4495.5
30001756,100082,200003,2,2025-07-03,2025-07-06,Mobile Wallet,Rep_Ahmed,0.1,324.0
30001757,100085,200004,2,2024-11-23,2024-11-28,Cash,Rep_Mariam,0.0,460.0
30001758,100034,200002,1,2024-12-07,2024-12-09,Bank Transfer,Rep_Mariam,0.1,1079.1
30001759,100006,200002,1,2025-05-15,2025-05-17,Credit Card,Rep_Omar,0.0,1199.0
30001760,100081,200007,4,2024-11-13,2024-11-20,Bank Transfer,Rep_Omar,0.1,234.0
30001761,100017,200001,2,2025-09-16,2025-09-18,Credit Card,Rep_Sara,0.0,2598.0
30001762,100033,200007,4,2025-07-09,2025-07-11,Mobile Wallet,Rep_Omar,0.05,247.0
30001763,100018,200007,1,2024-12-26,2024-12-28,Mobile Wallet,Rep_Ahmed,0.0,65.0
30001764,100060,200007,5,2025-08-13,2025-08-16,Bank Transfer,Rep_Ahmed,0.0,325.0
30001765,100091,200004,3,2025-08-04,2025-08-07,Cash,Rep_Sara,0.05,655.5
30001766,100097,200005,2,2025-06-24,2025-06-30,Mobile Wallet,Rep_Mariam,0.1,88.2
30001767,100069,200003,3,2025-09-12,2025-09-18,Mobile Wallet,Rep_Omar,0.0,540.0
30001768,100057,200010,1,2025-04-22,2025-04-23,Credit Card,Rep_Omar,0.1,108.0
30001769,100056,200008,4,2025-05-01,2025-05-08,Cash,Rep_Ahmed,0.0,1280.0
30001770,100093,200006,4,2025-08-21,2025-08-28,Bank Transfer,Rep_Omar,0.1,3596.4
30001771,100089,200010,2,2024-11-01,2024-11-03,Credit Card,Rep_Mariam,0.0,240.0
30001772,100040,200006,4,2024-11-19,2024-11-21,Cash,Rep_Sara,0.1,3596.4
30001773,100066,200005,5,2025-08-31,2025-09-01,Bank Transfer,Rep_Mariam,0.1,220.5
30001774,100051,200007,5,2025-07-14,2025-07-20,Mobile Wallet,Rep_Mariam,0.0,325.0
30001775,100085,200004,4,2025-08-04,2025-08-11,Mobile Wallet,Rep_Mariam,0.1,828.0
30001776,100073,200002,2,2024-12-24,2024-12-26,Mobile Wallet,Rep_Omar,0.0,2398.0
30001777,100040,200001,3,2025-01-15,2025-01-20,Cash,Rep_Omar,0.1,3507.3
30001778,100037,200010,5,2025-01-15,2025-01-21,Credit Card,Rep_Ahmed,0.1,540.0
30001779,100014,200003,3,2025-01-30,2025-02-03,Bank Transfer,Rep_Mariam,0.0,540.0
30001780,100029,200005,4,2025-01-28,2025-02-03,Cash,Rep_Omar,0.05,186.2
30001781,100089,200002,1,2024-11-06,2024-11-08,Cash,Rep_Mariam,0.0,1199.0
30001782,100036,200006,2,2024-10-16,2024-10-21,Mobile Wallet,Rep_Sara,0.0,1998.0
30001783,100011,200003,5,2024-10-23,2024-10-25,Mobile Wallet,Rep_Mariam,0.1,810.0
30001784,100005,200005,3,2024-10-04,2024-10-07,Bank Transfer,Rep_Omar,0.0,147.0
30001785,100062,200009,3,2024-10-01,2024-10-02,Bank Transfer,Rep_Omar,0.0,480.0
30001786,100002,200010,3,2025-04-25,2025-04-27,Cash,Rep_Ahmed,0.05,342.0
30001787,100060,200009,4,2025-09-12,2025-09-17,Mobile Wallet,Rep_Omar,0.1,576.0
30001788,100068,200002,4,2025-06-25,2025-06-29,Cash,Rep_Sara,0.0,4796.0
30001789,100006,200002,5,2025-09-13,2025-09-16,Cash,Rep_Ahmed,0.0,5995.0
30001790,100021,200009,2,2024-12-31,2025-01-07,Bank Transfer,Rep_Sara,0.05,304.0
30001791,100075,200008,2,2024-09-27,2024-10-02,Bank Transfer,Rep_Sara,0.0,640.0
30001792,100027,200006,2,2024-11-17,2024-11-23,Credit Card,Rep_Ahmed,0.1,1798.2
30001793,100056,200009,4,2024-10-09,2024-10-10,Bank Transfer,Rep_Ahmed,0.05,608.0
30001794,100054,200005,5,2025-08-04,2025-08-08,Credit Card,Rep_Omar,0.0,245.0
30001795,100033,200002,3,2024-09-18,2024-09-24,Credit Card,Rep_Omar,0.0,3597.0
30001796,100015,200006,1,2025-05-13,2025-05-17,Cash,Rep_Mariam,0.1,899.1
30001797,100049,200001,1,2024-09-17,2024-09-20,Cash,Rep_Mariam,0.0,1299.0
30001798,100023,200006,5,2025-07-14,2025-07-20,Credit Card,Rep_Omar,0.05,4745.25
30001799,100001,200010,4,2025-04-24,2025-04-29,Bank Transfer,Rep_Ahmed,0.0,480.0
30001800,100046,200003,1,2024-10-04,2024-10-11,Bank Transfer,Rep_Sara,0.0,180.0
30001801,100010,200008,2,2025-09-05,2025-09-10,Cash,Rep_Ahmed,0.0,640.0
30001802,100058,200006,5,2025-02-23,2025-02-24,Bank Transfer,Rep_Ahmed,0.05,4745.25
30001803,100081,200007,4,2025-03-05,2025-03-12,Mobile Wallet,Rep_Omar,0.05,247.0
30001804,100035,200010,4,2025-05-07,2025-05-12,Cash,Rep_Ahmed,0.1,432.0
30001805,100045,200005,5,2025-06-29,2025-06-30,Cash,Rep_Mariam,0.1,220.5
30001806,100057,200002,2,2024-09-22,2024-09-29,Bank Transfer,Rep_Sara,0.0,2398.0
30001807,100061,200008,4,2025-06-06,2025-06-13,Credit Card,Rep_Mariam,0.05,1216.0
30001808,100042,200009,3,2025-01-13,2025-01-20,Cash,Rep_Omar,0.0,480.0
30001809,100051,200001,5,2025-05-14,2025-05-16,Cash,Rep_Ahmed,0.05,6170.25
30001810,100003,200002,1,2025-05-08,2025-05-13,Mobile Wallet,Rep_Sara,0.1,1079.1
30001811,100056,200010,5,2025-07-17,2025-07-20,Credit Card,Rep_Mariam,0.1,540.0
30001812,100074,200008,2,2025-05-29,2025-05-30,Bank Transfer,Rep_Sara,0.0,640.0
30001813,100090,200001,2,2025-05-22,2025-05-24,Bank Transfer,Rep_Ahmed,0.05,2468.1
30001814,100014,200002,4,2024-10-06,2024-10-08,Credit Card,Rep_Omar,0.1,4316.4
30001815,100088,200007,4,2024-09-29,2024-10-06,Mobile Wallet,Rep_Ahmed,0.05,247.0
30001816,100034,200008,4,2024-09-22,2024-09-27,Credit Card,Rep_Omar,0.05,1216.0
30001817,100037,200003,2,2024-11-21,2024-11-22,Cash,Rep_Mariam,0.0,360.0
30001818,100040,200001,1,2025-06-14,2025-06-16,Bank Transfer,Rep_Sara,0.0,1299.0
30001819,100092,200008,5,2025-07-01,2025-07-02,Mobile Wallet,Rep_Mariam,0.05,1520.0
30001820,100069,200009,5,2025-05-15,2025-05-17,Bank Transfer,Rep_Mariam,0.1,720.0
30001821,100066,200010,4,2024-12-25,2024-12-28,Bank Transfer,Rep_Ahmed,0.0,480.0
30001822,100050,200010,4,2025-08-20,2025-08-21,Bank Transfer,Rep_Omar,0.05,456.0
30001823,100051,200003,3,2025-03-15,2025-03-17,Bank Transfer,Rep_Omar,0.1,486.0
30001824,100071,200005,2,2024-11-01,2024-11-03,Credit Card,Rep_Ahmed,0.1,88.2
30001825,100021,200004,5,2025-03-19,2025-03-20,Bank Transfer,Rep_Omar,0.05,1092.5
30001826,100089,200010,1,2025-08-03,2025-08-06,Cash,Rep_Sara,0.0,120.0
30001827,100011,200009,5,2024-12-06,2024-12-13,Cash,Rep_Mariam,0.1,720.0
30001828,100013,200003,1,2025-09-03,2025-09-10,Cash,Rep_Sara,0.0,180.0
30001829,100086,200010,5,2025-03-25,2025-03-26,Cash,Rep_Ahmed,0.05,570.0
30001830,100062,200004,3,2025-03-03,2025-03-05,Credit Card,Rep_Omar,0.0,690.0
30001831,100003,200008,3,2025-04-25,2025-04-26,Credit Card,Rep_Ahmed,0.05,912.0
30001832,100066,200006,2,2025-04-24,2025-04-27,Bank Transfer,Rep_Omar,0.0,1998.0
30001833,100094,200003,1,2024-11-12,2024-11-15,Cash,Rep_Omar,0.1,162.0
30001834,100021,200004,4,2025-08-01,2025-08-07,Mobile Wallet,Rep_Sara,0.05,874.0
30001835,100088,200004,5,2025-08-16,2025-08-19,Mobile Wallet,Rep_Mariam,0.0,1150.0
30001836,100046,200002,4,2025-06-16,2025-06-17,Bank Transfer,Rep_Mariam,0.0,4796.0
30001837,100027,200007,4,2025-03-27,2025-03-31,Mobile Wallet,Rep_Ahmed,0.1,234.0
30001838,100057,200005,5,2025-05-31,2025-06-06,Credit Card,Rep_Sara,0.1,220.5
30001839,100046,200003,4,2025-02-03,2025-02-05,Bank Transfer,Rep_Sara,0.0,720.0
30001840,100092,200001,2,2025-04-14,2025-04-18,Cash,Rep_Omar,0.1,2338.2
30001841,100041,200010,3,2025-09-12,2025-09-16,Bank Transfer,Rep_Sara,0.1,324.0
30001842,100023,200010,5,2024-10-25,2024-10-27,Credit Card,Rep_Sara,0.1,540.0
30001843,100020,200007,1,2024-12-28,2024-12-30,Mobile Wallet,Rep_Mariam,0.1,58.5
30001844,100032,200003,4,2024-12-21,2024-12-25,Credit Card,Rep_Sara,0.05,684.0
30001845,100042,200001,2,2025-08-22,2025-08-27,Cash,Rep_Omar,0.0,2598.0
30001846,100098,200005,2,2025-07-07,2025-07-09,Credit Card,Rep_Sara,0.1,88.2
30001847,100090,200008,3,2025-05-02,2025-05-03,Credit Card,Rep_Sara,0.0,960.0
30001848,100014,200004,5,2024-12-20,2024-12-21,Mobile Wallet,Rep_Ahmed,0.0,1150.0
30001849,100067,200007,4,2025-05-07,2025-05-13,Mobile Wallet,Rep_Ahmed,0.05,247.0
30001850,100044,200006,5,2025-03-29,2025-03-30,Mobile Wallet,Rep_Sara,0.05,4745.25
30001851,100081,200007,3,2024-11-21,2024-11-26,Credit Card,Rep_Sara,0.1,175.5
30001852,100014,200002,1,2025-04-28,2025-05-01,Credit Card,Rep_Sara,0.0,1199.0
30001853,100036,200008,4,2025-04-15,2025-04-17,Bank Transfer,Rep_Sara,0.05,1216.0
30001854,100082,200001,2,2025-04-05,2025-04-11,Mobile Wallet,Rep_Omar,0.05,2468.1
30001855,100030,200010,3,2025-06-21,2025-06-23,Bank Transfer,Rep_Mariam,0.0,360.0
30001856,100058,200006,2,2025-03-16,2025-03-19,Credit Card,Rep_Omar,0.0,1998.0
30001857,100023,200007,4,2024-11-04,2024-11-06,Cash,Rep_Ahmed,0.1,234.0
30001858,100023,200002,5,2024-10-26,2024-10-30,Mobile Wallet,Rep_Mariam,0.1,5395.5
30001859,100084,200002,3,2025-05-21,2025-05-28,Bank Transfer,Rep_Omar,0.05,3417.15
30001860,100056,200001,1,2025-02-22,2025-02-23,Bank Transfer,Rep_Mariam,0.05,1234.05
30001861,100099,200008,1,2025-05-15,2025-05-16,Credit Card,Rep_Ahmed,0.0,320.0
30001862,100083,200007,4,2025-06-08,2025-06-10,Bank Transfer,Rep_Omar,0.05,247.0
30001863,100024,200007,4,2025-04-08,2025-04-15,Cash,Rep_Mariam,0.05,247.0
30001864,100087,200003,5,2025-04-15,2025-04-19,Cash,Rep_Omar,0.0,900.0
30001865,100046,200007,4,2025-05-16,2025-05-21,Mobile Wallet,Rep_Omar,0.0,260.0
30001866,100044,200007,4,2025-02-25,2025-03-01,Credit Card,Rep_Omar,0.1,234.0
30001867,100027,200010,2,2025-02-22,2025-03-01,Mobile Wallet,Rep_Ahmed,0.05,228.0
30001868,100045,200008,2,2024-10-04,2024-10-07,Mobile Wallet,Rep_Sara,0.05,608.0
30001869,100077,200005,4,2025-02-10,2025-02-16,Cash,Rep_Ahmed,0.05,186.2
30001870,100007,200010,3,2024-10-17,2024-10-18,Cash,Rep_Omar,0.05,342.0
30001871,100028,200007,5,2025-01-02,2025-01-07,Credit Card,Rep_Omar,0.05,308.75
30001872,100075,200003,4,2025-01-31,2025-02-05,Mobile Wallet,Rep_Ahmed,0.05,684.0
30001873,100078,200003,5,2024-12-14,2024-12-16,Cash,Rep_Sara,0.1,810.0
30001874,100073,200004,5,2024-12-13,2024-12-16,Cash,Rep_Sara,0.0,1150.0
30001875,100054,200007,5,2025-09-06,2025-09-09,Bank Transfer,Rep_Omar,0.0,325.0
30001876,100019,200004,5,2024-09-22,2024-09-25,Cash,Rep_Omar,0.1,1035.0
30001877,100076,200008,4,2025-07-08,2025-07-12,Cash,Rep_Sara,0.0,1280.0
30001878,100004,200007,2,2025-05-14,2025-05-20,Credit Card,Rep_Sara,0.0,130.0
30001879,100088,200002,4,2025-04-11,2025-04-13,Bank Transfer,Rep_Ahmed,0.0,4796.0
30001880,100018,200010,3,2025-02-26,2025-03-02,Bank Transfer,Rep_Mariam,0.1,324.0
30001881,100044,200010,4,2025-09-11,2025-09-12,Credit Card,Rep_Omar,0.1,432.0
30001882,100079,200007,1,2024-12-13,2024-12-16,Bank Transfer,Rep_Omar,0.0,65.0
30001883,100091,200007,1,2024-10-10,2024-10-16,Mobile Wallet,Rep_Omar,0.05,61.75
30001884,100021,200009,2,2024-10-15,2024-10-19,Cash,Rep_Ahmed,0.0,320.0
30001885,100068,200002,3,2025-04-23,2025-04-24,Mobile Wallet,Rep_Omar,0.0,3597.0
30001886,100025,200006,4,2025-02-22,2025-02-24,Cash,Rep_Sara,0.1,3596.4
30001887,100054,200003,1,2025-07-21,2025-07-23,Cash,Rep_Omar,0.1,162.0
30001888,100047,200008,1,2025-07-04,2025-07-08,Mobile Wallet,Rep_Ahmed,0.0,320.0
30001889,100054,200006,5,2025-07-06,2025-07-08,Bank Transfer,Rep_Sara,0.0,4995.0
30001890,100059,200002,3,2025-03-27,2025-04-01,Bank Transfer,Rep_Ahmed,0.0,3597.0
30001891,100077,200006,2,2025-08-16,2025-08-18,Cash,Rep_Sara,0.1,1798.2
30001892,100097,200007,5,2025-07-26,2025-07-29,Cash,Rep_Mariam,0.05,308.75
30001893,100002,200010,5,2025-04-09,2025-04-10,Cash,Rep_Sara,0.05,570.0
30001894,100088,200003,3,2024-12-19,2024-12-23,Cash,Rep_Mariam,0.05,513.0
30001895,100033,200003,5,2025-02-14,2025-02-15,Bank Transfer,Rep_Sara,0.1,810.0
30001896,100024,200001,5,2025-05-04,2025-05-10,Bank Transfer,Rep_Sara,0.1,5845.5
30001897,100100,200007,5,2024-12-14,2024-12-21,Mobile Wallet,Rep_Ahmed,0.0,325.0
30001898,100006,200003,4,2024-10-29,2024-11-04,Bank Transfer,Rep_Mariam,0.1,648.0
30001899,100019,200004,2,2025-09-07,2025-09-13,Bank Transfer,Rep_Ahmed,0.05,437.0
30001900,100063,200006,3,2024-11-19,2024-11-23,Bank Transfer,Rep_Ahmed,0.05,2847.15
30001901,100038,200005,1,2025-04-12,2025-04-19,Credit Card,Rep_Ahmed,0.0,49.0
30001902,100082,200008,5,2025-08-11,2025-08-16,Mobile Wallet,Rep_Mariam,0.0,1600.0
30001903,100022,200001,4,2025-06-05,2025-06-10,Mobile Wallet,Rep_Sara,0.05,4936.2
30001904,100002,200001,5,2025-02-03,2025-02-05,Credit Card,Rep_Mariam,0.1,5845.5
30001905,100055,200009,2,2025-04-03,2025-04-08,Cash,Rep_Mariam,0.0,320.0
30001906,100054,200004,3,2025-03-28,2025-03-29,Bank Transfer,Rep_Mariam,0.1,621.0
30001907,100075,200001,1,2025-07-26,2025-07-28,Bank Transfer,Rep_Omar,0.1,1169.1
30001908,100066,200009,5,2025-05-30,2025-06-04,Credit Card,Rep_Ahmed,0.0,800.0
30001909,100047,200004,5,2024-12-21,2024-12-25,Credit Card,Rep_Sara,0.1,1035.0
30001910,100043,200008,5,2024-10-04,2024-10-09,Credit Card,Rep_Mariam,0.05,1520.0
30001911,100031,200007,5,2024-10-08,2024-10-15,Cash,Rep_Mariam,0.1,292.5
30001912,100003,200006,2,2025-08-15,2025-08-22,Bank Transfer,Rep_Sara,0.05,1898.1
30001913,100061,200007,2,2025-01-27,2025-01-28,Mobile Wallet,Rep_Sara,0.1,117.0
30001914,100014,200002,3,2025-03-26,2025-03-29,Bank Transfer,Rep_Sara,0.1,3237.3
30001915,100008,200005,5,2025-04-05,2025-04-09,Bank Transfer,Rep_Sara,0.1,220.5
30001916,100099,200002,5,2025-01-10,2025-01-13,Cash,Rep_Ahmed,0.0,5995.0
30001917,100099,200005,2,2025-06-08,2025-06-09,Bank Transfer,Rep_Omar,0.05,93.1
30001918,100069,200010,5,2025-02-16,2025-02-19,Mobile Wallet,Rep_Omar,0.1,540.0
30001919,100084,200004,1,2025-07-02,2025-07-08,Credit Card,Rep_Omar,0.05,218.5
30001920,100008,200002,4,2025-07-10,2025-07-12,Cash,Rep_Ahmed,0.05,4556.2
30001921,100011,200006,2,2025-05-24,2025-05-29,Credit Card,Rep_Sara,0.05,1898.1
30001922,100015,200008,3,2025-07-09,2025-07-12,Cash,Rep_Omar,0.0,960.0
30001923,100040,200003,1,2025-02-11,2025-02-12,Bank Transfer,Rep_Omar,0.1,162.0
30001924,100019,200004,2,2024-09-28,2024-10-04,Credit Card,Rep_Ahmed,0.05,437.0
30001925,100020,200004,1,2025-05-11,2025-05-15,Mobile Wallet,Rep_Sara,0.0,230.0
30001926,100082,200008,3,2025-07-15,2025-07-21,Bank Transfer,Rep_Mariam,0.05,912.0
30001927,100058,200008,4,2025-07-03,2025-07-10,Bank Transfer,Rep_Mariam,0.1,1152.0
30001928,100003,200008,4,2025-08-28,2025-09-04,Mobile Wallet,Rep_Mariam,0.05,1216.0
30001929,100075,200006,3,2025-07-26,2025-07-31,Bank Transfer,Rep_Sara,0.1,2697.3
30001930,100006,200005,3,2025-03-27,2025-04-01,Mobile Wallet,Rep_Omar,0.0,147.0
30001931,100062,200010,3,2024-09-30,2024-10-01,Mobile Wallet,Rep_Sara,0.1,324.0
30001932,100091,200003,1,2024-11-22,2024-11-27,Bank Transfer,Rep_Sara,0.1,162.0
30001933,100070,200005,2,2024-11-03,2024-11-07,Mobile Wallet,Rep_Omar,0.0,98.0
30001934,100085,200008,1,2025-07-12,2025-07-13,Credit Card,Rep_Sara,0.0,320.0
30001935,100038,200006,4,2025-01-12,2025-01-18,Cash,Rep_Omar,0.05,3796.2
30001936,100091,200009,4,2025-03-23,2025-03-26,Mobile Wallet,Rep_Mariam,0.1,576.0
30001937,100038,200010,3,2024-11-27,2024-11-30,Bank Transfer,Rep_Sara,0.1,324.0
30001938,100057,200008,2,2025-09-04,2025-09-08,Credit Card,Rep_Mariam,0.1,576.0
30001939,100086,200007,4,2025-06-05,2025-06-10,Mobile Wallet,Rep_Ahmed,0.1,234.0
30001940,100010,200001,5,2024-09-24,2024-09-29,Credit Card,Rep_Omar,0.0,6495.0
30001941,100098,200006,2,2025-03-16,2025-03-23,Mobile Wallet,Rep_Omar,0.05,1898.1
30001942,100010,200009,2,2025-02-12,2025-02-18,Mobile Wallet,Rep_Omar,0.0,320.0
30001943,100014,200008,1,2024-09-22,2024-09-27,Credit Card,Rep_Sara,0.1,288.0
30001944,100053,200003,5,2024-10-23,2024-10-24,Credit Card,Rep_Omar,0.1,810.0
30001945,100036,200010,1,2025-07-25,2025-07-27,Cash,Rep_Mariam,0.1,108.0
30001946,100060,200001,4,2025-09-03,2025-09-07,Cash,Rep_Omar,0.05,4936.2
30001947,100028,200009,2,2025-05-19,2025-05-23,Credit Card,Rep_Sara,0.1,288.0
30001948,100004,200007,1,2025-06-19,2025-06-26,Bank Transfer,Rep_Omar,0.1,58.5
30001949,100051,200008,1,2025-07-18,2025-07-24,Mobile Wallet,Rep_Sara,0.1,288.0
30001950,100045,200005,5,2024-11-25,2024-12-01,Cash,Rep_Mariam,0.1,220.5
30001951,100048,200006,5,2024-09-24,2024-09-27,Bank Transfer,Rep_Omar,0.1,4495.5
30001952,100081,200009,1,2024-12-08,2024-12-13,Credit Card,Rep_Ahmed,0.0,160.0
30001953,100032,200005,1,2024-10-22,2024-10-25,Mobile Wallet,Rep_Ahmed,0.0,49.0
30001954,100082,200006,3,2024-11-23,2024-11-27,Mobile Wallet,Rep_Omar,0.0,2997.0
30001955,100046,200005,2,2025-06-23,2025-06-30,Mobile Wallet,Rep_Ahmed,0.1,88.2
30001956,100054,200003,2,2025-04-04,2025-04-09,Cash,Rep_Sara,0.1,324.0
30001957,100085,200005,4,2025-09-11,2025-09-13,Cash,Rep_Ahmed,0.05,186.2
30001958,100089,200006,3,2024-12-03,2024-12-06,Bank Transfer,Rep_Mariam,0.1,2697.3
30001959,100026,200004,1,2024-11-07,2024-11-12,Bank Transfer,Rep_Mariam,0.0,230.0
30001960,100071,200006,1,2024-11-10,2024-11-16,Credit Card,Rep_Omar,0.0,999.0
30001961,100043,200007,5,2025-01-31,2025-02-06,Credit Card,Rep_Ahmed,0.1,292.5
30001962,100058,200001,3,2024-12-30,2025-01-02,Credit Card,Rep_Mariam,0.05,3702.15
30001963,100015,200010,3,2025-08-19,2025-08-23,Credit Card,Rep_Ahmed,0.0,360.0
30001964,100049,200002,5,2024-10-04,2024-10-06,Bank Transfer,Rep_Sara,0.1,5395.5
30001965,100037,200008,5,2025-07-08,2025-07-13,Mobile Wallet,Rep_Omar,0.0,1600.0
30001966,100037,200009,1,2025-08-29,2025-08-31,Cash,Rep_Mariam,0.1,144.0
30001967,100056,200005,2,2025-05-20,2025-05-24,Credit Card,Rep_Sara,0.0,98.0
30001968,100039,200002,5,2025-05-20,2025-05-26,Bank Transfer,Rep_Omar,0.0,5995.0
30001969,100060,200006,3,2025-07-02,2025-07-06,Credit Card,Rep_Sara,0.0,2997.0
30001970,100078,200002,2,2025-07-05,2025-07-07,Cash,Rep_Mariam,0.1,2158.2
30001971,100060,200009,4,2025-01-28,2025-02-02,Credit Card,Rep_Ahmed,0.05,608.0
30001972,100038,200004,3,2025-06-03,2025-06-07,Mobile Wallet,Rep_Omar,0.0,690.0
30001973,100036,200009,2,2025-01-18,2025-01-25,Bank Transfer,Rep_Sara,0.0,320.0
30001974,100037,200008,5,2025-01-25,2025-01-28,Mobile Wallet,Rep_Mariam,0.1,1440.0
30001975,100047,200001,3,2025-03-04,2025-03-09,Bank Transfer,Rep_Ahmed,0.0,3897.0
30001976,100062,200001,4,2025-08-04,2025-08-10,Mobile Wallet,Rep_Omar,0.05,4936.2
30001977,100040,200010,1,2025-05-13,2025-05-16,Bank Transfer,Rep_Mariam,0.05,114.0
30001978,100061,200010,1,2025-02-22,2025-02-27,Credit Card,Rep_Mariam,0.1,108.0
30001979,100025,200001,4,2025-01-22,2025-01-25,Bank Transfer,Rep_Ahmed,0.05,4936.2
30001980,100085,200002,4,2025-08-27,2025-08-28,Mobile Wallet,Rep_Sara,0.0,4796.0
30001981,100057,200004,1,2025-04-12,2025-04-16,Credit Card,Rep_Sara,0.1,207.0
30001982,100056,200004,3,2025-06-23,2025-06-29,Mobile Wallet,Rep_Ahmed,0.1,621.0
30001983,100069,200006,4,2025-09-13,2025-09-19,Bank Transfer,Rep_Mariam,0.05,3796.2
30001984,100038,200006,4,2025-08-14,2025-08-19,Bank Transfer,Rep_Ahmed,0.05,3796.2
30001985,100072,200009,4,2024-12-29,2024-12-31,Bank Transfer,Rep_Sara,0.05,608.0
30001986,100027,200004,3,2024-09-17,2024-09-20,Credit Card,Rep_Ahmed,0.0,690.0
30001987,100008,200005,5,2025-02-04,2025-02-07,Bank Transfer,Rep_Ahmed,0.0,245.0
30001988,100018,200008,2,2025-06-20,2025-06-21,Mobile Wallet,Rep_Sara,0.0,640.0
30001989,100063,200008,2,2024-11-17,2024-11-24,Mobile Wallet,Rep_Sara,0.1,576.0
30001990,100045,200008,4,2025-07-05,2025-07-06,Bank Transfer,Rep_Sara,0.1,1152.0
30001991,100033,200010,3,2025-04-08,2025-04-14,Cash,Rep_Omar,0.0,360.0
30001992,100095,200009,4,2024-09-22,2024-09-26,Cash,Rep_Ahmed,0.1,576.0
30001993,100090,200001,2,2025-05-08,2025-05-10,Bank Transfer,Rep_Ahmed,0.0,2598.0
30001994,100081,200004,4,2024-12-09,2024-12-11,Bank Transfer,Rep_Sara,0.05,874.0
30001995,100032,200002,1,2025-06-14,2025-06-19,Mobile Wallet,Rep_Ahmed,0.0,1199.0
30001996,100092,200004,2,2025-09-14,2025-09-16,Cash,Rep_Mariam,0.05,437.0
30001997,100049,200009,4,2025-03-22,2025-03-25,Bank Transfer,Rep_Mariam,0.05,608.0
30001998,100090,200007,4,2025-06-20,2025-06-24,Mobile Wallet,Rep_Omar,0.05,247.0
30001999,100076,200007,2,2024-09-27,2024-09-30,Cash,Rep_Sara,0.0,130.0
30002000,100084,200003,4,2025-05-04,2025-05-09,Bank Transfer,Rep_Sara,0.1,648.0
30002001,100041,200002,1,2025-06-02,2025-06-03,Bank Transfer,Rep_Ahmed,0.1,1079.1
30002002,100048,200009,4,2025-08-18,2025-08-25,Mobile Wallet,Rep_Sara,0.1,576.0
30002003,100001,200008,3,2025-05-29,2025-06-04,Cash,Rep_Omar,0.1,864.0
30002004,100092,200001,5,2025-09-06,2025-09-07,Cash,Rep_Sara,0.1,5845.5
30002005,100083,200004,1,2024-09-16,2024-09-22,Mobile Wallet,Rep_Mariam,0.1,207.0
30002006,100059,200003,1,2025-07-26,2025-08-01,Bank Transfer,Rep_Omar,0.1,162.0
30002007,100050,200009,5,2024-10-25,2024-11-01,Mobile Wallet,Rep_Mariam,0.1,720.0
30002008,100064,200001,4,2025-03-09,2025-03-16,Cash,Rep_Omar,0.0,5196.0
30002009,100069,200001,2,2025-06-09,2025-06-10,Credit Card,Rep_Sara,0.0,2598.0
30002010,100049,200007,3,2025-09-10,2025-09-11,Bank Transfer,Rep_Omar,0.05,185.25
30002011,100065,200006,2,2025-04-21,2025-04-24,Mobile Wallet,Rep_Mariam,0.05,1898.1
30002012,100093,200010,5,2025-05-20,2025-05-27,Bank Transfer,Rep_Omar,0.1,540.0
30002013,100016,200006,4,2025-08-10,2025-08-12,Cash,Rep_Ahmed,0.05,3796.2
30002014,100039,200005,1,2025-01-20,2025-01-22,Cash,Rep_Ahmed,0.1,44.1
30002015,100016,200004,3,2025-06-02,2025-06-04,Cash,Rep_Sara,0.0,690.0
30002016,100038,200005,4,2025-08-15,2025-08-20,Cash,Rep_Omar,0.05,186.2
30002017,100035,200005,1,2025-01-17,2025-01-19,Bank Transfer,Rep_Mariam,0.0,49.0
30002018,100082,200010,3,2025-09-12,2025-09-16,Cash,Rep_Omar,0.1,324.0
30002019,100006,200006,2,2024-12-25,2024-12-30,Cash,Rep_Sara,0.05,1898.1
30002020,100056,200004,2,2025-05-29,2025-05-30,Cash,Rep_Omar,0.0,460.0
30002021,100048,200003,2,2025-06-04,2025-06-07,Cash,Rep_Mariam,0.1,324.0
30002022,100057,200002,2,2025-08-13,2025-08-15,Cash,Rep_Ahmed,0.05,2278.1
30002023,100093,200008,4,2025-08-17,2025-08-24,Credit Card,Rep_Sara,0.0,1280.0
30002024,100088,200007,4,2025-02-06,2025-02-12,Credit Card,Rep_Omar,0.05,247.0
30002025,100051,200006,1,2025-02-16,2025-02-18,Credit Card,Rep_Sara,0.0,999.0
30002026,100097,200001,1,2024-09-20,2024-09-22,Cash,Rep_Sara,0.1,1169.1
30002027,100024,200004,2,2025-07-11,2025-07-17,Mobile Wallet,Rep_Omar,0.05,437.0
30002028,100077,200006,3,2025-01-23,2025-01-24,Bank Transfer,Rep_Omar,0.05,2847.15
30002029,100019,200002,1,2025-07-20,2025-07-24,Cash,Rep_Sara,0.1,1079.1
30002030,100055,200008,2,2025-09-06,2025-09-11,Cash,Rep_Ahmed,0.05,608.0
30002031,100065,200003,4,2025-06-21,2025-06-22,Mobile Wallet,Rep_Mariam,0.05,684.0
30002032,100021,200008,2,2025-08-26,2025-09-02,Mobile Wallet,Rep_Mariam,0.0,640.0
30002033,100068,200005,2,2024-12-04,2024-12-11,Mobile Wallet,Rep_Mariam,0.05,93.1
30002034,100002,200005,3,2025-06-27,2025-07-03,Bank Transfer,Rep_Omar,0.1,132.3
30002035,100047,200001,4,2024-09-18,2024-09-20,Credit Card,Rep_Mariam,0.1,4676.4
30002036,100048,200002,5,2025-04-25,2025-04-28,Credit Card,Rep_Mariam,0.0,5995.0
30002037,100009,200004,5,2025-01-25,2025-02-01,Credit Card,Rep_Mariam,0.0,1150.0
30002038,100009,200007,2,2025-04-10,2025-04-13,Credit Card,Rep_Omar,0.1,117.0
30002039,100006,200004,3,2025-03-27,2025-03-31,Mobile Wallet,Rep_Mariam,0.0,690.0
30002040,100052,200004,5,2025-01-14,2025-01-15,Cash,Rep_Mariam,0.0,1150.0
30002041,100010,200005,5,2025-03-15,2025-03-21,Credit Card,Rep_Omar,0.1,220.5
30002042,100080,200007,2,2025-05-23,2025-05-25,Mobile Wallet,Rep_Sara,0.0,130.0
30002043,100006,200010,2,2025-04-08,2025-04-10,Credit Card,Rep_Ahmed,0.0,240.0
30002044,100086,200008,2,2025-04-16,2025-04-21,Mobile Wallet,Rep_Ahmed,0.0,640.0
30002045,100045,200008,4,2024-12-06,2024-12-12,Mobile Wallet,Rep_Omar,0.05,1216.0
30002046,100077,200004,1,2025-03-09,2025-03-14,Bank Transfer,Rep_Ahmed,0.0,230.0
30002047,100034,200004,2,2025-02-13,2025-02-15,Cash,Rep_Ahmed,0.0,460.0
30002048,100095,200001,3,2025-08-30,2025-09-02,Credit Card,Rep_Mariam,0.0,3897.0
30002049,100058,200005,5,2025-01-22,2025-01-27,Credit Card,Rep_Mariam,0.0,245.0
30002050,100073,200006,4,2024-12-07,2024-12-14,Bank Transfer,Rep_Mariam,0.1,3596.4
30002051,100026,200010,1,2025-08-02,2025-08-04,Credit Card,Rep_Ahmed,0.1,108.0
30002052,100057,200008,2,2025-03-30,2025-04-06,Cash,Rep_Mariam,0.05,608.0
30002053,100063,200008,4,2024-11-21,2024-11-28,Credit Card,Rep_Sara,0.0,1280.0
30002054,100078,200002,2,2025-08-22,2025-08-27,Credit Card,Rep_Ahmed,0.0,2398.0
30002055,100029,200004,5,2024-10-08,2024-10-13,Bank Transfer,Rep_Mariam,0.1,1035.0
30002056,100090,200008,3,2025-05-18,2025-05-25,Mobile Wallet,Rep_Sara,0.0,960.0
30002057,100091,200004,4,2025-06-25,2025-07-01,Mobile Wallet,Rep_Ahmed,0.0,920.0
30002058,100071,200006,5,2025-06-09,2025-06-16,Bank Transfer,Rep_Omar,0.0,4995.0
30002059,100039,200005,5,2025-04-03,2025-04-08,Credit Card,Rep_Mariam,0.1,220.5
30002060,100069,200001,4,2025-01-11,2025-01-18,Bank Transfer,Rep_Ahmed,0.1,4676.4
30002061,100015,200005,2,2024-10-25,2024-10-29,Cash,Rep_Omar,0.1,88.2
30002062,100014,200010,1,2025-08-19,2025-08-25,Cash,Rep_Ahmed,0.05,114.0
30002063,100028,200010,2,2024-10-04,2024-10-05,Cash,Rep_Ahmed,0.1,216.0
30002064,100081,200001,4,2024-12-16,2024-12-17,Cash,Rep_Omar,0.1,4676.4
30002065,100004,200007,4,2025-05-10,2025-05-14,Mobile Wallet,Rep_Omar,0.05,247.0
30002066,100077,200009,4,2024-10-04,2024-10-07,Mobile Wallet,Rep_Omar,0.05,608.0
30002067,100099,200005,1,2024-11-30,2024-12-06,Credit Card,Rep_Mariam,0.05,46.55
30002068,100093,200005,3,2025-06-10,2025-06-17,Mobile Wallet,Rep_Sara,0.05,139.65
30002069,100097,200010,1,2024-10-13,2024-10-20,Bank Transfer,Rep_Omar,0.0,120.0
30002070,100030,200002,3,2024-11-21,2024-11-28,Cash,Rep_Ahmed,0.0,3597.0
30002071,100073,200005,1,2025-07-21,2025-07-28,Cash,Rep_Sara,0.1,44.1
30002072,100064,200004,1,2025-02-26,2025-02-27,Cash,Rep_Ahmed,0.0,230.0
30002073,100031,200008,4,2025-03-23,2025-03-24,Credit Card,Rep_Ahmed,0.0,1280.0
30002074,100074,200007,1,2025-06-10,2025-06-13,Bank Transfer,Rep_Sara,0.1,58.5
30002075,100039,200005,3,2025-01-04,2025-01-05,Cash,Rep_Ahmed,0.1,132.3
30002076,100035,200004,1,2024-12-29,2025-01-01,Credit Card,Rep_Mariam,0.1,207.0
30002077,100038,200009,3,2025-04-08,2025-04-09,Mobile Wallet,Rep_Sara,0.05,456.0
30002078,100031,200006,2,2024-11-18,2024-11-22,Credit Card,Rep_Sara,0.0,1998.0
30002079,100072,200003,4,2025-04-29,2025-05-06,Bank Transfer,Rep_Sara,0.1,648.0
30002080,100012,200001,2,2024-10-22,2024-10-24,Mobile Wallet,Rep_Mariam,0.05,2468.1
30002081,100001,200006,3,2025-06-03,2025-06-10,Bank Transfer,Rep_Sara,0.05,2847.15
30002082,100042,200004,2,2025-09-05,2025-09-07,Mobile Wallet,Rep_Ahmed,0.0,460.0
30002083,100008,200004,5,2025-07-06,2025-07-10,Cash,Rep_Omar,0.05,1092.5
30002084,100017,200010,1,2025-07-30,2025-08-03,Bank Transfer,Rep_Omar,0.1,108.0
30002085,100050,200005,3,2025-09-12,2025-09-16,Credit Card,Rep_Mariam,0.0,147.0
30002086,100098,200003,1,2024-11-07,2024-11-10,Cash,Rep_Mariam,0.05,171.0
30002087,100009,200004,4,2025-05-10,2025-05-13,Cash,Rep_Ahmed,0.1,828.0
30002088,100041,200003,1,2025-05-13,2025-05-15,Cash,Rep_Sara,0.1,162.0
30002089,100100,200010,2,2025-01-28,2025-02-01,Mobile Wallet,Rep_Ahmed,0.1,216.0
30002090,100074,200005,5,2024-10-26,2024-10-30,Mobile Wallet,Rep_Omar,0.1,220.5
30002091,100089,200009,5,2024-10-19,2024-10-25,Credit Card,Rep_Ahmed,0.1,720.0
30002092,100049,200004,5,2025-03-04,2025-03-08,Bank Transfer,Rep_Sara,0.0,1150.0
30002093,100035,200006,3,2025-07-25,2025-07-26,Mobile Wallet,Rep_Ahmed,0.1,2697.3
30002094,100040,200005,5,2024-12-31,2025-01-05,Credit Card,Rep_Ahmed,0.0,245.0
30002095,100023,200004,5,2024-11-16,2024-11-17,Mobile Wallet,Rep_Mariam,0.05,1092.5
30002096,100024,200002,1,2024-12-17,2024-12-20,Mobile Wallet,Rep_Sara,0.05,1139.05
30002097,100024,200003,4,2025-02-27,2025-03-05,Bank Transfer,Rep_Ahmed,0.1,648.0
30002098,100038,200004,1,2024-11-25,2024-11-30,Cash,Rep_Mariam,0.0,230.0
30002099,100100,200006,2,2025-01-11,2025-01-13,Mobile Wallet,Rep_Ahmed,0.1,1798.2
30002100,100028,200003,2,2025-06-24,2025-06-25,Credit Card,Rep_Ahmed,0.05,342.0
30002101,100058,200008,1,2025-01-27,2025-02-01,Bank Transfer,Rep_Sara,0.1,288.0
30002102,100010,200009,2,2024-10-21,2024-10-25,Mobile Wallet,Rep_Mariam,0.0,320.0
30002103,100079,200003,4,2024-10-25,2024-10-30,Credit Card,Rep_Sara,0.1,648.0
30002104,100018,200001,2,2024-12-13,2024-12-14,Mobile Wallet,Rep_Mariam,0.1,2338.2
30002105,100100,200007,4,2025-05-07,2025-05-10,Bank Transfer,Rep_Omar,0.0,260.0
30002106,100064,200005,3,2025-08-14,2025-08-16,Cash,Rep_Mariam,0.0,147.0
30002107,100005,200010,3,2025-07-17,2025-07-21,Bank Transfer,Rep_Omar,0.1,324.0
30002108,100039,200007,1,2024-10-24,2024-10-28,Bank Transfer,Rep_Mariam,0.05,61.75
30002109,100024,200003,1,2024-10-29,2024-11-03,Cash,Rep_Mariam,0.05,171.0
30002110,100052,200001,1,2025-06-09,2025-06-13,Credit Card,Rep_Mariam,0.1,1169.1
30002111,100083,200001,4,2024-12-25,2024-12-29,Cash,Rep_Sara,0.05,4936.2
30002112,100012,200004,3,2024-11-19,2024-11-23,Cash,Rep_Sara,0.1,621.0
30002113,100031,200009,3,2025-05-19,2025-05-20,Bank Transfer,Rep_Sara,0.1,432.0
30002114,100099,200006,2,2025-04-07,2025-04-13,Credit Card,Rep_Mariam,0.1,1798.2
30002115,100017,200003,4,2025-01-02,2025-01-09,Bank Transfer,Rep_Ahmed,0.0,720.0
30002116,100038,200005,3,2025-01-21,2025-01-27,Bank Transfer,Rep_Sara,0.05,139.65
30002117,100094,200003,5,2025-03-24,2025-03-29,Mobile Wallet,Rep_Ahmed,0.1,810.0
30002118,100062,200006,1,2024-10-17,2024-10-18,Cash,Rep_Ahmed,0.05,949.05
30002119,100010,200002,4,2025-08-29,2025-09-04,Bank Transfer,Rep_Ahmed,0.1,4316.4
30002120,100064,200006,5,2025-02-24,2025-02-27,Cash,Rep_Omar,0.0,4995.0
30002121,100070,200008,1,2025-06-17,2025-06-23,Bank Transfer,Rep_Mariam,0.0,320.0
30002122,100031,200003,3,2024-11-30,2024-12-02,Mobile Wallet,Rep_Mariam,0.1,486.0
30002123,100061,200006,5,2025-06-16,2025-06-20,Cash,Rep_Ahmed,0.0,4995.0
30002124,100086,200003,1,2025-07-22,2025-07-28,Mobile Wallet,Rep_Mariam,0.0,180.0
30002125,100075,200007,3,2025-03-23,2025-03-30,Mobile Wallet,Rep_Sara,0.05,185.25
30002126,100093,200010,2,2024-12-16,2024-12-21,Cash,Rep_Ahmed,0.05,228.0
30002127,100073,200003,5,2025-07-09,2025-07-14,Bank Transfer,Rep_Mariam,0.1,810.0
30002128,100097,200004,5,2024-12-30,2025-01-01,Mobile Wallet,Rep_Mariam,0.1,1035.0
30002129,100022,200008,3,2025-06-09,2025-06-13,Cash,Rep_Mariam,0.0,960.0
30002130,100019,200004,5,2025-02-10,2025-02-16,Credit Card,Rep_Sara,0.1,1035.0
30002131,100052,200004,2,2025-05-21,2025-05-23,Cash,Rep_Sara,0.05,437.0
30002132,100043,200010,4,2025-01-23,2025-01-30,Cash,Rep_Sara,0.05,456.0
30002133,100006,200005,1,2025-09-11,2025-09-18,Bank Transfer,Rep_Omar,0.05,46.55
30002134,100063,200003,5,2025-04-12,2025-04-17,Credit Card,Rep_Sara,0.0,900.0
30002135,100037,200001,4,2024-11-10,2024-11-17,Bank Transfer,Rep_Omar,0.05,4936.2
30002136,100086,200009,5,2025-06-04,2025-06-10,Bank Transfer,Rep_Mariam,0.1,720.0
30002137,100027,200004,4,2025-08-11,2025-08-16,Mobile Wallet,Rep_Ahmed,0.05,874.0
30002138,100018,200006,1,2025-06-27,2025-06-28,Cash,Rep_Sara,0.05,949.05
30002139,100061,200007,5,2025-03-26,2025-04-01,Bank Transfer,Rep_Sara,0.05,308.75
30002140,100080,200002,3,2025-06-02,2025-06-04,Cash,Rep_Mariam,0.1,3237.3
30002141,100022,200001,3,2024-10-28,2024-11-03,Cash,Rep_Sara,0.1,3507.3
30002142,100040,200001,2,2025-03-12,2025-03-17,Mobile Wallet,Rep_Sara,0.1,2338.2
30002143,100052,200001,2,2025-09-12,2025-09-18,Bank Transfer,Rep_Ahmed,0.05,2468.1
30002144,100082,200009,2,2025-02-09,2025-02-11,Mobile Wallet,Rep_Omar,0.1,288.0
30002145,100100,200004,5,2025-04-30,2025-05-06,Bank Transfer,Rep_Omar,0.0,1150.0
30002146,100072,200008,5,2025-03-31,2025-04-04,Credit Card,Rep_Omar,0.1,1440.0
30002147,100073,200004,2,2024-09-16,2024-09-23,Credit Card,Rep_Sara,0.0,460.0
30002148,100019,200010,2,2025-01-26,2025-02-01,Mobile Wallet,Rep_Mariam,0.1,216.0
30002149,100030,200005,3,2025-01-19,2025-01-20,Cash,Rep_Sara,0.05,139.65
30002150,100048,200002,2,2025-01-07,2025-01-13,Cash,Rep_Omar,0.05,2278.1
30002151,100081,200001,2,2025-05-30,2025-06-03,Bank Transfer,Rep_Sara,0.1,2338.2
30002152,100069,200004,4,2025-08-22,2025-08-23,Bank Transfer,Rep_Sara,0.1,828.0
30002153,100044,200009,2,2025-09-08,2025-09-11,Cash,Rep_Ahmed,0.05,304.0
30002154,100076,200009,1,2025-04-05,2025-04-06,Cash,Rep_Mariam,0.0,160.0
30002155,100055,200005,5,2025-05-28,2025-06-03,Bank Transfer,Rep_Omar,0.1,220.5
30002156,100056,200006,3,2025-02-01,2025-02-04,Mobile Wallet,Rep_Mariam,0.0,2997.0
30002157,100071,200006,2,2025-08-01,2025-08-04,Mobile Wallet,Rep_Sara,0.0,1998.0
30002158,100020,200003,3,2025-07-23,2025-07-25,Credit Card,Rep_Sara,0.1,486.0
30002159,100006,200007,1,2025-01-26,2025-01-31,Credit Card,Rep_Mariam,0.05,61.75
30002160,100031,200007,5,2025-06-04,2025-06-09,Cash,Rep_Omar,0.0,325.0
30002161,100043,200009,3,2025-08-07,2025-08-14,Bank Transfer,Rep_Omar,0.1,432.0
30002162,100046,200003,3,2024-09-25,2024-09-30,Cash,Rep_Ahmed,0.0,540.0
30002163,100082,200003,2,2025-03-26,2025-03-30,Cash,Rep_Sara,0.05,342.0
30002164,100074,200003,5,2025-04-06,2025-04-07,Bank Transfer,Rep_Omar,0.0,900.0
30002165,100004,200008,3,2025-06-01,2025-06-04,Bank Transfer,Rep_Ahmed,0.1,864.0
30002166,100067,200007,1,2025-02-11,2025-02-12,Bank Transfer,Rep_Omar,0.05,61.75
30002167,100008,200010,4,2024-10-03,2024-10-04,Credit Card,Rep_Ahmed,0.05,456.0
30002168,100098,200004,4,2025-05-15,2025-05-22,Credit Card,Rep_Ahmed,0.0,920.0
30002169,100029,200002,3,2024-11-06,2024-11-11,Credit Card,Rep_Mariam,0.1,3237.3
30002170,100039,200010,1,2025-02-06,2025-02-09,Credit Card,Rep_Ahmed,0.0,120.0
30002171,100023,200010,3,2025-02-05,2025-02-08,Bank Transfer,Rep_Sara,0.05,342.0
30002172,100007,200003,5,2024-11-03,2024-11-04,Cash,Rep_Sara,0.0,900.0
30002173,100064,200003,5,2024-10-04,2024-10-05,Cash,Rep_Sara,0.05,855.0
30002174,100065,200007,5,2024-11-28,2024-12-03,Credit Card,Rep_Omar,0.0,325.0
30002175,100062,200008,4,2025-04-23,2025-04-30,Cash,Rep_Mariam,0.05,1216.0
30002176,100095,200009,3,2025-08-28,2025-08-30,Credit Card,Rep_Mariam,0.05,456.0
30002177,100002,200009,5,2025-09-02,2025-09-04,Bank Transfer,Rep_Ahmed,0.1,720.0
30002178,100096,200004,2,2024-09-24,2024-09-26,Cash,Rep_Mariam,0.0,460.0
30002179,100056,200006,3,2024-09-25,2024-09-26,Cash,Rep_Mariam,0.05,2847.15
30002180,100087,200003,1,2025-03-23,2025-03-27,Credit Card,Rep_Ahmed,0.0,180.0
30002181,100061,200007,3,2025-02-05,2025-02-10,Credit Card,Rep_Mariam,0.0,195.0
30002182,100069,200003,3,2025-08-28,2025-08-29,Cash,Rep_Mariam,0.0,540.0
30002183,100067,200005,2,2025-05-08,2025-05-15,Credit Card,Rep_Omar,0.1,88.2
30002184,100073,200008,4,2025-05-17,2025-05-23,Credit Card,Rep_Ahmed,0.0,1280.0
30002185,100078,200001,2,2024-10-21,2024-10-23,Bank Transfer,Rep_Omar,0.1,2338.2
30002186,100088,200001,3,2025-02-16,2025-02-19,Cash,Rep_Ahmed,0.1,3507.3
30002187,100019,200004,1,2025-06-07,2025-06-14,Mobile Wallet,Rep_Sara,0.1,207.0
30002188,100086,200010,4,2025-05-19,2025-05-26,Cash,Rep_Omar,0.05,456.0
30002189,100069,200004,1,2024-09-17,2024-09-19,Credit Card,Rep_Omar,0.1,207.0
30002190,100080,200008,5,2024-09-23,2024-09-28,Bank Transfer,Rep_Ahmed,0.05,1520.0
30002191,100054,200005,3,2024-09-20,2024-09-24,Credit Card,Rep_Omar,0.0,147.0
30002192,100008,200010,3,2025-06-10,2025-06-12,Mobile Wallet,Rep_Sara,0.1,324.0
30002193,100090,200008,5,2025-02-08,2025-02-10,Mobile Wallet,Rep_Mariam,0.1,1440.0
30002194,100087,200005,2,2025-04-04,2025-04-11,Cash,Rep_Omar,0.0,98.0
30002195,100048,200005,4,2025-06-27,2025-06-30,Cash,Rep_Omar,0.05,186.2
30002196,100069,200005,3,2024-09-16,2024-09-22,Mobile Wallet,Rep_Sara,0.0,147.0
30002197,100038,200004,5,2025-05-05,2025-05-12,Cash,Rep_Sara,0.05,1092.5
30002198,100023,200006,5,2025-08-09,2025-08-15,Mobile Wallet,Rep_Omar,0.05,4745.25
30002199,100086,200010,1,2024-11-30,2024-12-01,Bank Transfer,Rep_Sara,0.05,114.0
30002200,100009,200009,2,2025-08-18,2025-08-20,Cash,Rep_Omar,0.05,304.0
30002201,100083,200002,1,2025-04-24,2025-04-29,Mobile Wallet,Rep_Omar,0.05,1139.05
30002202,100041,200005,2,2024-12-29,2025-01-05,Credit Card,Rep_Mariam,0.1,88.2
30002203,100038,200005,4,2025-03-05,2025-03-10,Credit Card,Rep_Ahmed,0.1,176.4
30002204,100074,200001,4,2024-12-25,2024-12-26,Credit Card,Rep_Ahmed,0.0,5196.0
30002205,100073,200001,2,2024-12-10,2024-12-11,Credit Card,Rep_Mariam,0.0,2598.0
30002206,100028,200003,5,2024-10-12,2024-10-18,Bank Transfer,Rep_Omar,0.0,900.0
30002207,100097,200008,2,2025-09-05,2025-09-12,Cash,Rep_Ahmed,0.1,576.0
30002208,100097,200001,4,2025-08-09,2025-08-16,Cash,Rep_Omar,0.05,4936.2
30002209,100075,200001,1,2025-05-06,2025-05-11,Mobile Wallet,Rep_Ahmed,0.0,1299.0
30002210,100013,200006,1,2024-11-29,2024-12-04,Mobile Wallet,Rep_Sara,0.0,999.0
30002211,100058,200005,1,2025-08-23,2025-08-26,Mobile Wallet,Rep_Ahmed,0.1,44.1
30002212,100017,200003,2,2025-03-12,2025-03-14,Cash,Rep_Mariam,0.0,360.0
30002213,100090,200006,1,2025-04-14,2025-04-16,Bank Transfer,Rep_Mariam,0.05,949.05
30002214,100074,200010,2,2025-08-22,2025-08-29,Cash,Rep_Sara,0.0,240.0
30002215,100051,200004,1,2024-11-22,2024-11-27,Mobile Wallet,Rep_Ahmed,0.05,218.5
30002216,100031,200007,1,2025-06-05,2025-06-09,Credit Card,Rep_Sara,0.1,58.5
30002217,100055,200004,1,2024-11-05,2024-11-06,Cash,Rep_Sara,0.0,230.0
30002218,100052,200008,4,2025-02-04,2025-02-09,Cash,Rep_Mariam,0.0,1280.0
30002219,100001,200007,1,2025-08-04,2025-08-08,Bank Transfer,Rep_Sara,0.0,65.0
30002220,100020,200003,4,2025-03-18,2025-03-21,Bank Transfer,Rep_Mariam,0.0,720.0
30002221,100090,200007,4,2024-10-20,2024-10-25,Credit Card,Rep_Mariam,0.1,234.0
30002222,100009,200001,5,2025-09-09,2025-09-12,Mobile Wallet,Rep_Omar,0.1,5845.5
30002223,100034,200009,4,2025-08-01,2025-08-05,Mobile Wallet,Rep_Sara,0.1,576.0
30002224,100061,200010,3,2025-07-18,2025-07-20,Credit Card,Rep_Mariam,0.1,324.0
30002225,100069,200001,2,2025-06-08,2025-06-12,Mobile Wallet,Rep_Omar,0.1,2338.2
30002226,100045,200003,1,2024-10-31,2024-11-01,Cash,Rep_Sara,0.1,162.0
30002227,100098,200007,1,2025-04-17,2025-04-22,Credit Card,Rep_Ahmed,0.05,61.75
30002228,100054,200010,1,2025-06-15,2025-06-19,Mobile Wallet,Rep_Mariam,0.0,120.0
30002229,100082,200006,4,2025-06-11,2025-06-12,Bank Transfer,Rep_Ahmed,0.0,3996.0
30002230,100088,200003,4,2025-06-28,2025-07-05,Mobile Wallet,Rep_Mariam,0.05,684.0
30002231,100013,200002,4,2025-08-02,2025-08-08,Cash,Rep_Sara,0.0,4796.0
30002232,100079,200002,3,2024-11-11,2024-11-16,Credit Card,Rep_Ahmed,0.0,3597.0
30002233,100069,200001,1,2025-05-26,2025-05-30,Mobile Wallet,Rep_Ahmed,0.05,1234.05
30002234,100099,200010,4,2025-02-11,2025-02-17,Mobile Wallet,Rep_Mariam,0.0,480.0
30002235,100057,200002,5,2024-12-01,2024-12-05,Mobile Wallet,Rep_Sara,0.05,5695.25
30002236,100081,200009,5,2024-11-21,2024-11-24,Bank Transfer,Rep_Mariam,0.0,800.0
30002237,100060,200009,1,2025-04-19,2025-04-20,Bank Transfer,Rep_Ahmed,0.1,144.0
30002238,100099,200001,2,2025-03-31,2025-04-02,Bank Transfer,Rep_Omar,0.05,2468.1
30002239,100093,200006,4,2025-06-20,2025-06-24,Cash,Rep_Sara,0.1,3596.4
30002240,100090,200006,5,2025-03-17,2025-03-19,Mobile Wallet,Rep_Sara,0.1,4495.5
30002241,100099,200007,4,2025-08-18,2025-08-22,Mobile Wallet,Rep_Mariam,0.0,260.0
30002242,100054,200008,4,2025-01-30,2025-02-05,Cash,Rep_Ahmed,0.0,1280.0
30002243,100016,200010,5,2024-11-29,2024-12-02,Cash,Rep_Sara,0.05,570.0
30002244,100020,200004,1,2024-11-23,2024-11-29,Cash,Rep_Sara,0.05,218.5
30002245,100018,200010,5,2025-05-31,2025-06-07,Credit Card,Rep_Mariam,0.05,570.0
30002246,100022,200007,2,2024-10-10,2024-10-17,Mobile Wallet,Rep_Mariam,0.05,123.5
30002247,100073,200001,3,2025-02-28,2025-03-03,Cash,Rep_Omar,0.05,3702.15
30002248,100054,200002,1,2025-03-23,2025-03-25,Cash,Rep_Sara,0.05,1139.05
30002249,100093,200010,1,2024-09-19,2024-09-22,Bank Transfer,Rep_Omar,0.1,108.0
30002250,100011,200002,4,2025-08-13,2025-08-19,Bank Transfer,Rep_Mariam,0.1,4316.4
30002251,100063,200001,3,2025-07-08,2025-07-09,Credit Card,Rep_Sara,0.0,3897.0
30002252,100025,200004,5,2024-10-24,2024-10-26,Bank Transfer,Rep_Omar,0.05,1092.5
30002253,100058,200010,1,2024-12-14,2024-12-19,Cash,Rep_Mariam,0.1,108.0
30002254,100061,200006,4,2025-01-02,2025-01-06,Credit Card,Rep_Omar,0.05,3796.2
30002255,100082,200001,1,2025-05-04,2025-05-10,Bank Transfer,Rep_Omar,0.1,1169.1
30002256,100051,200007,3,2025-07-13,2025-07-15,Credit Card,Rep_Omar,0.05,185.25
30002257,100038,200009,2,2025-05-08,2025-05-13,Mobile Wallet,Rep_Ahmed,0.1,288.0
30002258,100032,200004,3,2025-02-03,2025-02-06,Cash,Rep_Mariam,0.0,690.0
30002259,100060,200006,1,2024-12-08,2024-12-15,Credit Card,Rep_Ahmed,0.05,949.05
30002260,100019,200001,2,2025-08-24,2025-08-27,Cash,Rep_Ahmed,0.0,2598.0
30002261,100046,200005,1,2024-11-24,2024-11-28,Credit Card,Rep_Omar,0.05,46.55
30002262,100074,200009,4,2025-01-08,2025-01-15,Cash,Rep_Mariam,0.1,576.0
30002263,100002,200008,1,2024-12-08,2024-12-09,Credit Card,Rep_Omar,0.05,304.0
30002264,100084,200001,4,2025-06-01,2025-06-02,Mobile Wallet,Rep_Ahmed,0.05,4936.2
30002265,100089,200001,3,2025-04-12,2025-04-16,Mobile Wallet,Rep_Mariam,0.0,3897.0
30002266,100034,200004,4,2025-08-31,2025-09-02,Credit Card,Rep_Mariam,0.1,828.0
30002267,100056,200003,4,2025-05-21,2025-05-25,Credit Card,Rep_Mariam,0.05,684.0
30002268,100008,200003,2,2025-08-24,2025-08-31,Cash,Rep_Sara,0.05,342.0
30002269,100050,200001,5,2024-11-21,2024-11-25,Mobile Wallet,Rep_Sara,0.0,6495.0
30002270,100057,200008,2,2025-08-06,2025-08-08,Mobile Wallet,Rep_Sara,0.05,608.0
30002271,100025,200010,1,2024-10-09,2024-10-15,Credit Card,Rep_Mariam,0.1,108.0
30002272,100024,200003,3,2025-08-08,2025-08-14,Bank Transfer,Rep_Mariam,0.0,540.0
30002273,100076,200006,3,2025-02-17,2025-02-20,Bank Transfer,Rep_Ahmed,0.05,2847.15
30002274,100097,200009,1,2024-11-03,2024-11-04,Mobile Wallet,Rep_Mariam,0.1,144.0
30002275,100070,200005,5,2025-06-19,2025-06-25,Cash,Rep_Omar,0.1,220.5
30002276,100043,200010,5,2025-04-03,2025-04-10,Credit Card,Rep_Mariam,0.0,600.0
30002277,100024,200001,5,2025-03-09,2025-03-13,Bank Transfer,Rep_Omar,0.1,5845.5
30002278,100076,200006,2,2025-07-21,2025-07-27,Credit Card,Rep_Mariam,0.05,1898.1
30002279,100087,200009,5,2025-03-11,2025-03-15,Bank Transfer,Rep_Ahmed,0.05,760.0
30002280,100085,200005,2,2024-11-14,2024-11-19,Bank Transfer,Rep_Ahmed,0.1,88.2
30002281,100035,200006,4,2024-12-18,2024-12-20,Credit Card,Rep_Sara,0.0,3996.0
30002282,100088,200008,1,2025-02-17,2025-02-24,Bank Transfer,Rep_Omar,0.0,320.0
30002283,100093,200002,5,2025-06-09,2025-06-15,Mobile Wallet,Rep_Sara,0.1,5395.5
30002284,100079,200006,3,2025-02-17,2025-02-22,Credit Card,Rep_Mariam,0.05,2847.15
30002285,100061,200003,3,2025-05-25,2025-05-29,Mobile Wallet,Rep_Sara,0.0,540.0
30002286,100038,200002,4,2024-12-24,2024-12-27,Bank Transfer,Rep_Omar,0.0,4796.0
30002287,100036,200010,5,2025-06-03,2025-06-05,Cash,Rep_Mariam,0.1,540.0
30002288,100027,200005,1,2025-03-01,2025-03-04,Cash,Rep_Ahmed,0.0,49.0
30002289,100005,200003,2,2025-02-11,2025-02-14,Mobile Wallet,Rep_Ahmed,0.0,360.0
30002290,100017,200009,1,2024-12-18,2024-12-19,Bank Transfer,Rep_Omar,0.0,160.0
30002291,100077,200005,5,2025-02-11,2025-02-12,Credit Card,Rep_Sara,0.05,232.75
30002292,100099,200001,3,2025-02-09,2025-02-15,Credit Card,Rep_Sara,0.1,3507.3
30002293,100049,200006,2,2024-11-02,2024-11-03,Bank Transfer,Rep_Ahmed,0.1,1798.2
30002294,100100,200009,1,2025-08-17,2025-08-23,Bank Transfer,Rep_Sara,0.1,144.0
30002295,100064,200001,4,2025-04-08,2025-04-14,Mobile Wallet,Rep_Sara,0.0,5196.0
30002296,100045,200001,5,2025-08-22,2025-08-29,Mobile Wallet,Rep_Omar,0.05,6170.25
30002297,100088,200006,5,2024-11-13,2024-11-17,Mobile Wallet,Rep_Ahmed,0.1,4495.5
30002298,100077,200004,1,2024-11-29,2024-11-30,Mobile Wallet,Rep_Mariam,0.1,207.0
30002299,100095,200009,2,2024-12-07,2024-12-11,Cash,Rep_Omar,0.05,304.0
30002300,100020,200002,5,2025-03-08,2025-03-12,Mobile Wallet,Rep_Mariam,0.05,5695.25
30002301,100017,200007,3,2024-12-25,2024-12-30,Credit Card,Rep_Ahmed,0.1,175.5
30002302,100068,200005,4,2025-07-09,2025-07-12,Cash,Rep_Omar,0.05,186.2
30002303,100060,200009,3,2025-04-24,2025-04-27,Credit Card,Rep_Omar,0.1,432.0
30002304,100092,200004,2,2025-09-03,2025-09-05,Bank Transfer,Rep_Sara,0.05,437.0
30002305,100089,200005,4,2025-09-14,2025-09-21,Cash,Rep_Omar,0.05,186.2
30002306,100025,200002,4,2025-03-04,2025-03-05,Mobile Wallet,Rep_Ahmed,0.0,4796.0
30002307,100072,200002,4,2024-12-24,2024-12-29,Cash,Rep_Sara,0.0,4796.0
30002308,100079,200009,4,2025-03-30,2025-03-31,Bank Transfer,Rep_Mariam,0.1,576.0
30002309,100021,200004,3,2025-01-30,2025-02-06,Mobile Wallet,Rep_Sara,0.1,621.0
30002310,100016,200007,2,2024-11-23,2024-11-25,Bank Transfer,Rep_Mariam,0.1,117.0
30002311,100007,200001,2,2024-11-05,2024-11-12,Bank Transfer,Rep_Sara,0.0,2598.0
30002312,100005,200005,1,2024-09-16,2024-09-18,Cash,Rep_Omar,0.05,46.55
30002313,100016,200005,4,2025-02-11,2025-02-13,Cash,Rep_Mariam,0.05,186.2
30002314,100079,200008,4,2024-12-03,2024-12-09,Credit Card,Rep_Omar,0.1,1152.0
30002315,100041,200006,5,2025-03-09,2025-03-13,Credit Card,Rep_Mariam,0.0,4995.0
30002316,100063,200006,4,2025-07-28,2025-07-30,Cash,Rep_Mariam,0.05,3796.2
30002317,100047,200002,2,2025-02-15,2025-02-18,Mobile Wallet,Rep_Ahmed,0.0,2398.0
30002318,100052,200006,2,2024-11-12,2024-11-15,Bank Transfer,Rep_Mariam,0.1,1798.2
30002319,100091,200005,2,2025-03-06,2025-03-10,Mobile Wallet,Rep_Sara,0.1,88.2
30002320,100058,200010,2,2025-02-02,2025-02-05,Credit Card,Rep_Sara,0.0,240.0
30002321,100027,200006,4,2025-05-21,2025-05-28,Mobile Wallet,Rep_Sara,0.05,3796.2
30002322,100021,200008,5,2025-03-10,2025-03-11,Bank Transfer,Rep_Sara,0.0,1600.0
30002323,100024,200004,3,2025-01-27,2025-02-03,Cash,Rep_Mariam,0.05,655.5
30002324,100058,200009,2,2025-02-21,2025-02-24,Bank Transfer,Rep_Ahmed,0.0,320.0
30002325,100066,200007,2,2025-03-03,2025-03-04,Credit Card,Rep_Sara,0.05,123.5
30002326,100018,200005,5,2024-09-21,2024-09-27,Cash,Rep_Omar,0.1,220.5
30002327,100019,200010,3,2025-01-14,2025-01-19,Bank Transfer,Rep_Omar,0.05,342.0
30002328,100025,200002,2,2025-06-26,2025-06-29,Mobile Wallet,Rep_Mariam,0.0,2398.0
30002329,100080,200010,2,2024-12-18,2024-12-21,Cash,Rep_Mariam,0.05,228.0
30002330,100090,200001,4,2025-07-14,2025-07-15,Mobile Wallet,Rep_Ahmed,0.05,4936.2
30002331,100052,200008,3,2024-09-21,2024-09-23,Mobile Wallet,Rep_Omar,0.05,912.0
30002332,100052,200001,4,2025-02-27,2025-03-05,Cash,Rep_Mariam,0.1,4676.4
30002333,100018,200006,1,2024-10-30,2024-11-06,Credit Card,Rep_Mariam,0.0,999.0
30002334,100004,200009,2,2025-08-22,2025-08-23,Cash,Rep_Ahmed,0.1,288.0
30002335,100035,200003,4,2024-09-22,2024-09-24,Mobile Wallet,Rep_Sara,0.05,684.0
30002336,100055,200005,3,2024-11-30,2024-12-03,Credit Card,Rep_Sara,0.1,132.3
30002337,100057,200005,1,2025-05-24,2025-05-27,Credit Card,Rep_Omar,0.0,49.0
30002338,100069,200003,3,2025-02-05,2025-02-11,Mobile Wallet,Rep_Mariam,0.0,540.0
30002339,100025,200004,4,2025-06-08,2025-06-11,Bank Transfer,Rep_Mariam,0.0,920.0
30002340,100045,200010,5,2024-09-24,2024-09-27,Credit Card,Rep_Ahmed,0.05,570.0
30002341,100100,200007,3,2024-10-27,2024-10-31,Credit Card,Rep_Omar,0.1,175.5
30002342,100092,200009,3,2024-11-07,2024-11-14,Credit Card,Rep_Mariam,0.0,480.0
30002343,100049,200008,1,2025-03-15,2025-03-22,Bank Transfer,Rep_Omar,0.05,304.0
30002344,100081,200010,2,2024-09-24,2024-09-25,Credit Card,Rep_Omar,0.1,216.0
30002345,100011,200008,3,2025-05-16,2025-05-21,Mobile Wallet,Rep_Ahmed,0.0,960.0
30002346,100083,200005,5,2024-11-23,2024-11-27,Cash,Rep_Mariam,0.0,245.0
30002347,100077,200009,4,2025-04-22,2025-04-26,Bank Transfer,Rep_Sara,0.0,640.0
30002348,100017,200009,4,2025-02-09,2025-02-12,Mobile Wallet,Rep_Ahmed,0.05,608.0
30002349,100039,200002,1,2025-06-12,2025-06-17,Bank Transfer,Rep_Sara,0.1,1079.1
30002350,100031,200001,1,2025-02-17,2025-02-20,Cash,Rep_Omar,0.05,1234.05
30002351,100096,200005,3,2025-07-10,2025-07-13,Cash,Rep_Ahmed,0.1,132.3
30002352,100034,200008,2,2024-09-29,2024-10-06,Bank Transfer,Rep_Mariam,0.0,640.0
30002353,100029,200002,2,2024-10-23,2024-10-25,Bank Transfer,Rep_Sara,0.05,2278.1
30002354,100034,200003,4,2025-01-14,2025-01-20,Bank Transfer,Rep_Ahmed,0.1,648.0
30002355,100024,200009,5,2025-02-25,2025-03-03,Mobile Wallet,Rep_Ahmed,0.0,800.0
30002356,100097,200008,2,2025-05-08,2025-05-11,Credit Card,Rep_Sara,0.1,576.0
30002357,100087,200009,3,2025-06-09,2025-06-13,Cash,Rep_Ahmed,0.05,456.0
30002358,100089,200009,5,2025-07-02,2025-07-06,Credit Card,Rep_Mariam,0.0,800.0
30002359,100038,200009,2,2024-12-15,2024-12-22,Cash,Rep_Ahmed,0.1,288.0
30002360,100008,200002,4,2025-04-04,2025-04-10,Mobile Wallet,Rep_Omar,0.05,4556.2
30002361,100074,200005,2,2024-12-12,2024-12-19,Cash,Rep_Mariam,0.0,98.0
30002362,100093,200001,2,2025-02-08,2025-02-09,Mobile Wallet,Rep_Sara,0.1,2338.2
30002363,100003,200005,2,2025-05-21,2025-05-25,Cash,Rep_Sara,0.1,88.2
30002364,100076,200001,4,2024-12-31,2025-01-06,Cash,Rep_Mariam,0.0,5196.0
30002365,100048,200005,4,2025-04-04,2025-04-07,Cash,Rep_Omar,0.0,196.0
30002366,100062,200009,1,2024-11-30,2024-12-06,Credit Card,Rep_Omar,0.1,144.0
30002367,100014,200010,2,2025-01-29,2025-02-04,Cash,Rep_Mariam,0.0,240.0
30002368,100076,200008,3,2025-06-03,2025-06-10,Cash,Rep_Ahmed,0.0,960.0
30002369,100064,200007,3,2025-03-28,2025-04-03,Mobile Wallet,Rep_Omar,0.0,195.0
30002370,100038,200005,1,2024-11-06,2024-11-08,Bank Transfer,Rep_Mariam,0.05,46.55
30002371,100098,200009,5,2025-08-14,2025-08-16,Bank Transfer,Rep_Mariam,0.05,760.0
30002372,100024,200005,3,2025-04-26,2025-04-27,Cash,Rep_Mariam,0.0,147.0
30002373,100032,200010,2,2025-02-15,2025-02-16,Bank Transfer,Rep_Omar,0.1,216.0
30002374,100047,200009,4,2025-06-27,2025-07-03,Cash,Rep_Ahmed,0.1,576.0
30002375,100068,200004,2,2024-10-18,2024-10-20,Cash,Rep_Omar,0.0,460.0
30002376,100079,200006,4,2025-03-27,2025-03-29,Mobile Wallet,Rep_Omar,0.1,3596.4
30002377,100013,200002,2,2025-08-21,2025-08-23,Mobile Wallet,Rep_Sara,0.05,2278.1
30002378,100024,200004,3,2025-03-30,2025-04-06,Bank Transfer,Rep_Ahmed,0.0,690.0
30002379,100011,200004,1,2025-01-25,2025-01-26,Credit Card,Rep_Mariam,0.1,207.0
30002380,100093,200003,1,2025-06-22,2025-06-25,Cash,Rep_Ahmed,0.0,180.0
30002381,100048,200008,2,2024-12-30,2025-01-02,Mobile Wallet,Rep_Omar,0.1,576.0
30002382,100056,200007,5,2025-03-21,2025-03-27,Credit Card,Rep_Omar,0.0,325.0
30002383,100073,200003,3,2025-06-17,2025-06-23,Mobile Wallet,Rep_Mariam,0.0,540.0
30002384,100058,200010,5,2025-06-10,2025-06-13,Mobile Wallet,Rep_Ahmed,0.05,570.0
30002385,100008,200003,2,2025-01-20,2025-01-24,Mobile Wallet,Rep_Ahmed,0.05,342.0
30002386,100001,200006,1,2024-12-20,2024-12-23,Credit Card,Rep_Ahmed,0.0,999.0
30002387,100058,200001,4,2024-11-01,2024-11-02,Credit Card,Rep_Ahmed,0.1,4676.4
30002388,100095,200009,4,2025-08-13,2025-08-16,Credit Card,Rep_Omar,0.1,576.0
30002389,100005,200002,3,2025-01-28,2025-01-31,Credit Card,Rep_Ahmed,0.0,3597.0
30002390,100061,200006,3,2025-02-08,2025-02-12,Mobile Wallet,Rep_Ahmed,0.1,2697.3
30002391,100064,200002,4,2024-10-17,2024-10-18,Bank Transfer,Rep_Sara,0.0,4796.0
30002392,100022,200004,1,2024-09-24,2024-09-27,Mobile Wallet,Rep_Mariam,0.05,218.5
30002393,100046,200004,4,2024-10-24,2024-10-27,Bank Transfer,Rep_Mariam,0.0,920.0
30002394,100096,200007,4,2025-05-16,2025-05-20,Bank Transfer,Rep_Ahmed,0.1,234.0
30002395,100034,200006,5,2025-01-07,2025-01-12,Mobile Wallet,Rep_Omar,0.05,4745.25
30002396,100072,200008,5,2024-10-02,2024-10-05,Mobile Wallet,Rep_Omar,0.1,1440.0
30002397,100061,200005,1,2025-07-11,2025-07-13,Mobile Wallet,Rep_Omar,0.1,44.1
30002398,100083,200006,3,2025-02-11,2025-02-16,Mobile Wallet,Rep_Sara,0.0,2997.0
30002399,100028,200009,4,2025-03-15,2025-03-17,Credit Card,Rep_Ahmed,0.0,640.0
30002400,100052,200005,5,2025-08-12,2025-08-14,Cash,Rep_Mariam,0.05,232.75
30002401,100091,200010,1,2025-04-26,2025-04-30,Bank Transfer,Rep_Mariam,0.05,114.0
30002402,100098,200007,1,2025-06-09,2025-06-13,Credit Card,Rep_Omar,0.1,58.5
30002403,100080,200004,1,2025-09-14,2025-09-15,Credit Card,Rep_Sara,0.05,218.5
30002404,100011,200003,1,2025-08-28,2025-09-01,Bank Transfer,Rep_Mariam,0.1,162.0
30002405,100082,200001,3,2024-11-28,2024-11-29,Credit Card,Rep_Sara,0.05,3702.15
30002406,100043,200009,4,2025-02-28,2025-03-05,Mobile Wallet,Rep_Omar,0.05,608.0
30002407,100086,200005,3,2024-09-24,2024-09-27,Mobile Wallet,Rep_Ahmed,0.1,132.3
30002408,100051,200004,1,2025-07-11,2025-07-12,Cash,Rep_Ahmed,0.05,218.5
30002409,100029,200007,5,2025-01-21,2025-01-22,Credit Card,Rep_Ahmed,0.05,308.75
30002410,100037,200001,3,2024-09-18,2024-09-20,Bank Transfer,Rep_Sara,0.05,3702.15
30002411,100048,200007,4,2024-10-15,2024-10-22,Credit Card,Rep_Mariam,0.1,234.0
30002412,100060,200001,5,2025-06-28,2025-07-01,Credit Card,Rep_Ahmed,0.1,5845.5
30002413,100057,200001,4,2024-11-05,2024-11-06,Mobile Wallet,Rep_Mariam,0.05,4936.2
30002414,100008,200002,4,2025-08-04,2025-08-10,Mobile Wallet,Rep_Sara,0.0,4796.0
30002415,100030,200009,5,2025-08-02,2025-08-03,Credit Card,Rep_Omar,0.1,720.0
30002416,100051,200003,1,2024-11-19,2024-11-26,Credit Card,Rep_Sara,0.0,180.0
30002417,100002,200004,4,2025-05-14,2025-05-16,Credit Card,Rep_Mariam,0.0,920.0
30002418,100094,200005,4,2025-03-21,2025-03-24,Cash,Rep_Omar,0.05,186.2
30002419,100060,200005,3,2024-10-25,2024-10-30,Bank Transfer,Rep_Sara,0.0,147.0
30002420,100085,200007,1,2025-06-13,2025-06-19,Credit Card,Rep_Sara,0.0,65.0
30002421,100037,200003,2,2024-12-29,2025-01-05,Cash,Rep_Mariam,0.1,324.0
30002422,100014,200003,2,2024-11-29,2024-12-02,Credit Card,Rep_Mariam,0.1,324.0
30002423,100034,200009,1,2025-01-29,2025-02-01,Cash,Rep_Omar,0.05,152.0
30002424,100033,200004,1,2025-05-15,2025-05-22,Bank Transfer,Rep_Omar,0.05,218.5
30002425,100100,200002,5,2025-05-25,2025-06-01,Cash,Rep_Sara,0.05,5695.25
30002426,100080,200003,3,2025-04-20,2025-04-21,Credit Card,Rep_Sara,0.05,513.0
30002427,100082,200010,2,2025-07-05,2025-07-12,Credit Card,Rep_Mariam,0.0,240.0
30002428,100020,200001,4,2025-08-09,2025-08-16,Cash,Rep_Ahmed,0.0,5196.0
30002429,100034,200004,2,2025-03-04,2025-03-07,Credit Card,Rep_Omar,0.0,460.0
30002430,100004,200006,4,2024-12-15,2024-12-19,Mobile Wallet,Rep_Sara,0.05,3796.2
30002431,100062,200005,2,2025-07-19,2025-07-23,Bank Transfer,Rep_Omar,0.1,88.2
30002432,100010,200003,3,2025-01-13,2025-01-14,Bank Transfer,Rep_Sara,0.05,513.0
30002433,100068,200006,2,2025-05-25,2025-05-27,Cash,Rep_Mariam,0.1,1798.2
30002434,100010,200003,4,2024-09-16,2024-09-18,Credit Card,Rep_Ahmed,0.05,684.0
30002435,100060,200001,5,2025-07-06,2025-07-11,Mobile Wallet,Rep_Omar,0.1,5845.5
30002436,100077,200003,5,2025-08-28,2025-09-02,Cash,Rep_Ahmed,0.1,810.0
30002437,100024,200008,3,2025-02-18,2025-02-19,Credit Card,Rep_Sara,0.1,864.0
30002438,100081,200006,5,2024-12-09,2024-12-11,Cash,Rep_Omar,0.05,4745.25
30002439,100094,200006,5,2025-06-04,2025-06-11,Credit Card,Rep_Ahmed,0.0,4995.0
30002440,100053,200008,4,2025-07-06,2025-07-08,Credit Card,Rep_Mariam,0.05,1216.0
30002441,100071,200004,4,2025-02-14,2025-02-20,Cash,Rep_Ahmed,0.0,920.0
30002442,100087,200001,3,2024-09-17,2024-09-19,Mobile Wallet,Rep_Omar,0.05,3702.15
30002443,100016,200010,1,2024-10-20,2024-10-26,Bank Transfer,Rep_Omar,0.0,120.0
30002444,100075,200003,1,2025-06-27,2025-07-03,Cash,Rep_Ahmed,0.1,162.0
30002445,100004,200006,3,2024-10-29,2024-11-03,Cash,Rep_Ahmed,0.0,2997.0
30002446,100003,200006,1,2025-06-24,2025-06-26,Cash,Rep_Sara,0.1,899.1
30002447,100079,200008,2,2024-12-04,2024-12-11,Cash,Rep_Mariam,0.0,640.0
30002448,100077,200004,3,2024-10-11,2024-10-15,Cash,Rep_Mariam,0.05,655.5
30002449,100053,200008,5,2025-01-12,2025-01-17,Mobile Wallet,Rep_Omar,0.05,1520.0
30002450,100001,200009,4,2024-10-25,2024-10-27,Mobile Wallet,Rep_Ahmed,0.05,608.0
30002451,100039,200005,4,2025-02-20,2025-02-23,Credit Card,Rep_Ahmed,0.0,196.0
30002452,100006,200005,3,2025-02-04,2025-02-05,Bank Transfer,Rep_Ahmed,0.05,139.65
30002453,100086,200001,1,2025-07-21,2025-07-28,Bank Transfer,Rep_Ahmed,0.05,1234.05
30002454,100081,200001,2,2025-08-21,2025-08-24,Mobile Wallet,Rep_Sara,0.0,2598.0
30002455,100015,200004,1,2025-05-08,2025-05-13,Bank Transfer,Rep_Sara,0.05,218.5
30002456,100013,200007,1,2024-12-23,2024-12-29,Cash,Rep_Ahmed,0.05,61.75
30002457,100021,200008,2,2025-04-20,2025-04-21,Bank Transfer,Rep_Ahmed,0.0,640.0
30002458,100007,200007,3,2025-07-29,2025-08-01,Credit Card,Rep_Sara,0.05,185.25
30002459,100005,200005,3,2024-11-27,2024-12-04,Cash,Rep_Ahmed,0.05,139.65
30002460,100048,200005,4,2024-11-24,2024-11-25,Cash,Rep_Mariam,0.0,196.0
30002461,100024,200006,5,2025-04-12,2025-04-14,Bank Transfer,Rep_Ahmed,0.1,4495.5
30002462,100100,200007,1,2024-11-15,2024-11-17,Bank Transfer,Rep_Sara,0.05,61.75
30002463,100066,200002,4,2025-09-16,2025-09-21,Bank Transfer,Rep_Sara,0.1,4316.4
30002464,100090,200001,2,2024-10-14,2024-10-19,Bank Transfer,Rep_Sara,0.05,2468.1
30002465,100087,200010,1,2024-11-06,2024-11-09,Credit Card,Rep_Ahmed,0.0,120.0
30002466,100012,200007,4,2025-08-07,2025-08-13,Cash,Rep_Sara,0.05,247.0
30002467,100020,200010,4,2025-04-29,2025-05-03,Credit Card,Rep_Ahmed,0.1,432.0
30002468,100075,200004,4,2024-11-25,2024-11-30,Mobile Wallet,Rep_Omar,0.05,874.0
30002469,100002,200006,1,2025-03-23,2025-03-24,Cash,Rep_Omar,0.0,999.0
30002470,100080,200009,4,2025-09-12,2025-09-13,Bank Transfer,Rep_Sara,0.05,608.0
30002471,100029,200007,4,2025-03-12,2025-03-15,Credit Card,Rep_Sara,0.05,247.0
30002472,100042,200001,3,2025-05-03,2025-05-09,Bank Transfer,Rep_Ahmed,0.05,3702.15
30002473,100011,200010,3,2025-03-11,2025-03-12,Cash,Rep_Ahmed,0.1,324.0
30002474,100074,200004,4,2025-08-30,2025-09-02,Mobile Wallet,Rep_Omar,0.0,920.0
30002475,100016,200001,3,2024-10-24,2024-10-27,Cash,Rep_Sara,0.1,3507.3
30002476,100055,200001,4,2025-01-25,2025-01-30,Cash,Rep_Sara,0.1,4676.4
30002477,100036,200001,1,2025-04-30,2025-05-02,Cash,Rep_Omar,0.1,1169.1
30002478,100021,200007,4,2024-09-25,2024-09-28,Cash,Rep_Ahmed,0.05,247.0
30002479,100051,200009,5,2025-01-13,2025-01-14,Cash,Rep_Sara,0.0,800.0
30002480,100092,200008,2,2024-12-05,2024-12-08,Bank Transfer,Rep_Ahmed,0.0,640.0
30002481,100023,200009,5,2025-07-06,2025-07-08,Credit Card,Rep_Mariam,0.05,760.0
30002482,100018,200010,1,2024-09-17,2024-09-19,Bank Transfer,Rep_Ahmed,0.05,114.0
30002483,100032,200001,4,2025-04-20,2025-04-26,Credit Card,Rep_Omar,0.05,4936.2
30002484,100019,200007,3,2025-08-25,2025-08-26,Mobile Wallet,Rep_Mariam,0.0,195.0
30002485,100090,200001,2,2025-03-10,2025-03-12,Credit Card,Rep_Sara,0.0,2598.0
30002486,100070,200009,4,2024-12-16,2024-12-17,Cash,Rep_Ahmed,0.05,608.0
30002487,100003,200004,3,2025-08-01,2025-08-02,Credit Card,Rep_Mariam,0.1,621.0
30002488,100090,200005,1,2025-08-29,2025-09-05,Credit Card,Rep_Omar,0.0,49.0
30002489,100065,200006,3,2025-07-14,2025-07-15,Mobile Wallet,Rep_Mariam,0.1,2697.3
30002490,100071,200003,3,2025-04-07,2025-04-10,Credit Card,Rep_Ahmed,0.0,540.0
30002491,100012,200010,1,2024-12-16,2024-12-20,Cash,Rep_Ahmed,0.1,108.0
30002492,100061,200009,1,2025-07-21,2025-07-22,Mobile Wallet,Rep_Sara,0.05,152.0
30002493,100058,200003,1,2025-03-13,2025-03-18,Mobile Wallet,Rep_Ahmed,0.05,171.0
30002494,100042,200010,2,2025-05-13,2025-05-16,Credit Card,Rep_Mariam,0.0,240.0
30002495,100054,200004,4,2025-02-01,2025-02-03,Credit Card,Rep_Sara,0.05,874.0
30002496,100052,200003,5,2025-07-23,2025-07-24,Credit Card,Rep_Sara,0.0,900.0
30002497,100048,200004,4,2025-09-08,2025-09-14,Credit Card,Rep_Sara,0.0,920.0
30002498,100027,200009,3,2025-08-30,2025-08-31,Bank Transfer,Rep_Ahmed,0.05,456.0
30002499,100026,200003,2,2025-09-16,2025-09-22,Cash,Rep_Sara,0.0,360.0
30002500,100022,200009,3,2024-12-01,2024-12-06,Bank Transfer,Rep_Omar,0.05,456.0
30002501,100080,200001,3,2025-04-06,2025-04-12,Bank Transfer,Rep_Sara,0.0,3897.0
30002502,100018,200004,5,2024-11-18,2024-11-19,Bank Transfer,Rep_Mariam,0.0,1150.0
30002503,100002,200010,3,2025-02-19,2025-02-23,Bank Transfer,Rep_Mariam,0.0,360.0
30002504,100077,200006,5,2025-09-02,2025-09-07,Credit Card,Rep_Omar,0.1,4495.5
30002505,100068,200002,1,2025-09-15,2025-09-22,Bank Transfer,Rep_Mariam,0.0,1199.0
30002506,100050,200003,5,2024-12-04,2024-12-08,Credit Card,Rep_Sara,0.05,855.0
30002507,100083,200006,5,2024-09-17,2024-09-19,Cash,Rep_Mariam,0.1,4495.5
30002508,100064,200003,4,2025-07-02,2025-07-05,Cash,Rep_Ahmed,0.1,648.0
30002509,100083,200004,1,2025-08-25,2025-08-27,Mobile Wallet,Rep_Sara,0.05,218.5
30002510,100066,200002,5,2025-01-29,2025-02-01,Bank Transfer,Rep_Ahmed,0.1,5395.5
30002511,100024,200010,1,2025-05-02,2025-05-07,Credit Card,Rep_Sara,0.05,114.0
30002512,100027,200002,2,2024-12-15,2024-12-18,Mobile Wallet,Rep_Ahmed,0.0,2398.0
30002513,100071,200004,3,2025-02-20,2025-02-24,Bank Transfer,Rep_Ahmed,0.0,690.0
30002514,100054,200005,3,2025-07-28,2025-08-01,Mobile Wallet,Rep_Mariam,0.05,139.65
30002515,100020,200004,4,2025-05-10,2025-05-14,Credit Card,Rep_Omar,0.1,828.0
30002516,100013,200004,3,2025-09-06,2025-09-07,Credit Card,Rep_Omar,0.0,690.0
30002517,100093,200008,5,2024-11-02,2024-11-07,Credit Card,Rep_Omar,0.0,1600.0
30002518,100009,200006,4,2025-09-15,2025-09-18,Cash,Rep_Omar,0.05,3796.2
30002519,100003,200008,5,2025-04-03,2025-04-08,Bank Transfer,Rep_Omar,0.0,1600.0
30002520,100042,200001,3,2025-07-03,2025-07-05,Cash,Rep_Ahmed,0.1,3507.3
30002521,100083,200005,2,2025-06-08,2025-06-15,Bank Transfer,Rep_Omar,0.1,88.2
30002522,100027,200006,4,2024-10-12,2024-10-14,Credit Card,Rep_Sara,0.1,3596.4
30002523,100033,200006,1,2025-03-01,2025-03-07,Cash,Rep_Omar,0.1,899.1
30002524,100032,200001,4,2025-08-31,2025-09-01,Cash,Rep_Ahmed,0.05,4936.2
30002525,100060,200006,2,2025-04-20,2025-04-23,Mobile Wallet,Rep_Mariam,0.1,1798.2
30002526,100002,200006,4,2025-06-06,2025-06-12,Credit Card,Rep_Sara,0.1,3596.4
30002527,100003,200001,2,2025-07-03,2025-07-07,Mobile Wallet,Rep_Ahmed,0.1,2338.2
30002528,100011,200010,1,2024-12-21,2024-12-27,Mobile Wallet,Rep_Omar,0.1,108.0
30002529,100016,200004,3,2024-12-30,2025-01-02,Bank Transfer,Rep_Sara,0.0,690.0
30002530,100040,200002,5,2024-11-25,2024-11-30,Bank Transfer,Rep_Omar,0.0,5995.0
30002531,100073,200002,4,2025-06-17,2025-06-21,Credit Card,Rep_Omar,0.05,4556.2
30002532,100019,200006,4,2025-05-17,2025-05-20,Mobile Wallet,Rep_Ahmed,0.1,3596.4
30002533,100072,200010,3,2025-08-17,2025-08-21,Bank Transfer,Rep_Mariam,0.05,342.0
30002534,100052,200004,5,2025-07-30,2025-08-02,Bank Transfer,Rep_Omar,0.05,1092.5
30002535,100027,200010,5,2025-04-25,2025-04-28,Credit Card,Rep_Mariam,0.0,600.0
30002536,100080,200009,1,2024-11-20,2024-11-26,Cash,Rep_Mariam,0.05,152.0
30002537,100027,200006,5,2025-05-11,2025-05-18,Cash,Rep_Omar,0.05,4745.25
30002538,100080,200008,1,2025-06-11,2025-06-15,Bank Transfer,Rep_Sara,0.1,288.0
30002539,100035,200003,2,2025-08-28,2025-09-03,Cash,Rep_Sara,0.0,360.0
30002540,100016,200007,5,2025-04-25,2025-04-30,Cash,Rep_Sara,0.05,308.75
30002541,100073,200003,2,2025-04-18,2025-04-24,Cash,Rep_Mariam,0.1,324.0
30002542,100036,200007,1,2024-12-30,2025-01-05,Bank Transfer,Rep_Omar,0.1,58.5
30002543,100023,200007,3,2025-06-30,2025-07-07,Bank Transfer,Rep_Omar,0.1,175.5
30002544,100071,200002,3,2024-11-22,2024-11-25,Credit Card,Rep_Omar,0.1,3237.3
30002545,100056,200002,2,2024-11-24,2024-12-01,Cash,Rep_Ahmed,0.1,2158.2
30002546,100046,200005,5,2024-12-11,2024-12-18,Cash,Rep_Omar,0.0,245.0
30002547,100037,200006,2,2025-01-12,2025-01-18,Cash,Rep_Sara,0.05,1898.1
30002548,100019,200008,1,2024-09-23,2024-09-29,Bank Transfer,Rep_Ahmed,0.1,288.0
30002549,100056,200002,4,2024-11-24,2024-11-28,Bank Transfer,Rep_Omar,0.1,4316.4
30002550,100077,200003,3,2024-11-27,2024-11-30,Cash,Rep_Mariam,0.05,513.0
30002551,100081,200002,2,2025-01-22,2025-01-25,Credit Card,Rep_Sara,0.05,2278.1
30002552,100067,200008,2,2025-09-02,2025-09-04,Credit Card,Rep_Ahmed,0.0,640.0
30002553,100010,200008,3,2024-11-17,2024-11-20,Bank Transfer,Rep_Mariam,0.1,864.0
30002554,100044,200001,1,2025-01-05,2025-01-12,Mobile Wallet,Rep_Mariam,0.05,1234.05
30002555,100082,200009,4,2024-10-23,2024-10-25,Mobile Wallet,Rep_Mariam,0.0,640.0
30002556,100018,200010,2,2025-01-21,2025-01-27,Mobile Wallet,Rep_Omar,0.0,240.0
30002557,100018,200010,1,2025-05-22,2025-05-24,Cash,Rep_Ahmed,0.05,114.0
30002558,100092,200002,5,2025-01-29,2025-02-02,Mobile Wallet,Rep_Mariam,0.1,5395.5
30002559,100011,200001,3,2024-09-30,2024-10-07,Bank Transfer,Rep_Sara,0.0,3897.0
30002560,100053,200003,1,2025-06-05,2025-06-12,Cash,Rep_Sara,0.05,171.0
30002561,100054,200003,3,2024-10-25,2024-10-31,Bank Transfer,Rep_Sara,0.1,486.0
30002562,100086,200002,3,2024-10-08,2024-10-13,Cash,Rep_Ahmed,0.05,3417.15
30002563,100014,200004,4,2024-12-12,2024-12-16,Bank Transfer,Rep_Ahmed,0.1,828.0
30002564,100016,200005,1,2025-04-13,2025-04-16,Cash,Rep_Omar,0.05,46.55
30002565,100001,200004,3,2024-10-08,2024-10-14,Cash,Rep_Ahmed,0.1,621.0
30002566,100087,200003,1,2025-01-01,2025-01-03,Cash,Rep_Mariam,0.05,171.0
30002567,100025,200007,1,2025-04-04,2025-04-10,Credit Card,Rep_Sara,0.0,65.0
30002568,100078,200003,3,2025-08-20,2025-08-27,Credit Card,Rep_Omar,0.05,513.0
30002569,100025,200008,1,2025-01-13,2025-01-18,Bank Transfer,Rep_Mariam,0.1,288.0
30002570,100070,200005,2,2024-12-18,2024-12-24,Credit Card,Rep_Sara,0.1,88.2
30002571,100009,200005,5,2025-02-21,2025-02-22,Bank Transfer,Rep_Ahmed,0.0,245.0
30002572,100017,200010,3,2024-09-29,2024-10-02,Bank Transfer,Rep_Ahmed,0.0,360.0
30002573,100075,200009,1,2025-03-30,2025-04-01,Cash,Rep_Ahmed,0.05,152.0
30002574,100034,200002,4,2025-02-12,2025-02-17,Bank Transfer,Rep_Ahmed,0.1,4316.4
30002575,100071,200002,5,2024-12-28,2024-12-31,Cash,Rep_Sara,0.05,5695.25
30002576,100076,200006,2,2024-09-16,2024-09-18,Cash,Rep_Sara,0.05,1898.1
30002577,100026,200009,3,2025-05-29,2025-06-02,Credit Card,Rep_Mariam,0.0,480.0
30002578,100047,200008,4,2025-09-14,2025-09-16,Bank Transfer,Rep_Omar,0.0,1280.0
30002579,100008,200008,4,2024-11-13,2024-11-15,Bank Transfer,Rep_Mariam,0.0,1280.0
30002580,100050,200005,4,2025-04-22,2025-04-26,Credit Card,Rep_Omar,0.1,176.4
30002581,100021,200009,4,2024-11-15,2024-11-18,Mobile Wallet,Rep_Omar,0.0,640.0
30002582,100072,200006,3,2025-08-06,2025-08-07,Mobile Wallet,Rep_Ahmed,0.0,2997.0
30002583,100094,200006,3,2024-10-05,2024-10-10,Mobile Wallet,Rep_Omar,0.0,2997.0
30002584,100011,200005,1,2025-03-18,2025-03-23,Mobile Wallet,Rep_Omar,0.1,44.1
30002585,100046,200004,3,2025-04-28,2025-05-01,Cash,Rep_Sara,0.1,621.0
30002586,100013,200001,1,2025-09-12,2025-09-19,Mobile Wallet,Rep_Ahmed,0.1,1169.1
30002587,100024,200007,5,2024-11-03,2024-11-09,Bank Transfer,Rep_Omar,0.05,308.75
30002588,100098,200010,4,2025-05-21,2025-05-26,Cash,Rep_Mariam,0.1,432.0
30002589,100051,200006,4,2024-10-13,2024-10-20,Credit Card,Rep_Omar,0.05,3796.2
30002590,100080,200006,2,2025-06-09,2025-06-11,Cash,Rep_Mariam,0.1,1798.2
30002591,100084,200009,4,2024-11-14,2024-11-20,Cash,Rep_Mariam,0.1,576.0
30002592,100051,200001,4,2025-06-29,2025-07-02,Cash,Rep_Sara,0.1,4676.4
30002593,100028,200003,5,2025-08-10,2025-08-11,Credit Card,Rep_Ahmed,0.1,810.0
30002594,100023,200007,3,2025-06-27,2025-06-29,Mobile Wallet,Rep_Omar,0.05,185.25
30002595,100011,200005,4,2025-05-06,2025-05-08,Cash,Rep_Sara,0.1,176.4
30002596,100011,200010,5,2024-10-23,2024-10-27,Mobile Wallet,Rep_Sara,0.1,540.0
30002597,100015,200007,2,2024-10-24,2024-10-30,Credit Card,Rep_Mariam,0.0,130.0
30002598,100003,200004,2,2025-05-25,2025-06-01,Bank Transfer,Rep_Sara,0.0,460.0
30002599,100068,200005,2,2025-03-04,2025-03-11,Credit Card,Rep_Mariam,0.05,93.1
30002600,100100,200009,2,2025-09-07,2025-09-12,Mobile Wallet,Rep_Mariam,0.05,304.0
30002601,100025,200003,2,2025-06-16,2025-06-22,Credit Card,Rep_Ahmed,0.05,342.0
30002602,100066,200002,3,2025-01-23,2025-01-30,Bank Transfer,Rep_Sara,0.05,3417.15
30002603,100003,200001,5,2024-11-13,2024-11-15,Mobile Wallet,Rep_Sara,0.0,6495.0
30002604,100021,200010,2,2024-12-22,2024-12-23,Cash,Rep_Ahmed,0.0,240.0
30002605,100049,200008,2,2025-01-06,2025-01-07,Bank Transfer,Rep_Omar,0.05,608.0
30002606,100065,200001,3,2025-04-10,2025-04-13,Bank Transfer,Rep_Sara,0.0,3897.0
30002607,100001,200005,5,2025-01-15,2025-01-20,Credit Card,Rep_Ahmed,0.1,220.5
30002608,100079,200002,5,2024-12-22,2024-12-24,Cash,Rep_Mariam,0.05,5695.25
30002609,100027,200007,1,2025-05-20,2025-05-25,Mobile Wallet,Rep_Mariam,0.1,58.5
30002610,100001,200002,1,2025-06-17,2025-06-23,Cash,Rep_Mariam,0.05,1139.05
30002611,100084,200009,3,2025-04-17,2025-04-20,Bank Transfer,Rep_Ahmed,0.1,432.0
30002612,100059,200003,5,2025-08-26,2025-08-30,Bank Transfer,Rep_Ahmed,0.0,900.0
30002613,100001,200001,3,2024-09-25,2024-09-28,Mobile Wallet,Rep_Sara,0.0,3897.0
30002614,100009,200005,4,2024-10-24,2024-10-27,Cash,Rep_Ahmed,0.0,196.0
30002615,100085,200006,3,2025-05-08,2025-05-09,Credit Card,Rep_Omar,0.0,2997.0
30002616,100070,200005,4,2024-10-24,2024-10-29,Bank Transfer,Rep_Sara,0.05,186.2
30002617,100083,200002,2,2025-07-26,2025-07-30,Mobile Wallet,Rep_Sara,0.0,2398.0
30002618,100098,200004,4,2025-08-08,2025-08-13,Credit Card,Rep_Ahmed,0.05,874.0
30002619,100088,200010,5,2025-02-23,2025-02-27,Mobile Wallet,Rep_Omar,0.1,540.0
30002620,100097,200005,5,2025-07-31,2025-08-03,Bank Transfer,Rep_Sara,0.0,245.0
30002621,100017,200004,1,2024-10-14,2024-10-17,Cash,Rep_Ahmed,0.0,230.0
30002622,100088,200006,3,2025-01-01,2025-01-07,Cash,Rep_Omar,0.05,2847.15
30002623,100041,200010,4,2024-10-31,2024-11-03,Cash,Rep_Mariam,0.05,456.0
30002624,100076,200005,2,2025-05-15,2025-05-20,Bank Transfer,Rep_Mariam,0.0,98.0
30002625,100016,200004,2,2025-05-22,2025-05-27,Cash,Rep_Mariam,0.1,414.0
30002626,100074,200009,3,2024-09-24,2024-09-28,Bank Transfer,Rep_Sara,0.05,456.0
30002627,100018,200003,3,2025-04-23,2025-04-30,Mobile Wallet,Rep_Sara,0.0,540.0
30002628,100006,200006,4,2025-03-26,2025-03-29,Mobile Wallet,Rep_Mariam,0.05,3796.2
30002629,100055,200007,5,2024-11-09,2024-11-12,Bank Transfer,Rep_Mariam,0.1,292.5
30002630,100078,200008,1,2025-03-27,2025-04-01,Credit Card,Rep_Sara,0.05,304.0
30002631,100082,200009,1,2025-02-23,2025-02-24,Mobile Wallet,Rep_Mariam,0.0,160.0
30002632,100004,200006,4,2024-11-12,2024-11-14,Bank Transfer,Rep_Omar,0.0,3996.0
30002633,100002,200010,5,2024-12-19,2024-12-22,Bank Transfer,Rep_Ahmed,0.0,600.0
30002634,100032,200006,4,2024-09-27,2024-09-28,Mobile Wallet,Rep_Sara,0.1,3596.4
30002635,100085,200009,4,2025-06-25,2025-06-29,Mobile Wallet,Rep_Mariam,0.1,576.0
30002636,100051,200008,2,2024-12-05,2024-12-08,Cash,Rep_Sara,0.0,640.0
30002637,100098,200001,2,2025-02-06,2025-02-12,Mobile Wallet,Rep_Mariam,0.1,2338.2
30002638,100007,200006,4,2025-05-25,2025-06-01,Credit Card,Rep_Omar,0.05,3796.2
30002639,100019,200007,5,2024-10-02,2024-10-07,Bank Transfer,Rep_Ahmed,0.05,308.75
30002640,100002,200009,3,2025-04-14,2025-04-17,Credit Card,Rep_Omar,0.0,480.0
30002641,100082,200003,1,2025-04-01,2025-04-02,Mobile Wallet,Rep_Mariam,0.05,171.0
30002642,100061,200010,4,2024-11-24,2024-11-29,Credit Card,Rep_Mariam,0.05,456.0
30002643,100091,200002,1,2025-03-01,2025-03-05,Cash,Rep_Ahmed,0.0,1199.0
30002644,100092,200005,2,2025-06-26,2025-06-27,Credit Card,Rep_Sara,0.05,93.1
30002645,100079,200008,5,2025-08-17,2025-08-20,Credit Card,Rep_Ahmed,0.0,1600.0
30002646,100036,200008,4,2025-07-08,2025-07-09,Bank Transfer,Rep_Mariam,0.05,1216.0
30002647,100036,200009,5,2025-05-21,2025-05-22,Bank Transfer,Rep_Omar,0.1,720.0
30002648,100044,200001,5,2025-06-29,2025-07-04,Cash,Rep_Omar,0.1,5845.5
30002649,100042,200009,2,2025-05-05,2025-05-08,Mobile Wallet,Rep_Sara,0.1,288.0
30002650,100048,200001,3,2025-02-11,2025-02-14,Bank Transfer,Rep_Ahmed,0.0,3897.0
30002651,100072,200004,3,2024-11-30,2024-12-06,Bank Transfer,Rep_Ahmed,0.0,690.0
30002652,100022,200007,5,2024-11-02,2024-11-07,Credit Card,Rep_Omar,0.0,325.0
30002653,100093,200009,1,2025-03-01,2025-03-05,Mobile Wallet,Rep_Mariam,0.0,160.0
30002654,100089,200008,4,2024-12-22,2024-12-26,Mobile Wallet,Rep_Sara,0.05,1216.0
30002655,100055,200005,3,2025-06-23,2025-06-28,Credit Card,Rep_Omar,0.0,147.0
30002656,100028,200006,5,2024-10-14,2024-10-21,Cash,Rep_Mariam,0.0,4995.0
30002657,100041,200007,3,2025-01-14,2025-01-16,Cash,Rep_Mariam,0.0,195.0
30002658,100091,200006,5,2025-04-26,2025-04-29,Bank Transfer,Rep_Ahmed,0.1,4495.5
30002659,100013,200006,5,2024-12-03,2024-12-05,Bank Transfer,Rep_Omar,0.05,4745.25
30002660,100052,200008,3,2025-04-22,2025-04-24,Cash,Rep_Omar,0.1,864.0
30002661,100085,200009,4,2025-04-15,2025-04-22,Bank Transfer,Rep_Ahmed,0.1,576.0
30002662,100034,200003,2,2024-11-29,2024-12-01,Credit Card,Rep_Omar,0.1,324.0
30002663,100096,200003,5,2025-02-17,2025-02-18,Mobile Wallet,Rep_Omar,0.0,900.0
30002664,100095,200004,3,2024-12-16,2024-12-21,Cash,Rep_Sara,0.1,621.0
30002665,100070,200010,1,2025-04-13,2025-04-20,Mobile Wallet,Rep_Mariam,0.0,120.0
30002666,100047,200005,3,2025-06-16,2025-06-17,Mobile Wallet,Rep_Ahmed,0.05,139.65
30002667,100013,200002,5,2024-12-12,2024-12-18,Mobile Wallet,Rep_Ahmed,0.0,5995.0
30002668,100035,200002,1,2025-02-23,2025-02-27,Mobile Wallet,Rep_Omar,0.1,1079.1
30002669,100079,200004,3,2024-12-06,2024-12-08,Bank Transfer,Rep_Ahmed,0.05,655.5
30002670,100068,200009,4,2025-05-25,2025-05-30,Credit Card,Rep_Sara,0.1,576.0
30002671,100099,200005,3,2024-12-03,2024-12-09,Bank Transfer,Rep_Omar,0.1,132.3
30002672,100010,200008,5,2025-09-11,2025-09-18,Cash,Rep_Mariam,0.05,1520.0
30002673,100099,200003,5,2025-07-29,2025-08-05,Cash,Rep_Sara,0.1,810.0
30002674,100079,200004,3,2024-11-12,2024-11-14,Credit Card,Rep_Omar,0.1,621.0
30002675,100011,200007,4,2024-10-01,2024-10-06,Mobile Wallet,Rep_Ahmed,0.05,247.0
30002676,100100,200003,5,2024-10-14,2024-10-16,Bank Transfer,Rep_Ahmed,0.1,810.0
30002677,100085,200001,3,2025-02-17,2025-02-24,Cash,Rep_Omar,0.05,3702.15
30002678,100038,200005,5,2025-03-14,2025-03-21,Credit Card,Rep_Omar,0.0,245.0
30002679,100009,200002,5,2025-05-27,2025-05-31,Credit Card,Rep_Omar,0.05,5695.25
30002680,100045,200002,3,2025-06-01,2025-06-05,Cash,Rep_Sara,0.05,3417.15
30002681,100067,200001,2,2025-07-15,2025-07-22,Credit Card,Rep_Ahmed,0.1,2338.2
30002682,100082,200008,2,2025-01-31,2025-02-01,Credit Card,Rep_Ahmed,0.0,640.0
30002683,100090,200003,5,2025-01-10,2025-01-14,Bank Transfer,Rep_Omar,0.1,810.0
30002684,100012,200008,2,2024-09-22,2024-09-25,Mobile Wallet,Rep_Mariam,0.1,576.0
30002685,100016,200007,2,2025-09-13,2025-09-15,Cash,Rep_Omar,0.0,130.0
30002686,100069,200003,4,2025-04-13,2025-04-14,Credit Card,Rep_Omar,0.0,720.0
30002687,100010,200008,4,2024-10-18,2024-10-19,Credit Card,Rep_Omar,0.05,1216.0
30002688,100036,200004,2,2024-11-19,2024-11-26,Mobile Wallet,Rep_Sara,0.0,460.0
30002689,100034,200004,1,2024-11-20,2024-11-22,Bank Transfer,Rep_Mariam,0.0,230.0
30002690,100038,200009,5,2025-06-18,2025-06-21,Cash,Rep_Sara,0.0,800.0
30002691,100034,200004,1,2024-12-24,2024-12-26,Credit Card,Rep_Mariam,0.05,218.5
30002692,100020,200006,3,2025-05-20,2025-05-26,Credit Card,Rep_Mariam,0.1,2697.3
30002693,100063,200001,2,2025-04-28,2025-05-04,Mobile Wallet,Rep_Ahmed,0.1,2338.2
30002694,100036,200001,2,2025-06-02,2025-06-08,Cash,Rep_Ahmed,0.1,2338.2
30002695,100062,200003,2,2025-06-05,2025-06-07,Cash,Rep_Omar,0.0,360.0
30002696,100069,200001,2,2025-05-10,2025-05-17,Cash,Rep_Mariam,0.0,2598.0
30002697,100023,200009,2,2025-02-24,2025-02-25,Credit Card,Rep_Omar,0.05,304.0
30002698,100074,200007,3,2025-02-25,2025-03-01,Credit Card,Rep_Ahmed,0.0,195.0
30002699,100046,200008,3,2025-07-18,2025-07-24,Mobile Wallet,Rep_Sara,0.05,912.0
30002700,100070,200002,4,2025-09-06,2025-09-13,Mobile Wallet,Rep_Ahmed,0.0,4796.0
30002701,100080,200007,5,2024-10-07,2024-10-11,Cash,Rep_Ahmed,0.05,308.75
30002702,100050,200009,3,2025-06-02,2025-06-08,Credit Card,Rep_Ahmed,0.0,480.0
30002703,100100,200005,5,2025-06-14,2025-06-17,Credit Card,Rep_Ahmed,0.1,220.5
30002704,100027,200005,5,2024-12-06,2024-12-11,Cash,Rep_Sara,0.05,232.75
30002705,100039,200001,2,2025-04-08,2025-04-13,Credit Card,Rep_Ahmed,0.0,2598.0
30002706,100015,200001,5,2025-03-22,2025-03-28,Bank Transfer,Rep_Sara,0.1,5845.5
30002707,100048,200004,2,2024-12-09,2024-12-13,Cash,Rep_Omar,0.0,460.0
30002708,100051,200009,1,2025-04-01,2025-04-05,Mobile Wallet,Rep_Ahmed,0.0,160.0
30002709,100027,200009,3,2025-03-06,2025-03-11,Bank Transfer,Rep_Mariam,0.1,432.0
30002710,100081,200009,3,2024-10-11,2024-10-13,Mobile Wallet,Rep_Sara,0.1,432.0
30002711,100044,200005,2,2025-07-21,2025-07-28,Credit Card,Rep_Mariam,0.1,88.2
30002712,100034,200007,4,2025-06-16,2025-06-21,Mobile Wallet,Rep_Sara,0.05,247.0
30002713,100046,200006,1,2025-02-12,2025-02-13,Cash,Rep_Sara,0.1,899.1
30002714,100099,200010,3,2024-12-04,2024-12-08,Mobile Wallet,Rep_Omar,0.0,360.0
30002715,100099,200007,1,2025-04-26,2025-04-27,Bank Transfer,Rep_Sara,0.1,58.5
30002716,100062,200005,5,2025-04-28,2025-05-05,Cash,Rep_Ahmed,0.0,245.0
30002717,100070,200009,5,2024-12-28,2024-12-31,Credit Card,Rep_Mariam,0.1,720.0
30002718,100073,200004,1,2025-05-24,2025-05-29,Cash,Rep_Ahmed,0.1,207.0
30002719,100033,200001,5,2025-04-08,2025-04-12,Mobile Wallet,Rep_Mariam,0.1,5845.5
30002720,100069,200003,3,2024-12-10,2024-12-15,Credit Card,Rep_Sara,0.0,540.0
30002721,100022,200007,2,2025-01-18,2025-01-25,Mobile Wallet,Rep_Mariam,0.1,117.0
30002722,100024,200007,4,2025-02-09,2025-02-14,Credit Card,Rep_Mariam,0.0,260.0
30002723,100008,200005,5,2025-05-09,2025-05-15,Bank Transfer,Rep_Ahmed,0.1,220.5
30002724,100061,200005,5,2024-12-13,2024-12-15,Cash,Rep_Omar,0.05,232.75
30002725,100019,200009,5,2025-01-27,2025-01-29,Bank Transfer,Rep_Omar,0.1,720.0
30002726,100027,200009,4,2025-01-14,2025-01-19,Cash,Rep_Ahmed,0.1,576.0
30002727,100077,200005,5,2025-09-03,2025-09-08,Mobile Wallet,Rep_Ahmed,0.0,245.0
30002728,100012,200006,4,2024-10-29,2024-10-31,Bank Transfer,Rep_Omar,0.1,3596.4
30002729,100053,200001,3,2025-03-10,2025-03-16,Bank Transfer,Rep_Sara,0.0,3897.0
30002730,100029,200001,1,2025-09-10,2025-09-15,Mobile Wallet,Rep_Mariam,0.05,1234.05
30002731,100061,200005,4,2025-07-16,2025-07-23,Cash,Rep_Omar,0.1,176.4
30002732,100003,200006,2,2025-08-18,2025-08-19,Bank Transfer,Rep_Omar,0.1,1798.2
30002733,100025,200003,3,2025-01-02,2025-01-06,Mobile Wallet,Rep_Mariam,0.0,540.0
30002734,100053,200008,3,2025-07-15,2025-07-21,Mobile Wallet,Rep_Sara,0.1,864.0
30002735,100061,200007,2,2025-05-01,2025-05-08,Mobile Wallet,Rep_Sara,0.05,123.5
30002736,100022,200001,2,2025-02-03,2025-02-07,Cash,Rep_Omar,0.1,2338.2
30002737,100018,200004,3,2025-03-07,2025-03-12,Bank Transfer,Rep_Ahmed,0.0,690.0
30002738,100049,200001,5,2025-03-28,2025-04-02,Cash,Rep_Mariam,0.05,6170.25
30002739,100090,200002,1,2025-01-14,2025-01-17,Bank Transfer,Rep_Ahmed,0.05,1139.05
30002740,100073,200006,1,2025-03-14,2025-03-20,Cash,Rep_Omar,0.1,899.1
30002741,100006,200002,2,2025-04-26,2025-04-29,Credit Card,Rep_Sara,0.05,2278.1
30002742,100036,200007,3,2025-07-24,2025-07-27,Cash,Rep_Sara,0.0,195.0
30002743,100067,200003,2,2024-12-16,2024-12-20,Credit Card,Rep_Sara,0.0,360.0
30002744,100038,200006,2,2025-09-14,2025-09-17,Credit Card,Rep_Ahmed,0.1,1798.2
30002745,100074,200005,1,2025-06-20,2025-06-24,Cash,Rep_Mariam,0.1,44.1
30002746,100055,200006,1,2025-05-14,2025-05-17,Bank Transfer,Rep_Mariam,0.05,949.05
30002747,100085,200003,4,2024-09-27,2024-10-01,Bank Transfer,Rep_Ahmed,0.0,720.0
30002748,100086,200002,1,2025-05-06,2025-05-08,Bank Transfer,Rep_Mariam,0.05,1139.05
30002749,100040,200006,3,2025-04-08,2025-04-10,Credit Card,Rep_Omar,0.05,2847.15
30002750,100035,200007,4,2025-02-26,2025-03-03,Mobile Wallet,Rep_Ahmed,0.05,247.0
30002751,100062,200008,5,2025-06-25,2025-06-28,Mobile Wallet,Rep_Ahmed,0.0,1600.0
30002752,100099,200009,1,2025-08-12,2025-08-18,Cash,Rep_Mariam,0.0,160.0
30002753,100087,200009,3,2024-11-01,2024-11-04,Cash,Rep_Sara,0.1,432.0
30002754,100042,200007,4,2024-12-26,2025-01-02,Cash,Rep_Mariam,0.1,234.0
30002755,100076,200006,3,2025-06-23,2025-06-30,Credit Card,Rep_Sara,0.0,2997.0
30002756,100011,200001,2,2025-04-12,2025-04-14,Cash,Rep_Sara,0.05,2468.1
30002757,100093,200009,5,2025-05-24,2025-05-30,Bank Transfer,Rep_Omar,0.1,720.0
30002758,100071,200005,3,2025-06-13,2025-06-14,Bank Transfer,Rep_Sara,0.05,139.65
30002759,100065,200003,4,2025-06-26,2025-06-27,Cash,Rep_Mariam,0.1,648.0
30002760,100035,200008,5,2025-06-18,2025-06-19,Credit Card,Rep_Ahmed,0.1,1440.0
30002761,100089,200004,2,2025-02-18,2025-02-22,Cash,Rep_Sara,0.05,437.0
30002762,100064,200005,3,2025-04-29,2025-04-30,Mobile Wallet,Rep_Omar,0.0,147.0
30002763,100067,200008,4,2025-04-02,2025-04-04,Mobile Wallet,Rep_Omar,0.0,1280.0
30002764,100033,200010,5,2024-10-27,2024-10-29,Credit Card,Rep_Omar,0.0,600.0
30002765,100009,200005,5,2025-04-08,2025-04-09,Credit Card,Rep_Mariam,0.0,245.0
30002766,100075,200005,3,2025-06-26,2025-06-30,Cash,Rep_Omar,0.1,132.3
30002767,100077,200008,4,2025-02-19,2025-02-22,Credit Card,Rep_Omar,0.0,1280.0
30002768,100089,200001,4,2025-06-14,2025-06-21,Cash,Rep_Ahmed,0.0,5196.0
30002769,100062,200004,5,2025-03-25,2025-03-31,Mobile Wallet,Rep_Ahmed,0.05,1092.5
30002770,100071,200004,5,2025-05-03,2025-05-05,Bank Transfer,Rep_Ahmed,0.05,1092.5
30002771,100056,200004,5,2025-01-14,2025-01-21,Credit Card,Rep_Mariam,0.1,1035.0
30002772,100044,200002,2,2025-05-16,2025-05-21,Credit Card,Rep_Mariam,0.0,2398.0
30002773,100001,200002,3,2025-01-18,2025-01-24,Cash,Rep_Sara,0.05,3417.15
30002774,100083,200009,1,2024-12-21,2024-12-27,Cash,Rep_Mariam,0.1,144.0
30002775,100082,200003,1,2025-03-25,2025-03-26,Credit Card,Rep_Sara,0.0,180.0
30002776,100079,200009,2,2024-12-11,2024-12-12,Cash,Rep_Mariam,0.05,304.0
30002777,100001,200008,1,2025-05-04,2025-05-08,Cash,Rep_Omar,0.1,288.0
30002778,100042,200004,5,2025-04-07,2025-04-09,Mobile Wallet,Rep_Omar,0.05,1092.5
30002779,100005,200001,3,2025-02-17,2025-02-21,Credit Card,Rep_Sara,0.05,3702.15
30002780,100041,200010,5,2024-11-14,2024-11-21,Bank Transfer,Rep_Omar,0.1,540.0
30002781,100008,200001,1,2025-09-07,2025-09-08,Mobile Wallet,Rep_Sara,0.1,1169.1
30002782,100004,200009,4,2025-07-02,2025-07-07,Credit Card,Rep_Ahmed,0.0,640.0
30002783,100063,200009,3,2025-07-20,2025-07-24,Mobile Wallet,Rep_Sara,0.0,480.0
30002784,100075,200008,4,2025-04-30,2025-05-05,Bank Transfer,Rep_Mariam,0.0,1280.0
30002785,100045,200004,5,2024-09-23,2024-09-30,Credit Card,Rep_Sara,0.1,1035.0
30002786,100012,200005,3,2025-02-01,2025-02-05,Mobile Wallet,Rep_Omar,0.05,139.65
30002787,100054,200006,1,2025-08-10,2025-08-17,Bank Transfer,Rep_Mariam,0.05,949.05
30002788,100085,200002,2,2025-05-27,2025-05-28,Credit Card,Rep_Omar,0.1,2158.2
30002789,100040,200004,2,2025-08-06,2025-08-09,Mobile Wallet,Rep_Mariam,0.1,414.0
30002790,100079,200005,4,2025-03-10,2025-03-17,Bank Transfer,Rep_Mariam,0.1,176.4
30002791,100043,200009,1,2025-08-17,2025-08-22,Credit Card,Rep_Mariam,0.1,144.0
30002792,100079,200006,1,2025-02-07,2025-02-09,Cash,Rep_Mariam,0.0,999.0
30002793,100049,200003,1,2025-08-10,2025-08-12,Credit Card,Rep_Ahmed,0.05,171.0
30002794,100048,200001,5,2025-09-09,2025-09-10,Mobile Wallet,Rep_Mariam,0.05,6170.25
30002795,100003,200003,3,2025-01-18,2025-01-19,Cash,Rep_Mariam,0.0,540.0
30002796,100067,200004,3,2024-10-13,2024-10-16,Mobile Wallet,Rep_Mariam,0.0,690.0
30002797,100019,200006,3,2025-07-26,2025-07-27,Credit Card,Rep_Ahmed,0.1,2697.3
30002798,100069,200010,1,2025-07-18,2025-07-23,Credit Card,Rep_Omar,0.1,108.0
30002799,100079,200010,2,2025-08-19,2025-08-22,Credit Card,Rep_Omar,0.05,228.0
30002800,100035,200002,2,2025-05-04,2025-05-06,Credit Card,Rep_Sara,0.1,2158.2
30002801,100062,200001,4,2025-06-28,2025-06-30,Bank Transfer,Rep_Sara,0.0,5196.0
30002802,100088,200009,5,2025-03-02,2025-03-04,Bank Transfer,Rep_Mariam,0.1,720.0
30002803,100015,200002,1,2024-11-27,2024-12-04,Mobile Wallet,Rep_Omar,0.05,1139.05
30002804,100047,200008,5,2025-05-27,2025-06-01,Bank Transfer,Rep_Sara,0.05,1520.0
30002805,100014,200009,1,2025-02-13,2025-02-16,Mobile Wallet,Rep_Omar,0.05,152.0
30002806,100087,200003,5,2025-04-17,2025-04-20,Credit Card,Rep_Omar,0.0,900.0
30002807,100056,200009,3,2025-03-13,2025-03-17,Cash,Rep_Sara,0.05,456.0
30002808,100044,200005,4,2025-04-08,2025-04-13,Cash,Rep_Sara,0.1,176.4
30002809,100041,200006,5,2025-02-01,2025-02-02,Mobile Wallet,Rep_Sara,0.05,4745.25
30002810,100062,200010,1,2025-07-14,2025-07-20,Mobile Wallet,Rep_Sara,0.0,120.0
30002811,100002,200009,2,2025-04-19,2025-04-22,Bank Transfer,Rep_Omar,0.1,288.0
30002812,100048,200006,5,2024-11-10,2024-11-13,Mobile Wallet,Rep_Omar,0.0,4995.0
30002813,100036,200007,3,2025-05-19,2025-05-24,Bank Transfer,Rep_Sara,0.0,195.0
30002814,100093,200005,3,2025-05-28,2025-05-30,Cash,Rep_Ahmed,0.1,132.3
30002815,100048,200002,1,2025-06-03,2025-06-09,Cash,Rep_Mariam,0.05,1139.05
30002816,100028,200008,4,2025-02-28,2025-03-02,Credit Card,Rep_Omar,0.0,1280.0
30002817,100039,200010,2,2025-04-17,2025-04-19,Cash,Rep_Omar,0.1,216.0
30002818,100044,200008,4,2024-09-18,2024-09-25,Cash,Rep_Omar,0.1,1152.0
30002819,100083,200006,2,2025-03-03,2025-03-04,Mobile Wallet,Rep_Mariam,0.05,1898.1
30002820,100019,200006,4,2025-06-19,2025-06-23,Bank Transfer,Rep_Ahmed,0.05,3796.2
30002821,100098,200005,3,2025-01-10,2025-01-16,Mobile Wallet,Rep_Omar,0.0,147.0
30002822,100010,200004,5,2025-05-18,2025-05-22,Bank Transfer,Rep_Sara,0.0,1150.0
30002823,100025,200008,2,2025-05-26,2025-05-28,Credit Card,Rep_Mariam,0.1,576.0
30002824,100024,200005,1,2024-12-08,2024-12-14,Credit Card,Rep_Mariam,0.05,46.55
30002825,100072,200007,4,2025-09-15,2025-09-16,Credit Card,Rep_Mariam,0.1,234.0
30002826,100097,200007,1,2025-08-24,2025-08-25,Mobile Wallet,Rep_Sara,0.1,58.5
30002827,100003,200004,5,2024-10-10,2024-10-16,Credit Card,Rep_Mariam,0.05,1092.5
30002828,100059,200008,5,2025-07-23,2025-07-29,Mobile Wallet,Rep_Sara,0.0,1600.0
30002829,100076,200009,1,2025-01-01,2025-01-04,Bank Transfer,Rep_Sara,0.0,160.0
30002830,100065,200004,3,2024-11-17,2024-11-18,Cash,Rep_Sara,0.1,621.0
30002831,100056,200006,4,2025-03-07,2025-03-09,Credit Card,Rep_Omar,0.05,3796.2
30002832,100084,200008,4,2025-03-14,2025-03-19,Mobile Wallet,Rep_Omar,0.05,1216.0
30002833,100003,200004,4,2025-08-15,2025-08-17,Cash,Rep_Omar,0.05,874.0
30002834,100062,200009,2,2024-12-25,2024-12-28,Cash,Rep_Omar,0.0,320.0
30002835,100044,200007,5,2024-10-03,2024-10-06,Cash,Rep_Mariam,0.0,325.0
30002836,100058,200005,5,2025-03-19,2025-03-21,Mobile Wallet,Rep_Ahmed,0.05,232.75
30002837,100007,200009,2,2025-03-08,2025-03-12,Credit Card,Rep_Sara,0.1,288.0
30002838,100019,200002,5,2024-12-16,2024-12-18,Cash,Rep_Mariam,0.05,5695.25
30002839,100088,200007,3,2024-10-03,2024-10-10,Cash,Rep_Ahmed,0.05,185.25
30002840,100095,200003,5,2024-10-23,2024-10-30,Bank Transfer,Rep_Omar,0.05,855.0
30002841,100055,200010,4,2025-01-09,2025-01-13,Bank Transfer,Rep_Sara,0.0,480.0
30002842,100003,200001,3,2025-02-02,2025-02-05,Mobile Wallet,Rep_Mariam,0.0,3897.0
30002843,100011,200005,4,2025-02-03,2025-02-06,Mobile Wallet,Rep_Ahmed,0.1,176.4
30002844,100035,200010,2,2024-09-18,2024-09-22,Mobile Wallet,Rep_Omar,0.0,240.0
30002845,100018,200002,4,2024-12-15,2024-12-21,Mobile Wallet,Rep_Ahmed,0.05,4556.2
30002846,100072,200007,4,2025-07-08,2025-07-10,Cash,Rep_Sara,0.05,247.0
30002847,100056,200008,3,2025-06-30,2025-07-05,Mobile Wallet,Rep_Mariam,0.05,912.0
30002848,100065,200007,5,2025-02-24,2025-02-27,Bank Transfer,Rep_Ahmed,0.1,292.5
30002849,100068,200004,5,2025-08-23,2025-08-26,Bank Transfer,Rep_Omar,0.1,1035.0
30002850,100049,200003,5,2025-04-03,2025-04-05,Credit Card,Rep_Sara,0.0,900.0
30002851,100043,200005,2,2024-10-20,2024-10-25,Cash,Rep_Sara,0.1,88.2
30002852,100069,200010,5,2025-07-10,2025-07-13,Mobile Wallet,Rep_Sara,0.0,600.0
30002853,100058,200006,5,2025-07-04,2025-07-07,Bank Transfer,Rep_Mariam,0.05,4745.25
30002854,100041,200004,5,2025-09-12,2025-09-17,Bank Transfer,Rep_Mariam,0.1,1035.0
30002855,100078,200009,5,2025-08-30,2025-09-02,Cash,Rep_Omar,0.1,720.0
30002856,100049,200010,3,2024-11-12,2024-11-16,Credit Card,Rep_Sara,0.05,342.0
30002857,100032,200005,2,2025-03-18,2025-03-20,Credit Card,Rep_Ahmed,0.05,93.1
30002858,100009,200010,2,2025-03-13,2025-03-20,Cash,Rep_Omar,0.1,216.0
30002859,100029,200008,4,2024-10-13,2024-10-14,Mobile Wallet,Rep_Sara,0.05,1216.0
30002860,100045,200002,2,2025-03-02,2025-03-08,Cash,Rep_Ahmed,0.05,2278.1
30002861,100070,200001,4,2025-06-09,2025-06-12,Credit Card,Rep_Omar,0.0,5196.0
30002862,100099,200002,1,2024-11-10,2024-11-13,Cash,Rep_Omar,0.1,1079.1
30002863,100065,200010,4,2025-01-24,2025-01-29,Bank Transfer,Rep_Sara,0.1,432.0
30002864,100014,200009,2,2025-09-13,2025-09-15,Bank Transfer,Rep_Sara,0.0,320.0
30002865,100003,200002,5,2025-09-08,2025-09-09,Credit Card,Rep_Omar,0.05,5695.25
30002866,100079,200009,1,2024-12-02,2024-12-05,Bank Transfer,Rep_Ahmed,0.1,144.0
30002867,100089,200006,4,2024-12-13,2024-12-14,Credit Card,Rep_Sara,0.0,3996.0
30002868,100053,200009,4,2025-01-08,2025-01-09,Bank Transfer,Rep_Omar,0.0,640.0
30002869,100072,200003,2,2024-10-03,2024-10-06,Bank Transfer,Rep_Omar,0.05,342.0
30002870,100028,200003,5,2025-03-16,2025-03-22,Credit Card,Rep_Mariam,0.0,900.0
30002871,100052,200009,5,2025-09-03,2025-09-09,Mobile Wallet,Rep_Sara,0.05,760.0
30002872,100095,200001,3,2025-03-25,2025-03-26,Credit Card,Rep_Mariam,0.0,3897.0
30002873,100018,200007,2,2025-07-19,2025-07-26,Cash,Rep_Sara,0.0,130.0
30002874,100013,200002,3,2025-09-04,2025-09-09,Cash,Rep_Omar,0.0,3597.0
30002875,100041,200008,4,2025-08-14,2025-08-18,Bank Transfer,Rep_Omar,0.1,1152.0
30002876,100004,200007,2,2025-09-05,2025-09-06,Credit Card,Rep_Mariam,0.05,123.5
30002877,100095,200001,1,2024-11-26,2024-12-01,Bank Transfer,Rep_Mariam,0.1,1169.1
30002878,100012,200009,1,2024-12-29,2025-01-02,Credit Card,Rep_Ahmed,0.0,160.0
30002879,100007,200002,1,2025-05-16,2025-05-18,Cash,Rep_Sara,0.1,1079.1
30002880,100087,200001,3,2025-07-01,2025-07-05,Cash,Rep_Ahmed,0.0,3897.0
30002881,100027,200005,4,2025-01-08,2025-01-10,Mobile Wallet,Rep_Sara,0.0,196.0
30002882,100017,200004,5,2025-03-03,2025-03-09,Credit Card,Rep_Mariam,0.1,1035.0
30002883,100015,200004,5,2025-03-08,2025-03-15,Bank Transfer,Rep_Ahmed,0.0,1150.0
30002884,100007,200010,5,2025-06-11,2025-06-13,Cash,Rep_Omar,0.05,570.0
30002885,100033,200010,3,2024-12-08,2024-12-14,Credit Card,Rep_Mariam,0.05,342.0
30002886,100091,200008,4,2024-09-25,2024-09-29,Mobile Wallet,Rep_Omar,0.1,1152.0
30002887,100066,200003,2,2024-11-22,2024-11-29,Bank Transfer,Rep_Mariam,0.05,342.0
30002888,100002,200010,1,2024-12-13,2024-12-18,Cash,Rep_Ahmed,0.05,114.0
30002889,100057,200003,2,2025-01-31,2025-02-07,Mobile Wallet,Rep_Mariam,0.0,360.0
30002890,100050,200009,4,2025-06-05,2025-06-12,Cash,Rep_Ahmed,0.0,640.0
30002891,100020,200003,3,2025-04-24,2025-04-30,Mobile Wallet,Rep_Mariam,0.05,513.0
30002892,100064,200004,2,2025-09-13,2025-09-18,Mobile Wallet,Rep_Sara,0.1,414.0
30002893,100058,200005,1,2025-01-02,2025-01-04,Cash,Rep_Ahmed,0.05,46.55
30002894,100002,200005,4,2024-10-25,2024-10-27,Cash,Rep_Omar,0.1,176.4
30002895,100073,200008,2,2025-02-01,2025-02-02,Credit Card,Rep_Sara,0.0,640.0
30002896,100065,200003,1,2024-12-17,2024-12-19,Cash,Rep_Omar,0.0,180.0
30002897,100075,200009,3,2025-03-27,2025-03-30,Bank Transfer,Rep_Mariam,0.1,432.0
30002898,100097,200002,5,2025-03-06,2025-03-10,Bank Transfer,Rep_Sara,0.05,5695.25
30002899,100070,200007,4,2025-05-21,2025-05-27,Cash,Rep_Omar,0.1,234.0
30002900,100042,200007,1,2025-02-05,2025-02-11,Mobile Wallet,Rep_Sara,0.05,61.75
30002901,100082,200006,5,2025-06-20,2025-06-23,Bank Transfer,Rep_Ahmed,0.0,4995.0
30002902,100066,200008,4,2024-10-30,2024-11-06,Mobile Wallet,Rep_Sara,0.05,1216.0
30002903,100075,200001,5,2024-10-07,2024-10-14,Bank Transfer,Rep_Mariam,0.1,5845.5
30002904,100026,200009,4,2024-12-28,2025-01-03,Cash,Rep_Omar,0.0,640.0
30002905,100008,200003,1,2025-04-24,2025-04-26,Credit Card,Rep_Omar,0.1,162.0
30002906,100013,200004,1,2024-12-20,2024-12-21,Mobile Wallet,Rep_Mariam,0.0,230.0
30002907,100021,200001,1,2025-04-25,2025-05-01,Credit Card,Rep_Ahmed,0.1,1169.1
30002908,100020,200010,3,2025-07-26,2025-08-01,Credit Card,Rep_Sara,0.1,324.0
30002909,100026,200009,1,2024-10-25,2024-10-26,Credit Card,Rep_Sara,0.05,152.0
30002910,100004,200001,2,2024-12-08,2024-12-09,Mobile Wallet,Rep_Omar,0.0,2598.0
30002911,100025,200004,2,2025-07-06,2025-07-13,Mobile Wallet,Rep_Mariam,0.05,437.0
30002912,100079,200009,4,2025-02-21,2025-02-28,Mobile Wallet,Rep_Mariam,0.1,576.0
30002913,100005,200009,1,2025-01-16,2025-01-18,Cash,Rep_Ahmed,0.05,152.0
30002914,100087,200005,3,2025-08-31,2025-09-07,Cash,Rep_Mariam,0.1,132.3
30002915,100091,200004,1,2025-07-19,2025-07-21,Mobile Wallet,Rep_Sara,0.05,218.5
30002916,100023,200004,2,2024-10-13,2024-10-15,Bank Transfer,Rep_Omar,0.0,460.0
30002917,100071,200001,5,2024-12-17,2024-12-19,Bank Transfer,Rep_Ahmed,0.05,6170.25
30002918,100023,200006,1,2025-09-16,2025-09-20,Bank Transfer,Rep_Ahmed,0.05,949.05
30002919,100053,200008,1,2024-12-24,2024-12-31,Mobile Wallet,Rep_Ahmed,0.1,288.0
30002920,100019,200010,3,2025-03-14,2025-03-20,Bank Transfer,Rep_Mariam,0.1,324.0
30002921,100031,200003,3,2024-12-25,2024-12-30,Mobile Wallet,Rep_Mariam,0.0,540.0
30002922,100051,200004,5,2024-11-23,2024-11-25,Bank Transfer,Rep_Ahmed,0.0,1150.0
30002923,100090,200009,5,2025-02-17,2025-02-18,Credit Card,Rep_Mariam,0.0,800.0
30002924,100076,200007,2,2025-04-16,2025-04-22,Cash,Rep_Ahmed,0.1,117.0
30002925,100048,200007,1,2025-05-21,2025-05-28,Mobile Wallet,Rep_Sara,0.1,58.5
30002926,100019,200009,4,2024-10-30,2024-10-31,Cash,Rep_Omar,0.05,608.0
30002927,100033,200001,2,2024-12-24,2024-12-26,Bank Transfer,Rep_Mariam,0.05,2468.1
30002928,100002,200002,1,2025-05-02,2025-05-08,Credit Card,Rep_Sara,0.1,1079.1
30002929,100025,200006,2,2024-11-01,2024-11-05,Bank Transfer,Rep_Omar,0.05,1898.1
30002930,100075,200003,1,2025-03-06,2025-03-09,Cash,Rep_Omar,0.05,171.0
30002931,100034,200002,5,2024-09-30,2024-10-07,Bank Transfer,Rep_Mariam,0.1,5395.5
30002932,100089,200004,3,2024-10-29,2024-11-02,Cash,Rep_Sara,0.05,655.5
30002933,100099,200003,2,2025-09-08,2025-09-13,Bank Transfer,Rep_Omar,0.1,324.0
30002934,100055,200010,4,2025-01-14,2025-01-19,Mobile Wallet,Rep_Omar,0.1,432.0
30002935,100039,200003,3,2025-04-17,2025-04-22,Mobile Wallet,Rep_Sara,0.0,540.0
30002936,100042,200001,5,2024-10-13,2024-10-15,Cash,Rep_Omar,0.05,6170.25
30002937,100100,200009,2,2025-08-14,2025-08-15,Bank Transfer,Rep_Ahmed,0.1,288.0
30002938,100018,200009,3,2025-09-03,2025-09-09,Cash,Rep_Mariam,0.0,480.0
30002939,100087,200002,2,2025-03-03,2025-03-09,Bank Transfer,Rep_Ahmed,0.05,2278.1
30002940,100048,200010,4,2024-11-11,2024-11-18,Bank Transfer,Rep_Ahmed,0.0,480.0
30002941,100049,200010,1,2025-05-20,2025-05-26,Credit Card,Rep_Ahmed,0.05,114.0
30002942,100040,200006,1,2024-09-24,2024-09-26,Bank Transfer,Rep_Sara,0.05,949.05
30002943,100023,200008,1,2024-10-01,2024-10-07,Mobile Wallet,Rep_Sara,0.0,320.0
30002944,100089,200008,2,2025-02-22,2025-02-25,Credit Card,Rep_Omar,0.05,608.0
30002945,100086,200004,2,2025-02-26,2025-03-04,Mobile Wallet,Rep_Omar,0.05,437.0
30002946,100056,200007,2,2025-07-25,2025-07-30,Bank Transfer,Rep_Omar,0.05,123.5
30002947,100080,200006,4,2025-08-28,2025-08-29,Mobile Wallet,Rep_Omar,0.0,3996.0
30002948,100099,200009,3,2025-06-04,2025-06-06,Bank Transfer,Rep_Sara,0.0,480.0
30002949,100003,200009,1,2025-04-11,2025-04-17,Cash,Rep_Omar,0.05,152.0
30002950,100083,200009,2,2024-09-16,2024-09-19,Bank Transfer,Rep_Mariam,0.0,320.0
30002951,100040,200004,5,2024-12-14,2024-12-16,Bank Transfer,Rep_Mariam,0.1,1035.0
30002952,100019,200010,3,2025-04-13,2025-04-17,Mobile Wallet,Rep_Omar,0.05,342.0
30002953,100005,200003,1,2024-12-13,2024-12-15,Bank Transfer,Rep_Ahmed,0.05,171.0
30002954,100079,200008,1,2025-07-04,2025-07-11,Credit Card,Rep_Mariam,0.0,320.0
30002955,100094,200007,2,2024-09-19,2024-09-24,Mobile Wallet,Rep_Ahmed,0.1,117.0
30002956,100038,200010,4,2024-11-23,2024-11-29,Mobile Wallet,Rep_Omar,0.05,456.0
30002957,100015,200008,5,2025-04-05,2025-04-08,Bank Transfer,Rep_Ahmed,0.1,1440.0
30002958,100031,200003,5,2025-02-12,2025-02-15,Mobile Wallet,Rep_Omar,0.1,810.0
30002959,100076,200005,3,2025-03-25,2025-03-29,Mobile Wallet,Rep_Omar,0.05,139.65
30002960,100061,200007,2,2025-02-05,2025-02-11,Cash,Rep_Ahmed,0.1,117.0
30002961,100100,200004,3,2025-06-03,2025-06-08,Cash,Rep_Sara,0.1,621.0
30002962,100032,200010,2,2024-12-28,2024-12-29,Credit Card,Rep_Omar,0.1,216.0
30002963,100008,200005,2,2025-04-15,2025-04-17,Mobile Wallet,Rep_Sara,0.1,88.2
30002964,100094,200001,2,2024-09-18,2024-09-19,Credit Card,Rep_Ahmed,0.1,2338.2
30002965,100077,200006,4,2025-08-29,2025-09-01,Cash,Rep_Omar,0.0,3996.0
30002966,100060,200008,1,2025-07-15,2025-07-17,Bank Transfer,Rep_Omar,0.1,288.0
30002967,100080,200006,3,2025-06-10,2025-06-17,Credit Card,Rep_Mariam,0.1,2697.3
30002968,100062,200002,4,2024-10-02,2024-10-08,Bank Transfer,Rep_Sara,0.05,4556.2
30002969,100059,200010,1,2025-04-24,2025-04-28,Mobile Wallet,Rep_Omar,0.0,120.0
30002970,100076,200004,2,2024-11-30,2024-12-06,Cash,Rep_Omar,0.1,414.0
30002971,100042,200008,3,2024-12-14,2024-12-21,Cash,Rep_Mariam,0.05,912.0
30002972,100007,200005,5,2025-03-11,2025-03-13,Bank Transfer,Rep_Mariam,0.05,232.75
30002973,100020,200003,1,2025-03-05,2025-03-10,Credit Card,Rep_Mariam,0.05,171.0
30002974,100078,200006,5,2024-10-07,2024-10-13,Bank Transfer,Rep_Ahmed,0.05,4745.25
30002975,100044,200009,5,2024-11-25,2024-12-01,Bank Transfer,Rep_Omar,0.1,720.0
30002976,100082,200009,1,2024-11-25,2024-11-27,Bank Transfer,Rep_Ahmed,0.1,144.0
30002977,100068,200004,5,2025-07-07,2025-07-10,Mobile Wallet,Rep_Ahmed,0.05,1092.5
30002978,100081,200010,4,2025-03-15,2025-03-16,Mobile Wallet,Rep_Sara,0.1,432.0
30002979,100057,200008,4,2025-08-10,2025-08-12,Cash,Rep_Omar,0.05,1216.0
30002980,100067,200001,4,2025-01-30,2025-02-04,Mobile Wallet,Rep_Omar,0.05,4936.2
30002981,100062,200010,2,2024-09-19,2024-09-22,Mobile Wallet,Rep_Mariam,0.1,216.0
30002982,100017,200001,5,2025-02-16,2025-02-23,Mobile Wallet,Rep_Sara,0.05,6170.25
30002983,100074,200005,2,2025-07-26,2025-07-29,Credit Card,Rep_Sara,0.1,88.2
30002984,100073,200001,3,2025-09-08,2025-09-11,Mobile Wallet,Rep_Sara,0.0,3897.0
30002985,100037,200003,1,2025-05-17,2025-05-21,Cash,Rep_Sara,0.1,162.0
30002986,100098,200005,5,2025-03-26,2025-03-31,Mobile Wallet,Rep_Sara,0.1,220.5
30002987,100030,200007,4,2025-03-16,2025-03-20,Bank Transfer,Rep_Sara,0.0,260.0
30002988,100002,200009,4,2025-05-03,2025-05-08,Cash,Rep_Mariam,0.05,608.0
30002989,100053,200007,2,2025-07-10,2025-07-11,Credit Card,Rep_Mariam,0.05,123.5
30002990,100055,200008,1,2025-07-21,2025-07-23,Bank Transfer,Rep_Omar,0.0,320.0
30002991,100085,200010,4,2025-03-11,2025-03-15,Cash,Rep_Mariam,0.1,432.0
30002992,100066,200002,5,2024-10-29,2024-11-01,Mobile Wallet,Rep_Ahmed,0.1,5395.5
30002993,100056,200001,4,2025-05-28,2025-05-30,Mobile Wallet,Rep_Sara,0.05,4936.2
30002994,100036,200009,2,2025-03-14,2025-03-18,Cash,Rep_Mariam,0.05,304.0
30002995,100053,200010,4,2025-04-09,2025-04-13,Mobile Wallet,Rep_Ahmed,0.1,432.0
30002996,100046,200009,1,2025-09-12,2025-09-17,Mobile Wallet,Rep_Omar,0.1,144.0
30002997,100086,200001,2,2024-10-29,2024-10-31,Cash,Rep_Sara,0.1,2338.2
30002998,100003,200005,1,2025-01-24,2025-01-27,Credit Card,Rep_Omar,0.1,44.1
30002999,100017,200001,1,2025-07-08,2025-07-15,Credit Card,Rep_Mariam,0.0,1299.0
30003000,100039,200005,5,2025-01-08,2025-01-12,Credit Card,Rep_Ahmed,0.0,245.0
30003001,100066,200007,1,2025-06-11,2025-06-15,Cash,Rep_Mariam,0.0,65.0
30003002,100098,200005,5,2025-03-29,2025-04-02,Cash,Rep_Ahmed,0.05,232.75
30003003,100007,200007,1,2025-07-07,2025-07-08,Bank Transfer,Rep_Ahmed,0.0,65.0
30003004,100072,200003,5,2025-02-14,2025-02-20,Cash,Rep_Sara,0.0,900.0
30003005,100006,200010,5,2024-10-19,2024-10-22,Cash,Rep_Ahmed,0.0,600.0
30003006,100070,200008,1,2025-04-08,2025-04-12,Cash,Rep_Mariam,0.05,304.0
30003007,100059,200008,1,2025-05-14,2025-05-16,Cash,Rep_Omar,0.1,288.0
30003008,100036,200005,1,2025-05-28,2025-05-31,Credit Card,Rep_Ahmed,0.1,44.1
30003009,100092,200008,4,2025-05-30,2025-06-03,Credit Card,Rep_Omar,0.05,1216.0
30003010,100023,200004,3,2025-06-11,2025-06-16,Cash,Rep_Omar,0.05,655.5
30003011,100035,200002,2,2025-07-26,2025-07-28,Credit Card,Rep_Mariam,0.05,2278.1
30003012,100099,200004,2,2025-04-26,2025-05-02,Mobile Wallet,Rep_Sara,0.05,437.0
30003013,100080,200007,2,2025-08-04,2025-08-05,Bank Transfer,Rep_Omar,0.0,130.0
30003014,100099,200005,1,2025-07-03,2025-07-07,Cash,Rep_Omar,0.1,44.1
30003015,100097,200008,3,2024-11-15,2024-11-21,Credit Card,Rep_Sara,0.1,864.0
30003016,100033,200007,4,2024-12-31,2025-01-07,Cash,Rep_Ahmed,0.1,234.0
30003017,100018,200006,5,2025-06-20,2025-06-25,Credit Card,Rep_Mariam,0.05,4745.25
30003018,100088,200008,1,2024-11-20,2024-11-25,Cash,Rep_Ahmed,0.05,304.0
30003019,100012,200008,3,2025-08-08,2025-08-13,Cash,Rep_Ahmed,0.0,960.0
30003020,100051,200006,2,2025-02-09,2025-02-10,Cash,Rep_Sara,0.1,1798.2
30003021,100047,200004,5,2025-06-15,2025-06-19,Cash,Rep_Omar,0.1,1035.0
30003022,100049,200004,5,2025-03-13,2025-03-15,Credit Card,Rep_Mariam,0.1,1035.0
30003023,100090,200003,3,2025-09-08,2025-09-13,Credit Card,Rep_Omar,0.0,540.0
30003024,100016,200003,3,2025-05-24,2025-05-29,Cash,Rep_Mariam,0.05,513.0
30003025,100036,200006,3,2024-10-02,2024-10-06,Mobile Wallet,Rep_Omar,0.0,2997.0
30003026,100018,200001,4,2025-01-29,2025-02-04,Cash,Rep_Sara,0.1,4676.4
30003027,100014,200010,5,2024-11-07,2024-11-09,Credit Card,Rep_Mariam,0.05,570.0
30003028,100064,200002,5,2025-07-22,2025-07-28,Bank Transfer,Rep_Omar,0.1,5395.5
30003029,100043,200006,1,2025-04-10,2025-04-17,Cash,Rep_Mariam,0.0,999.0
30003030,100027,200002,4,2025-03-11,2025-03-17,Credit Card,Rep_Sara,0.0,4796.0
30003031,100003,200007,2,2025-02-21,2025-02-28,Cash,Rep_Omar,0.1,117.0
30003032,100063,200004,5,2025-05-26,2025-05-30,Bank Transfer,Rep_Sara,0.05,1092.5
30003033,100086,200002,2,2025-06-13,2025-06-17,Cash,Rep_Mariam,0.1,2158.2
30003034,100080,200007,1,2024-11-24,2024-11-28,Credit Card,Rep_Ahmed,0.0,65.0
30003035,100062,200008,3,2025-04-08,2025-04-13,Cash,Rep_Mariam,0.1,864.0
30003036,100037,200005,5,2024-10-03,2024-10-08,Mobile Wallet,Rep_Mariam,0.05,232.75
30003037,100016,200005,4,2025-09-01,2025-09-08,Cash,Rep_Mariam,0.05,186.2
30003038,100010,200002,4,2024-11-06,2024-11-11,Cash,Rep_Ahmed,0.0,4796.0
30003039,100087,200003,4,2025-02-15,2025-02-16,Credit Card,Rep_Omar,0.0,720.0
30003040,100060,200009,3,2024-11-18,2024-11-19,Cash,Rep_Sara,0.0,480.0
30003041,100034,200007,3,2025-01-19,2025-01-23,Mobile Wallet,Rep_Ahmed,0.1,175.5
30003042,100084,200003,1,2024-09-20,2024-09-27,Mobile Wallet,Rep_Omar,0.05,171.0
30003043,100013,200008,2,2025-03-25,2025-03-31,Mobile Wallet,Rep_Ahmed,0.05,608.0
30003044,100037,200002,1,2025-08-24,2025-08-27,Bank Transfer,Rep_Mariam,0.1,1079.1
30003045,100061,200002,2,2025-04-13,2025-04-15,Cash,Rep_Omar,0.1,2158.2
30003046,100093,200004,2,2024-10-19,2024-10-22,Bank Transfer,Rep_Omar,0.1,414.0
30003047,100048,200009,2,2024-10-19,2024-10-24,Bank Transfer,Rep_Sara,0.05,304.0
30003048,100065,200008,5,2025-09-10,2025-09-16,Cash,Rep_Omar,0.0,1600.0
30003049,100083,200001,5,2024-09-23,2024-09-25,Cash,Rep_Mariam,0.05,6170.25
30003050,100100,200008,3,2025-02-15,2025-02-19,Mobile Wallet,Rep_Mariam,0.0,960.0
30003051,100063,200001,1,2025-05-17,2025-05-19,Bank Transfer,Rep_Mariam,0.1,1169.1
30003052,100075,200002,4,2025-03-12,2025-03-19,Mobile Wallet,Rep_Ahmed,0.0,4796.0
30003053,100096,200002,3,2025-08-24,2025-08-26,Bank Transfer,Rep_Omar,0.1,3237.3
30003054,100043,200002,1,2025-06-23,2025-06-24,Credit Card,Rep_Sara,0.0,1199.0
30003055,100013,200008,3,2025-05-14,2025-05-19,Mobile Wallet,Rep_Sara,0.0,960.0
30003056,100019,200005,3,2025-06-27,2025-06-28,Bank Transfer,Rep_Mariam,0.1,132.3
30003057,100016,200002,5,2025-06-29,2025-06-30,Cash,Rep_Ahmed,0.0,5995.0
30003058,100014,200003,2,2025-02-14,2025-02-18,Bank Transfer,Rep_Sara,0.1,324.0
30003059,100077,200006,2,2025-09-09,2025-09-11,Mobile Wallet,Rep_Mariam,0.1,1798.2
30003060,100025,200008,5,2025-01-10,2025-01-11,Credit Card,Rep_Mariam,0.1,1440.0
30003061,100060,200001,2,2025-03-05,2025-03-11,Credit Card,Rep_Sara,0.05,2468.1
30003062,100086,200007,5,2024-11-30,2024-12-07,Bank Transfer,Rep_Mariam,0.05,308.75
30003063,100027,200002,4,2025-04-11,2025-04-13,Credit Card,Rep_Sara,0.0,4796.0
30003064,100028,200004,4,2025-01-06,2025-01-12,Credit Card,Rep_Sara,0.1,828.0
30003065,100008,200006,5,2024-11-02,2024-11-08,Mobile Wallet,Rep_Sara,0.0,4995.0
30003066,100019,200001,4,2025-09-16,2025-09-21,Mobile Wallet,Rep_Ahmed,0.1,4676.4
30003067,100025,200010,1,2025-06-08,2025-06-10,Mobile Wallet,Rep_Ahmed,0.1,108.0
30003068,100023,200007,2,2024-12-11,2024-12-12,Cash,Rep_Omar,0.05,123.5
30003069,100028,200001,3,2024-12-27,2025-01-01,Credit Card,Rep_Ahmed,0.1,3507.3
30003070,100081,200010,2,2024-12-15,2024-12-16,Bank Transfer,Rep_Ahmed,0.05,228.0
30003071,100072,200006,3,2025-02-13,2025-02-14,Credit Card,Rep_Mariam,0.05,2847.15
30003072,100004,200009,3,2024-10-15,2024-10-16,Cash,Rep_Sara,0.0,480.0
30003073,100027,200007,5,2025-02-17,2025-02-20,Mobile Wallet,Rep_Sara,0.05,308.75
30003074,100061,200004,3,2024-12-09,2024-12-15,Cash,Rep_Omar,0.05,655.5
30003075,100067,200007,5,2025-03-16,2025-03-22,Cash,Rep_Omar,0.1,292.5
30003076,100012,200002,4,2024-09-29,2024-10-01,Credit Card,Rep_Sara,0.0,4796.0
30003077,100010,200010,1,2025-07-20,2025-07-27,Bank Transfer,Rep_Omar,0.1,108.0
30003078,100035,200008,3,2025-09-16,2025-09-18,Cash,Rep_Sara,0.1,864.0
30003079,100099,200001,5,2025-08-03,2025-08-04,Bank Transfer,Rep_Omar,0.1,5845.5
30003080,100065,200009,2,2025-02-06,2025-02-13,Credit Card,Rep_Ahmed,0.05,304.0
30003081,100078,200009,5,2025-05-21,2025-05-25,Bank Transfer,Rep_Sara,0.0,800.0
30003082,100035,200001,3,2025-08-28,2025-08-29,Bank Transfer,Rep_Omar,0.0,3897.0
30003083,100043,200006,3,2025-03-25,2025-03-29,Cash,Rep_Mariam,0.05,2847.15
30003084,100012,200009,1,2025-07-24,2025-07-28,Credit Card,Rep_Omar,0.1,144.0
30003085,100093,200003,4,2025-07-29,2025-08-03,Cash,Rep_Sara,0.0,720.0
30003086,100100,200006,2,2025-04-05,2025-04-07,Mobile Wallet,Rep_Mariam,0.0,1998.0
30003087,100042,200008,2,2025-01-06,2025-01-09,Cash,Rep_Mariam,0.1,576.0
30003088,100019,200005,5,2025-06-30,2025-07-06,Mobile Wallet,Rep_Mariam,0.0,245.0
30003089,100083,200006,4,2025-08-25,2025-08-28,Credit Card,Rep_Sara,0.0,3996.0
30003090,100062,200002,5,2025-04-01,2025-04-06,Bank Transfer,Rep_Omar,0.0,5995.0
30003091,100028,200009,1,2025-02-09,2025-02-10,Mobile Wallet,Rep_Ahmed,0.1,144.0
30003092,100015,200002,5,2025-02-08,2025-02-14,Credit Card,Rep_Sara,0.05,5695.25
30003093,100017,200003,2,2025-09-08,2025-09-14,Credit Card,Rep_Mariam,0.05,342.0
30003094,100055,200010,5,2025-01-16,2025-01-22,Cash,Rep_Mariam,0.1,540.0
30003095,100035,200010,5,2024-11-18,2024-11-20,Cash,Rep_Sara,0.05,570.0
30003096,100055,200004,1,2025-01-14,2025-01-16,Credit Card,Rep_Sara,0.0,230.0
30003097,100075,200006,5,2025-02-12,2025-02-16,Mobile Wallet,Rep_Sara,0.1,4495.5
30003098,100053,200003,1,2025-03-11,2025-03-17,Bank Transfer,Rep_Mariam,0.1,162.0
30003099,100018,200005,3,2025-04-16,2025-04-19,Credit Card,Rep_Ahmed,0.0,147.0
30003100,100100,200007,5,2024-10-07,2024-10-13,Cash,Rep_Sara,0.1,292.5
30003101,100060,200001,2,2024-12-26,2024-12-30,Cash,Rep_Mariam,0.0,2598.0
30003102,100025,200002,5,2025-05-28,2025-06-02,Credit Card,Rep_Sara,0.1,5395.5
30003103,100083,200009,3,2025-09-12,2025-09-15,Bank Transfer,Rep_Mariam,0.1,432.0
30003104,100002,200009,3,2025-04-22,2025-04-23,Credit Card,Rep_Mariam,0.1,432.0
30003105,100012,200009,5,2024-12-19,2024-12-21,Mobile Wallet,Rep_Mariam,0.1,720.0
30003106,100018,200005,1,2025-07-25,2025-07-28,Cash,Rep_Omar,0.05,46.55
30003107,100097,200006,2,2024-12-03,2024-12-06,Mobile Wallet,Rep_Ahmed,0.1,1798.2
30003108,100010,200006,4,2024-09-25,2024-10-02,Credit Card,Rep_Omar,0.05,3796.2
30003109,100064,200008,3,2025-05-28,2025-06-04,Cash,Rep_Omar,0.1,864.0
30003110,100013,200003,3,2025-05-11,2025-05-14,Cash,Rep_Mariam,0.0,540.0
30003111,100042,200005,2,2025-06-06,2025-06-11,Credit Card,Rep_Sara,0.0,98.0
30003112,100067,200008,5,2024-10-08,2024-10-11,Bank Transfer,Rep_Omar,0.0,1600.0
30003113,100086,200003,1,2025-04-01,2025-04-04,Bank Transfer,Rep_Omar,0.05,171.0
30003114,100090,200002,3,2024-10-23,2024-10-28,Mobile Wallet,Rep_Omar,0.1,3237.3
30003115,100051,200003,1,2025-07-20,2025-07-23,Credit Card,Rep_Mariam,0.0,180.0
30003116,100063,200009,5,2025-07-03,2025-07-07,Mobile Wallet,Rep_Ahmed,0.0,800.0
30003117,100051,200010,3,2024-09-24,2024-09-25,Mobile Wallet,Rep_Mariam,0.0,360.0
30003118,100070,200007,3,2024-10-30,2024-11-03,Credit Card,Rep_Omar,0.05,185.25
30003119,100024,200006,5,2024-11-11,2024-11-16,Bank Transfer,Rep_Mariam,0.1,4495.5
30003120,100075,200004,1,2025-02-12,2025-02-17,Credit Card,Rep_Omar,0.1,207.0
30003121,100086,200007,5,2025-03-09,2025-03-10,Cash,Rep_Sara,0.05,308.75
30003122,100066,200006,1,2025-01-15,2025-01-22,Bank Transfer,Rep_Mariam,0.05,949.05
30003123,100067,200005,3,2025-02-19,2025-02-24,Credit Card,Rep_Omar,0.05,139.65
30003124,100088,200001,3,2025-05-17,2025-05-21,Mobile Wallet,Rep_Sara,0.0,3897.0
30003125,100056,200006,5,2025-05-09,2025-05-12,Mobile Wallet,Rep_Sara,0.05,4745.25
30003126,100033,200001,4,2025-04-08,2025-04-15,Mobile Wallet,Rep_Omar,0.05,4936.2
30003127,100032,200008,3,2025-09-16,2025-09-23,Mobile Wallet,Rep_Sara,0.1,864.0
30003128,100051,200007,3,2025-03-18,2025-03-21,Cash,Rep_Sara,0.1,175.5
30003129,100012,200009,1,2025-08-11,2025-08-18,Bank Transfer,Rep_Omar,0.1,144.0
30003130,100082,200003,4,2025-01-22,2025-01-28,Cash,Rep_Ahmed,0.0,720.0
30003131,100060,200004,1,2025-01-31,2025-02-06,Credit Card,Rep_Ahmed,0.1,207.0
30003132,100004,200002,2,2025-09-03,2025-09-04,Bank Transfer,Rep_Omar,0.1,2158.2
30003133,100020,200002,3,2025-01-08,2025-01-14,Bank Transfer,Rep_Mariam,0.0,3597.0
30003134,100064,200001,4,2025-04-27,2025-04-29,Mobile Wallet,Rep_Omar,0.05,4936.2
30003135,100001,200004,1,2025-01-10,2025-01-14,Mobile Wallet,Rep_Sara,0.05,218.5
30003136,100004,200007,1,2024-11-09,2024-11-16,Credit Card,Rep_Mariam,0.1,58.5
30003137,100066,200006,3,2024-10-01,2024-10-04,Credit Card,Rep_Sara,0.05,2847.15
30003138,100029,200002,2,2025-06-18,2025-06-21,Bank Transfer,Rep_Sara,0.05,2278.1
30003139,100049,200002,4,2024-12-06,2024-12-08,Mobile Wallet,Rep_Sara,0.0,4796.0
30003140,100037,200008,3,2025-03-31,2025-04-07,Cash,Rep_Ahmed,0.1,864.0
30003141,100027,200002,3,2025-05-19,2025-05-24,Credit Card,Rep_Sara,0.0,3597.0
30003142,100055,200010,1,2025-01-22,2025-01-27,Credit Card,Rep_Sara,0.1,108.0
30003143,100061,200001,2,2024-12-12,2024-12-17,Cash,Rep_Omar,0.1,2338.2
30003144,100091,200007,5,2025-08-31,2025-09-07,Credit Card,Rep_Ahmed,0.0,325.0
30003145,100079,200003,4,2024-12-05,2024-12-08,Credit Card,Rep_Mariam,0.05,684.0
30003146,100094,200009,5,2025-08-25,2025-08-30,Bank Transfer,Rep_Omar,0.05,760.0
30003147,100051,200002,1,2025-04-12,2025-04-19,Mobile Wallet,Rep_Sara,0.1,1079.1
30003148,100070,200007,4,2025-04-12,2025-04-14,Credit Card,Rep_Ahmed,0.05,247.0
30003149,100037,200005,5,2025-09-09,2025-09-14,Mobile Wallet,Rep_Mariam,0.0,245.0
30003150,100093,200004,1,2024-10-16,2024-10-22,Cash,Rep_Omar,0.0,230.0
30003151,100042,200002,2,2025-07-06,2025-07-12,Mobile Wallet,Rep_Sara,0.1,2158.2
30003152,100081,200008,4,2025-05-11,2025-05-13,Bank Transfer,Rep_Mariam,0.05,1216.0
30003153,100027,200003,5,2024-10-11,2024-10-16,Mobile Wallet,Rep_Omar,0.1,810.0
30003154,100004,200008,5,2025-04-27,2025-05-04,Cash,Rep_Mariam,0.05,1520.0
30003155,100083,200005,1,2024-11-03,2024-11-09,Mobile Wallet,Rep_Mariam,0.0,49.0
30003156,100016,200005,5,2024-10-31,2024-11-02,Cash,Rep_Sara,0.05,232.75
30003157,100074,200009,5,2025-04-09,2025-04-11,Bank Transfer,Rep_Omar,0.1,720.0
30003158,100070,200009,2,2024-10-07,2024-10-11,Mobile Wallet,Rep_Sara,0.1,288.0
30003159,100060,200004,3,2025-05-12,2025-05-17,Mobile Wallet,Rep_Sara,0.1,621.0
30003160,100053,200002,1,2025-07-16,2025-07-18,Credit Card,Rep_Sara,0.05,1139.05
30003161,100067,200008,1,2025-08-26,2025-09-02,Mobile Wallet,Rep_Omar,0.05,304.0
30003162,100057,200007,3,2025-09-13,2025-09-19,Cash,Rep_Mariam,0.05,185.25
30003163,100049,200001,4,2025-01-03,2025-01-09,Cash,Rep_Mariam,0.1,4676.4
30003164,100089,200003,4,2025-04-02,2025-04-03,Cash,Rep_Mariam,0.05,684.0
30003165,100006,200007,5,2025-08-15,2025-08-17,Mobile Wallet,Rep_Sara,0.0,325.0
30003166,100018,200002,2,2025-07-12,2025-07-17,Credit Card,Rep_Mariam,0.1,2158.2
30003167,100085,200004,5,2025-05-27,2025-05-28,Credit Card,Rep_Omar,0.05,1092.5
30003168,100045,200008,5,2025-06-28,2025-06-29,Mobile Wallet,Rep_Mariam,0.1,1440.0
30003169,100089,200003,4,2025-08-01,2025-08-02,Cash,Rep_Ahmed,0.0,720.0
30003170,100065,200007,3,2024-12-28,2025-01-03,Mobile Wallet,Rep_Sara,0.1,175.5
30003171,100097,200003,1,2025-02-19,2025-02-20,Mobile Wallet,Rep_Sara,0.1,162.0
30003172,100004,200005,1,2025-08-26,2025-08-30,Bank Transfer,Rep_Sara,0.0,49.0
30003173,100071,200007,5,2025-05-01,2025-05-07,Cash,Rep_Mariam,0.1,292.5
30003174,100054,200005,4,2025-08-19,2025-08-21,Bank Transfer,Rep_Sara,0.0,196.0
30003175,100076,200003,1,2025-05-24,2025-05-27,Bank Transfer,Rep_Sara,0.1,162.0
30003176,100027,200008,1,2025-06-11,2025-06-12,Cash,Rep_Mariam,0.05,304.0
30003177,100064,200010,5,2025-01-13,2025-01-16,Bank Transfer,Rep_Mariam,0.05,570.0
30003178,100051,200005,1,2024-09-17,2024-09-22,Mobile Wallet,Rep_Mariam,0.0,49.0
30003179,100052,200006,2,2025-03-11,2025-03-16,Credit Card,Rep_Ahmed,0.0,1998.0
30003180,100035,200009,2,2024-10-01,2024-10-06,Bank Transfer,Rep_Sara,0.0,320.0
30003181,100047,200010,4,2025-02-01,2025-02-08,Cash,Rep_Sara,0.1,432.0
30003182,100095,200004,3,2025-01-19,2025-01-23,Cash,Rep_Ahmed,0.1,621.0
30003183,100067,200002,2,2025-05-23,2025-05-24,Mobile Wallet,Rep_Omar,0.0,2398.0
30003184,100037,200007,3,2025-04-19,2025-04-25,Mobile Wallet,Rep_Omar,0.05,185.25
30003185,100050,200003,2,2025-06-07,2025-06-09,Cash,Rep_Omar,0.05,342.0
30003186,100040,200004,1,2024-09-18,2024-09-21,Bank Transfer,Rep_Omar,0.0,230.0
30003187,100029,200002,2,2025-01-29,2025-01-30,Credit Card,Rep_Mariam,0.05,2278.1
30003188,100068,200008,5,2025-06-20,2025-06-24,Credit Card,Rep_Sara,0.05,1520.0
30003189,100032,200010,5,2024-12-16,2024-12-22,Cash,Rep_Mariam,0.1,540.0
30003190,100047,200001,5,2025-03-28,2025-04-04,Mobile Wallet,Rep_Ahmed,0.1,5845.5
30003191,100067,200008,2,2024-12-15,2024-12-22,Bank Transfer,Rep_Mariam,0.1,576.0
30003192,100054,200009,5,2024-11-09,2024-11-12,Mobile Wallet,Rep_Ahmed,0.05,760.0
30003193,100011,200005,1,2024-11-28,2024-12-04,Bank Transfer,Rep_Sara,0.1,44.1
30003194,100042,200005,2,2024-09-17,2024-09-21,Cash,Rep_Sara,0.05,93.1
30003195,100082,200002,3,2025-03-12,2025-03-15,Cash,Rep_Omar,0.05,3417.15
30003196,100048,200001,1,2024-12-25,2024-12-26,Credit Card,Rep_Sara,0.1,1169.1
30003197,100040,200003,3,2025-05-20,2025-05-24,Bank Transfer,Rep_Mariam,0.0,540.0
30003198,100050,200010,1,2025-09-07,2025-09-12,Cash,Rep_Omar,0.0,120.0
30003199,100022,200005,5,2025-02-17,2025-02-23,Credit Card,Rep_Mariam,0.1,220.5
30003200,100042,200008,2,2025-01-11,2025-01-18,Cash,Rep_Mariam,0.05,608.0
30003201,100036,200002,3,2025-08-22,2025-08-25,Bank Transfer,Rep_Sara,0.0,3597.0
30003202,100098,200009,1,2025-05-16,2025-05-18,Cash,Rep_Sara,0.1,144.0
30003203,100090,200002,5,2024-12-14,2024-12-21,Cash,Rep_Mariam,0.1,5395.5
30003204,100047,200004,3,2025-08-31,2025-09-02,Bank Transfer,Rep_Ahmed,0.05,655.5
30003205,100077,200006,3,2025-05-09,2025-05-14,Mobile Wallet,Rep_Omar,0.0,2997.0
30003206,100052,200010,2,2025-04-10,2025-04-13,Bank Transfer,Rep_Omar,0.0,240.0
30003207,100063,200006,5,2025-04-12,2025-04-14,Mobile Wallet,Rep_Omar,0.1,4495.5
30003208,100026,200002,4,2024-10-11,2024-10-15,Bank Transfer,Rep_Ahmed,0.0,4796.0
30003209,100069,200009,4,2024-10-03,2024-10-04,Bank Transfer,Rep_Ahmed,0.05,608.0
30003210,100007,200005,2,2025-01-22,2025-01-24,Credit Card,Rep_Mariam,0.05,93.1
30003211,100100,200007,4,2025-05-26,2025-05-27,Credit Card,Rep_Mariam,0.05,247.0
30003212,100072,200001,3,2025-08-12,2025-08-15,Bank Transfer,Rep_Ahmed,0.1,3507.3
30003213,100098,200002,1,2025-07-23,2025-07-26,Cash,Rep_Omar,0.0,1199.0
30003214,100022,200002,4,2025-02-25,2025-03-04,Mobile Wallet,Rep_Sara,0.0,4796.0
30003215,100062,200001,3,2024-10-19,2024-10-25,Mobile Wallet,Rep_Sara,0.1,3507.3
30003216,100086,200006,1,2025-06-29,2025-07-02,Bank Transfer,Rep_Mariam,0.05,949.05
30003217,100084,200008,5,2024-11-09,2024-11-10,Credit Card,Rep_Omar,0.1,1440.0
30003218,100013,200004,2,2025-08-05,2025-08-08,Cash,Rep_Ahmed,0.0,460.0
30003219,100063,200009,1,2025-03-29,2025-04-02,Bank Transfer,Rep_Mariam,0.1,144.0
30003220,100039,200002,2,2024-11-24,2024-11-28,Bank Transfer,Rep_Ahmed,0.1,2158.2
30003221,100094,200002,1,2025-03-09,2025-03-14,Mobile Wallet,Rep_Ahmed,0.05,1139.05
30003222,100073,200008,1,2024-10-29,2024-11-01,Bank Transfer,Rep_Sara,0.0,320.0
30003223,100049,200001,3,2025-01-30,2025-02-04,Bank Transfer,Rep_Ahmed,0.1,3507.3
30003224,100009,200006,2,2024-12-06,2024-12-07,Cash,Rep_Ahmed,0.0,1998.0
30003225,100023,200005,5,2025-08-03,2025-08-10,Bank Transfer,Rep_Sara,0.05,232.75
30003226,100042,200010,5,2025-03-20,2025-03-22,Credit Card,Rep_Ahmed,0.05,570.0
30003227,100094,200005,3,2025-09-07,2025-09-10,Credit Card,Rep_Mariam,0.05,139.65
30003228,100029,200010,3,2025-05-05,2025-05-12,Cash,Rep_Sara,0.05,342.0
30003229,100099,200010,1,2024-12-02,2024-12-08,Cash,Rep_Sara,0.0,120.0
30003230,100056,200009,2,2025-08-21,2025-08-24,Bank Transfer,Rep_Ahmed,0.05,304.0
30003231,100011,200007,2,2025-08-03,2025-08-09,Cash,Rep_Ahmed,0.05,123.5
30003232,100031,200003,2,2025-07-17,2025-07-18,Mobile Wallet,Rep_Sara,0.05,342.0
30003233,100005,200004,5,2025-06-08,2025-06-09,Mobile Wallet,Rep_Omar,0.0,1150.0
30003234,100073,200006,2,2025-07-25,2025-08-01,Cash,Rep_Ahmed,0.0,1998.0
30003235,100057,200007,3,2024-12-25,2024-12-26,Bank Transfer,Rep_Mariam,0.1,175.5
30003236,100094,200008,1,2025-02-05,2025-02-09,Bank Transfer,Rep_Mariam,0.05,304.0
30003237,100046,200004,2,2025-02-11,2025-02-16,Credit Card,Rep_Mariam,0.0,460.0
30003238,100023,200004,3,2025-05-29,2025-06-02,Credit Card,Rep_Mariam,0.0,690.0
30003239,100084,200006,2,2024-10-27,2024-11-01,Bank Transfer,Rep_Sara,0.1,1798.2
30003240,100063,200004,2,2025-04-03,2025-04-08,Bank Transfer,Rep_Mariam,0.0,460.0
30003241,100024,200009,2,2025-01-06,2025-01-10,Cash,Rep_Omar,0.1,288.0
30003242,100089,200007,4,2025-06-28,2025-07-03,Cash,Rep_Omar,0.1,234.0
30003243,100090,200009,4,2024-12-06,2024-12-12,Cash,Rep_Sara,0.0,640.0
30003244,100011,200007,3,2025-08-09,2025-08-14,Mobile Wallet,Rep_Mariam,0.1,175.5
30003245,100014,200008,2,2025-06-22,2025-06-26,Bank Transfer,Rep_Sara,0.1,576.0
30003246,100039,200007,5,2024-09-21,2024-09-26,Credit Card,Rep_Mariam,0.1,292.5
30003247,100064,200009,3,2024-10-06,2024-10-09,Bank Transfer,Rep_Mariam,0.0,480.0
30003248,100079,200006,4,2024-12-02,2024-12-05,Credit Card,Rep_Ahmed,0.0,3996.0
30003249,100047,200003,1,2024-10-20,2024-10-21,Cash,Rep_Mariam,0.1,162.0
30003250,100068,200004,1,2025-02-15,2025-02-22,Cash,Rep_Ahmed,0.0,230.0
30003251,100001,200010,1,2025-07-27,2025-07-29,Credit Card,Rep_Omar,0.05,114.0
30003252,100041,200006,1,2025-08-07,2025-08-12,Cash,Rep_Sara,0.05,949.05
30003253,100011,200005,4,2025-01-28,2025-01-31,Credit Card,Rep_Mariam,0.05,186.2
30003254,100070,200004,2,2025-03-18,2025-03-23,Cash,Rep_Omar,0.05,437.0
30003255,100033,200008,3,2025-08-29,2025-09-01,Cash,Rep_Ahmed,0.05,912.0
30003256,100052,200001,2,2024-10-08,2024-10-14,Bank Transfer,Rep_Mariam,0.05,2468.1
30003257,100037,200010,5,2025-06-07,2025-06-09,Bank Transfer,Rep_Ahmed,0.1,540.0
30003258,100038,200004,1,2024-12-29,2025-01-05,Credit Card,Rep_Mariam,0.05,218.5
30003259,100047,200008,3,2025-08-23,2025-08-25,Credit Card,Rep_Sara,0.05,912.0
30003260,100080,200003,3,2025-04-02,2025-04-04,Bank Transfer,Rep_Sara,0.1,486.0
30003261,100093,200002,4,2024-10-07,2024-10-11,Mobile Wallet,Rep_Ahmed,0.05,4556.2
30003262,100035,200002,1,2025-04-07,2025-04-13,Cash,Rep_Sara,0.1,1079.1
30003263,100023,200001,4,2025-05-17,2025-05-18,Cash,Rep_Mariam,0.1,4676.4
30003264,100078,200007,4,2025-02-02,2025-02-09,Mobile Wallet,Rep_Sara,0.1,234.0
30003265,100038,200001,4,2025-08-07,2025-08-10,Mobile Wallet,Rep_Sara,0.1,4676.4
30003266,100005,200001,4,2024-10-30,2024-11-05,Credit Card,Rep_Sara,0.0,5196.0
30003267,100039,200006,3,2025-01-10,2025-01-13,Cash,Rep_Ahmed,0.05,2847.15
30003268,100050,200002,1,2025-07-20,2025-07-25,Bank Transfer,Rep_Omar,0.1,1079.1
30003269,100093,200001,1,2024-12-03,2024-12-06,Mobile Wallet,Rep_Mariam,0.0,1299.0
30003270,100051,200004,3,2025-08-03,2025-08-04,Mobile Wallet,Rep_Ahmed,0.05,655.5
30003271,100010,200007,2,2024-12-05,2024-12-11,Bank Transfer,Rep_Sara,0.05,123.5
30003272,100001,200008,3,2025-02-19,2025-02-25,Credit Card,Rep_Ahmed,0.0,960.0
30003273,100097,200005,2,2025-05-29,2025-06-05,Cash,Rep_Sara,0.1,88.2
30003274,100049,200003,3,2025-04-14,2025-04-19,Mobile Wallet,Rep_Sara,0.1,486.0
30003275,100082,200001,4,2024-10-16,2024-10-19,Mobile Wallet,Rep_Omar,0.1,4676.4
30003276,100088,200008,2,2024-11-10,2024-11-14,Credit Card,Rep_Sara,0.05,608.0
30003277,100005,200003,2,2024-10-12,2024-10-19,Cash,Rep_Mariam,0.0,360.0
30003278,100089,200004,1,2025-02-10,2025-02-14,Bank Transfer,Rep_Ahmed,0.0,230.0
30003279,100072,200002,4,2025-05-26,2025-05-27,Credit Card,Rep_Mariam,0.05,4556.2
30003280,100017,200008,1,2025-09-02,2025-09-08,Cash,Rep_Ahmed,0.05,304.0
30003281,100006,200008,1,2025-08-18,2025-08-24,Credit Card,Rep_Mariam,0.0,320.0
30003282,100037,200005,4,2025-01-22,2025-01-26,Cash,Rep_Mariam,0.0,196.0
30003283,100057,200005,2,2025-07-29,2025-08-05,Cash,Rep_Mariam,0.0,98.0
30003284,100015,200006,5,2025-06-25,2025-06-27,Credit Card,Rep_Mariam,0.1,4495.5
30003285,100034,200003,5,2025-06-08,2025-06-09,Cash,Rep_Sara,0.0,900.0
30003286,100025,200009,5,2025-08-07,2025-08-09,Credit Card,Rep_Ahmed,0.05,760.0
30003287,100082,200002,1,2025-08-13,2025-08-16,Bank Transfer,Rep_Sara,0.05,1139.05
30003288,100025,200003,5,2025-04-06,2025-04-11,Bank Transfer,Rep_Mariam,0.0,900.0
30003289,100029,200004,3,2025-06-10,2025-06-15,Bank Transfer,Rep_Ahmed,0.0,690.0
30003290,100058,200002,1,2025-03-26,2025-03-27,Credit Card,Rep_Mariam,0.1,1079.1
30003291,100038,200004,3,2025-07-20,2025-07-21,Mobile Wallet,Rep_Sara,0.1,621.0
30003292,100092,200001,2,2025-09-12,2025-09-18,Cash,Rep_Omar,0.1,2338.2
30003293,100055,200003,1,2024-12-14,2024-12-19,Credit Card,Rep_Sara,0.1,162.0
30003294,100082,200010,1,2025-06-22,2025-06-25,Mobile Wallet,Rep_Mariam,0.0,120.0
30003295,100023,200008,3,2025-05-23,2025-05-27,Cash,Rep_Mariam,0.1,864.0
30003296,100085,200001,2,2025-07-20,2025-07-22,Bank Transfer,Rep_Mariam,0.1,2338.2
30003297,100028,200007,5,2025-05-28,2025-06-02,Cash,Rep_Ahmed,0.1,292.5
30003298,100078,200001,3,2024-10-05,2024-10-09,Cash,Rep_Sara,0.1,3507.3
30003299,100026,200003,5,2024-11-07,2024-11-11,Bank Transfer,Rep_Ahmed,0.1,810.0
30003300,100013,200002,5,2025-02-15,2025-02-19,Cash,Rep_Sara,0.05,5695.25
30003301,100025,200008,1,2025-03-01,2025-03-07,Credit Card,Rep_Omar,0.1,288.0
30003302,100051,200010,2,2025-07-04,2025-07-10,Credit Card,Rep_Sara,0.05,228.0
30003303,100091,200004,5,2025-07-05,2025-07-10,Cash,Rep_Omar,0.1,1035.0
30003304,100066,200008,1,2025-01-29,2025-02-02,Cash,Rep_Mariam,0.05,304.0
30003305,100055,200002,1,2025-07-22,2025-07-28,Credit Card,Rep_Ahmed,0.0,1199.0
30003306,100099,200008,3,2025-01-12,2025-01-15,Mobile Wallet,Rep_Mariam,0.1,864.0
30003307,100031,200004,2,2024-09-26,2024-09-29,Bank Transfer,Rep_Sara,0.1,414.0
30003308,100023,200006,1,2025-04-28,2025-05-05,Cash,Rep_Omar,0.1,899.1
30003309,100084,200010,1,2024-10-13,2024-10-14,Bank Transfer,Rep_Sara,0.1,108.0
30003310,100059,200007,5,2025-03-10,2025-03-17,Mobile Wallet,Rep_Mariam,0.05,308.75
30003311,100082,200006,1,2025-04-12,2025-04-15,Cash,Rep_Ahmed,0.0,999.0
30003312,100061,200006,5,2024-11-12,2024-11-15,Credit Card,Rep_Ahmed,0.1,4495.5
30003313,100062,200009,1,2025-05-15,2025-05-18,Bank Transfer,Rep_Ahmed,0.05,152.0
30003314,100001,200001,5,2024-12-17,2024-12-18,Cash,Rep_Omar,0.0,6495.0
30003315,100086,200008,3,2025-08-10,2025-08-13,Cash,Rep_Sara,0.0,960.0
30003316,100001,200007,4,2025-03-16,2025-03-20,Bank Transfer,Rep_Sara,0.1,234.0
30003317,100065,200001,2,2025-04-28,2025-04-29,Bank Transfer,Rep_Sara,0.0,2598.0
30003318,100094,200002,2,2024-10-17,2024-10-22,Bank Transfer,Rep_Sara,0.05,2278.1
30003319,100028,200002,4,2024-12-17,2024-12-20,Mobile Wallet,Rep_Omar,0.0,4796.0
30003320,100077,200007,4,2025-06-05,2025-06-08,Mobile Wallet,Rep_Ahmed,0.05,247.0
30003321,100095,200001,4,2024-12-08,2024-12-15,Credit Card,Rep_Sara,0.0,5196.0
30003322,100054,200002,2,2025-06-24,2025-06-29,Bank Transfer,Rep_Mariam,0.0,2398.0
30003323,100042,200005,1,2025-07-04,2025-07-07,Cash,Rep_Ahmed,0.1,44.1
30003324,100086,200003,1,2024-12-18,2024-12-21,Credit Card,Rep_Mariam,0.0,180.0
30003325,100001,200004,5,2024-10-10,2024-10-14,Cash,Rep_Sara,0.1,1035.0
30003326,100036,200002,5,2024-10-27,2024-10-28,Cash,Rep_Ahmed,0.0,5995.0
30003327,100050,200003,3,2025-08-09,2025-08-12,Mobile Wallet,Rep_Mariam,0.0,540.0
30003328,100004,200005,1,2024-12-26,2024-12-30,Bank Transfer,Rep_Omar,0.0,49.0
30003329,100001,200003,1,2024-10-23,2024-10-25,Bank Transfer,Rep_Mariam,0.1,162.0
30003330,100074,200009,5,2025-07-27,2025-07-30,Bank Transfer,Rep_Ahmed,0.0,800.0
30003331,100013,200002,4,2025-08-15,2025-08-16,Cash,Rep_Mariam,0.0,4796.0
30003332,100040,200010,4,2024-10-19,2024-10-22,Bank Transfer,Rep_Sara,0.1,432.0
30003333,100068,200009,4,2025-01-22,2025-01-26,Credit Card,Rep_Omar,0.05,608.0
30003334,100012,200005,3,2024-11-15,2024-11-16,Credit Card,Rep_Omar,0.1,132.3
30003335,100044,200009,1,2025-01-06,2025-01-09,Bank Transfer,Rep_Mariam,0.0,160.0
30003336,100054,200006,1,2025-06-05,2025-06-11,Mobile Wallet,Rep_Sara,0.05,949.05
30003337,100055,200001,1,2024-10-09,2024-10-16,Bank Transfer,Rep_Sara,0.05,1234.05
30003338,100035,200004,3,2025-02-28,2025-03-03,Cash,Rep_Ahmed,0.0,690.0
30003339,100022,200008,4,2025-02-28,2025-03-06,Bank Transfer,Rep_Omar,0.0,1280.0
30003340,100012,200008,5,2025-07-23,2025-07-25,Credit Card,Rep_Omar,0.0,1600.0
30003341,100083,200006,2,2025-03-26,2025-03-29,Credit Card,Rep_Mariam,0.05,1898.1
30003342,100087,200010,5,2025-01-14,2025-01-17,Credit Card,Rep_Omar,0.0,600.0
30003343,100075,200009,4,2025-06-24,2025-06-28,Mobile Wallet,Rep_Omar,0.0,640.0
30003344,100072,200004,3,2025-08-13,2025-08-14,Cash,Rep_Sara,0.0,690.0
30003345,100005,200001,3,2025-03-31,2025-04-04,Cash,Rep_Ahmed,0.05,3702.15
30003346,100006,200005,1,2025-08-19,2025-08-26,Credit Card,Rep_Sara,0.0,49.0
30003347,100074,200005,1,2024-10-13,2024-10-16,Bank Transfer,Rep_Ahmed,0.0,49.0
30003348,100017,200007,3,2025-07-06,2025-07-12,Bank Transfer,Rep_Mariam,0.05,185.25
30003349,100098,200010,5,2025-02-24,2025-02-25,Cash,Rep_Omar,0.1,540.0
30003350,100058,200004,3,2025-09-09,2025-09-11,Mobile Wallet,Rep_Mariam,0.0,690.0
30003351,100011,200006,5,2024-11-06,2024-11-10,Credit Card,Rep_Mariam,0.1,4495.5
30003352,100086,200002,5,2024-11-05,2024-11-11,Mobile Wallet,Rep_Omar,0.05,5695.25
30003353,100054,200007,4,2025-07-15,2025-07-22,Bank Transfer,Rep_Mariam,0.05,247.0
30003354,100044,200005,4,2025-08-07,2025-08-13,Cash,Rep_Mariam,0.0,196.0
30003355,100078,200005,4,2025-01-11,2025-01-12,Credit Card,Rep_Ahmed,0.0,196.0
30003356,100014,200007,4,2025-08-30,2025-09-03,Credit Card,Rep_Omar,0.05,247.0
30003357,100032,200001,3,2025-09-05,2025-09-11,Bank Transfer,Rep_Sara,0.1,3507.3
30003358,100083,200008,3,2025-01-15,2025-01-17,Credit Card,Rep_Mariam,0.05,912.0
30003359,100006,200005,5,2025-08-20,2025-08-24,Bank Transfer,Rep_Omar,0.05,232.75
30003360,100011,200006,4,2025-06-12,2025-06-15,Bank Transfer,Rep_Omar,0.0,3996.0
30003361,100047,200001,4,2024-11-16,2024-11-21,Credit Card,Rep_Sara,0.1,4676.4
30003362,100028,200006,1,2024-10-22,2024-10-29,Cash,Rep_Sara,0.0,999.0
30003363,100026,200002,5,2024-11-30,2024-12-04,Mobile Wallet,Rep_Mariam,0.0,5995.0
30003364,100065,200008,2,2024-10-23,2024-10-27,Bank Transfer,Rep_Sara,0.05,608.0
30003365,100079,200004,4,2024-11-17,2024-11-21,Credit Card,Rep_Omar,0.1,828.0
30003366,100028,200008,5,2025-08-25,2025-08-27,Credit Card,Rep_Mariam,0.0,1600.0
30003367,100047,200006,2,2024-09-27,2024-10-02,Credit Card,Rep_Omar,0.05,1898.1
30003368,100006,200005,3,2025-06-03,2025-06-06,Bank Transfer,Rep_Sara,0.0,147.0
30003369,100049,200004,5,2025-06-01,2025-06-06,Mobile Wallet,Rep_Sara,0.0,1150.0
30003370,100033,200006,1,2024-09-21,2024-09-27,Bank Transfer,Rep_Sara,0.1,899.1
30003371,100063,200001,2,2025-08-14,2025-08-18,Cash,Rep_Omar,0.0,2598.0
30003372,100091,200002,1,2024-11-27,2024-11-29,Credit Card,Rep_Omar,0.05,1139.05
30003373,100076,200009,5,2024-12-20,2024-12-24,Credit Card,Rep_Mariam,0.05,760.0
30003374,100059,200004,5,2025-07-12,2025-07-19,Cash,Rep_Sara,0.05,1092.5
30003375,100002,200007,1,2024-11-05,2024-11-11,Bank Transfer,Rep_Omar,0.0,65.0
30003376,100054,200010,1,2025-04-22,2025-04-26,Cash,Rep_Mariam,0.05,114.0
30003377,100022,200010,2,2025-09-04,2025-09-05,Cash,Rep_Ahmed,0.05,228.0
30003378,100099,200009,5,2024-10-30,2024-11-06,Credit Card,Rep_Omar,0.1,720.0
30003379,100005,200006,3,2025-06-17,2025-06-22,Cash,Rep_Ahmed,0.0,2997.0
30003380,100068,200005,4,2025-06-01,2025-06-08,Cash,Rep_Omar,0.05,186.2
30003381,100061,200005,3,2024-10-12,2024-10-14,Bank Transfer,Rep_Mariam,0.05,139.65
30003382,100044,200004,3,2025-05-25,2025-05-29,Credit Card,Rep_Mariam,0.0,690.0
30003383,100083,200002,5,2025-09-05,2025-09-08,Bank Transfer,Rep_Mariam,0.05,5695.25
30003384,100005,200003,2,2025-08-22,2025-08-27,Credit Card,Rep_Ahmed,0.0,360.0
30003385,100027,200003,2,2025-04-04,2025-04-08,Credit Card,Rep_Mariam,0.0,360.0
30003386,100053,200006,2,2025-06-25,2025-07-01,Mobile Wallet,Rep_Mariam,0.05,1898.1
30003387,100012,200001,5,2025-02-04,2025-02-09,Bank Transfer,Rep_Omar,0.05,6170.25
30003388,100033,200010,1,2025-05-30,2025-06-06,Mobile Wallet,Rep_Ahmed,0.05,114.0
30003389,100047,200005,5,2025-03-08,2025-03-12,Cash,Rep_Sara,0.0,245.0
30003390,100072,200002,5,2025-08-17,2025-08-19,Bank Transfer,Rep_Ahmed,0.0,5995.0
30003391,100075,200002,1,2025-04-01,2025-04-03,Bank Transfer,Rep_Sara,0.05,1139.05
30003392,100083,200002,5,2025-05-22,2025-05-25,Mobile Wallet,Rep_Omar,0.05,5695.25
30003393,100012,200003,5,2025-08-30,2025-09-06,Credit Card,Rep_Sara,0.0,900.0
30003394,100044,200004,5,2025-02-22,2025-02-26,Mobile Wallet,Rep_Ahmed,0.05,1092.5
30003395,100099,200003,5,2025-09-02,2025-09-04,Cash,Rep_Mariam,0.0,900.0
30003396,100094,200002,4,2025-08-07,2025-08-12,Cash,Rep_Omar,0.0,4796.0
30003397,100046,200003,3,2024-11-09,2024-11-13,Mobile Wallet,Rep_Omar,0.0,540.0
30003398,100014,200007,2,2025-02-21,2025-02-27,Credit Card,Rep_Sara,0.1,117.0
30003399,100066,200003,3,2025-04-18,2025-04-23,Bank Transfer,Rep_Omar,0.05,513.0
30003400,100039,200006,2,2025-01-22,2025-01-23,Bank Transfer,Rep_Sara,0.1,1798.2
30003401,100020,200006,3,2025-08-18,2025-08-22,Mobile Wallet,Rep_Omar,0.1,2697.3
30003402,100076,200006,2,2025-04-20,2025-04-26,Mobile Wallet,Rep_Sara,0.0,1998.0
30003403,100092,200003,3,2025-05-27,2025-06-02,Credit Card,Rep_Sara,0.1,486.0
30003404,100004,200010,1,2025-05-19,2025-05-21,Bank Transfer,Rep_Omar,0.05,114.0
30003405,100020,200007,1,2025-07-29,2025-08-03,Bank Transfer,Rep_Omar,0.1,58.5
30003406,100051,200001,5,2025-08-04,2025-08-07,Cash,Rep_Omar,0.1,5845.5
30003407,100040,200009,4,2025-04-08,2025-04-12,Cash,Rep_Mariam,0.1,576.0
30003408,100029,200002,2,2024-12-08,2024-12-12,Credit Card,Rep_Omar,0.1,2158.2
30003409,100006,200004,4,2025-04-03,2025-04-10,Bank Transfer,Rep_Omar,0.05,874.0
30003410,100074,200004,1,2025-05-06,2025-05-09,Cash,Rep_Mariam,0.1,207.0
30003411,100061,200004,5,2025-06-18,2025-06-21,Credit Card,Rep_Ahmed,0.05,1092.5
30003412,100019,200003,4,2025-01-13,2025-01-16,Credit Card,Rep_Sara,0.05,684.0
30003413,100094,200004,5,2025-08-17,2025-08-18,Mobile Wallet,Rep_Omar,0.05,1092.5
30003414,100015,200006,3,2025-02-15,2025-02-20,Credit Card,Rep_Ahmed,0.0,2997.0
30003415,100078,200005,4,2025-07-27,2025-07-30,Bank Transfer,Rep_Mariam,0.0,196.0
30003416,100033,200001,2,2024-11-14,2024-11-18,Credit Card,Rep_Ahmed,0.1,2338.2
30003417,100030,200005,3,2025-03-04,2025-03-11,Mobile Wallet,Rep_Ahmed,0.0,147.0
30003418,100041,200001,3,2025-08-28,2025-09-03,Mobile Wallet,Rep_Sara,0.0,3897.0
30003419,100028,200003,2,2024-10-12,2024-10-17,Bank Transfer,Rep_Ahmed,0.1,324.0
30003420,100098,200008,5,2024-09-19,2024-09-20,Mobile Wallet,Rep_Omar,0.1,1440.0
30003421,100083,200009,3,2025-06-07,2025-06-11,Mobile Wallet,Rep_Ahmed,0.05,456.0
30003422,100097,200003,3,2025-04-22,2025-04-27,Bank Transfer,Rep_Omar,0.0,540.0
30003423,100060,200002,2,2024-09-23,2024-09-25,Bank Transfer,Rep_Omar,0.0,2398.0
30003424,100098,200009,4,2025-08-29,2025-08-30,Cash,Rep_Ahmed,0.1,576.0
30003425,100033,200005,5,2025-04-24,2025-04-27,Bank Transfer,Rep_Sara,0.1,220.5
30003426,100066,200007,3,2025-04-20,2025-04-24,Bank Transfer,Rep_Sara,0.1,175.5
30003427,100068,200004,3,2025-04-29,2025-05-01,Credit Card,Rep_Ahmed,0.1,621.0
30003428,100086,200009,1,2025-08-01,2025-08-03,Mobile Wallet,Rep_Mariam,0.1,144.0
30003429,100008,200008,4,2024-11-01,2024-11-05,Credit Card,Rep_Mariam,0.0,1280.0
30003430,100075,200009,2,2024-11-11,2024-11-12,Cash,Rep_Mariam,0.05,304.0
30003431,100082,200006,5,2025-04-23,2025-04-26,Credit Card,Rep_Sara,0.0,4995.0
30003432,100036,200009,4,2025-01-26,2025-01-30,Bank Transfer,Rep_Ahmed,0.05,608.0
30003433,100044,200006,5,2025-06-08,2025-06-10,Credit Card,Rep_Mariam,0.05,4745.25
30003434,100097,200007,2,2025-05-05,2025-05-08,Bank Transfer,Rep_Mariam,0.05,123.5
30003435,100069,200005,2,2024-10-15,2024-10-21,Credit Card,Rep_Mariam,0.1,88.2
30003436,100060,200004,2,2025-03-16,2025-03-18,Credit Card,Rep_Omar,0.1,414.0
30003437,100033,200008,5,2025-02-17,2025-02-19,Bank Transfer,Rep_Sara,0.0,1600.0
30003438,100094,200003,5,2024-11-01,2024-11-06,Mobile Wallet,Rep_Sara,0.1,810.0
30003439,100022,200006,5,2024-12-23,2024-12-27,Cash,Rep_Omar,0.0,4995.0
30003440,100086,200007,1,2025-01-12,2025-01-15,Cash,Rep_Mariam,0.0,65.0
30003441,100057,200004,4,2024-11-21,2024-11-27,Cash,Rep_Omar,0.1,828.0
30003442,100077,200009,3,2025-09-11,2025-09-15,Mobile Wallet,Rep_Sara,0.05,456.0
30003443,100030,200010,5,2024-12-01,2024-12-06,Mobile Wallet,Rep_Mariam,0.0,600.0
30003444,100064,200007,1,2025-06-01,2025-06-04,Bank Transfer,Rep_Mariam,0.0,65.0
30003445,100009,200006,2,2024-11-24,2024-11-30,Cash,Rep_Sara,0.05,1898.1
30003446,100021,200007,2,2025-01-01,2025-01-06,Mobile Wallet,Rep_Ahmed,0.0,130.0
30003447,100044,200009,4,2024-10-02,2024-10-08,Credit Card,Rep_Omar,0.1,576.0
30003448,100041,200009,2,2025-01-05,2025-01-08,Bank Transfer,Rep_Sara,0.05,304.0
30003449,100065,200002,5,2025-03-25,2025-03-30,Mobile Wallet,Rep_Ahmed,0.05,5695.25
30003450,100022,200003,1,2024-10-24,2024-10-25,Credit Card,Rep_Sara,0.05,171.0
30003451,100069,200004,2,2024-10-03,2024-10-08,Bank Transfer,Rep_Ahmed,0.1,414.0
30003452,100080,200010,4,2025-08-22,2025-08-25,Cash,Rep_Sara,0.0,480.0
30003453,100006,200001,5,2024-10-06,2024-10-13,Mobile Wallet,Rep_Ahmed,0.0,6495.0
30003454,100026,200007,2,2025-07-12,2025-07-16,Cash,Rep_Ahmed,0.1,117.0
30003455,100051,200005,5,2025-04-15,2025-04-22,Cash,Rep_Sara,0.1,220.5
30003456,100064,200007,2,2025-05-24,2025-05-28,Cash,Rep_Sara,0.0,130.0
30003457,100052,200008,1,2025-06-09,2025-06-16,Cash,Rep_Ahmed,0.0,320.0
30003458,100042,200008,4,2025-01-16,2025-01-19,Cash,Rep_Ahmed,0.1,1152.0
30003459,100039,200001,5,2025-06-22,2025-06-23,Mobile Wallet,Rep_Ahmed,0.0,6495.0
30003460,100007,200007,5,2025-01-14,2025-01-19,Bank Transfer,Rep_Omar,0.05,308.75
30003461,100050,200007,4,2024-12-21,2024-12-27,Bank Transfer,Rep_Ahmed,0.1,234.0
30003462,100096,200009,4,2025-01-19,2025-01-26,Cash,Rep_Omar,0.1,576.0
30003463,100081,200002,1,2025-08-23,2025-08-30,Credit Card,Rep_Ahmed,0.1,1079.1
30003464,100071,200009,5,2025-06-10,2025-06-11,Mobile Wallet,Rep_Omar,0.1,720.0
30003465,100002,200005,3,2025-07-17,2025-07-19,Credit Card,Rep_Mariam,0.05,139.65
30003466,100026,200004,3,2025-04-06,2025-04-13,Mobile Wallet,Rep_Sara,0.05,655.5
30003467,100073,200006,2,2024-12-22,2024-12-29,Cash,Rep_Ahmed,0.0,1998.0
30003468,100019,200008,3,2025-08-09,2025-08-11,Mobile Wallet,Rep_Sara,0.1,864.0
30003469,100006,200008,1,2025-03-19,2025-03-21,Credit Card,Rep_Sara,0.05,304.0
30003470,100039,200008,2,2025-06-16,2025-06-20,Credit Card,Rep_Mariam,0.05,608.0
30003471,100063,200008,5,2024-11-07,2024-11-10,Credit Card,Rep_Mariam,0.05,1520.0
30003472,100064,200007,4,2025-07-15,2025-07-17,Cash,Rep_Ahmed,0.1,234.0
30003473,100078,200007,2,2025-07-02,2025-07-08,Credit Card,Rep_Omar,0.0,130.0
30003474,100047,200006,3,2024-11-20,2024-11-26,Cash,Rep_Ahmed,0.1,2697.3
30003475,100081,200010,1,2024-12-21,2024-12-27,Cash,Rep_Mariam,0.1,108.0
30003476,100030,200004,1,2024-11-20,2024-11-27,Bank Transfer,Rep_Mariam,0.05,218.5
30003477,100061,200002,2,2025-05-02,2025-05-09,Credit Card,Rep_Ahmed,0.1,2158.2
30003478,100096,200006,1,2025-09-06,2025-09-08,Cash,Rep_Omar,0.05,949.05
30003479,100071,200005,1,2025-01-22,2025-01-25,Bank Transfer,Rep_Mariam,0.1,44.1
30003480,100052,200010,4,2025-03-27,2025-03-30,Cash,Rep_Sara,0.0,480.0
30003481,100032,200007,5,2024-10-17,2024-10-20,Cash,Rep_Mariam,0.05,308.75
30003482,100062,200004,1,2024-10-20,2024-10-27,Bank Transfer,Rep_Ahmed,0.1,207.0
30003483,100042,200002,3,2024-11-17,2024-11-18,Credit Card,Rep_Omar,0.0,3597.0
30003484,100024,200006,2,2025-03-23,2025-03-30,Cash,Rep_Sara,0.05,1898.1
30003485,100083,200008,4,2025-05-12,2025-05-15,Credit Card,Rep_Sara,0.05,1216.0
30003486,100024,200004,4,2024-12-28,2024-12-29,Cash,Rep_Mariam,0.0,920.0
30003487,100062,200006,4,2025-01-28,2025-02-01,Mobile Wallet,Rep_Ahmed,0.0,3996.0
30003488,100035,200003,2,2024-12-26,2024-12-30,Mobile Wallet,Rep_Sara,0.0,360.0
30003489,100026,200001,4,2024-09-23,2024-09-28,Mobile Wallet,Rep_Omar,0.05,4936.2
30003490,100026,200003,1,2025-05-03,2025-05-10,Credit Card,Rep_Sara,0.05,171.0
30003491,100039,200001,2,2024-11-17,2024-11-21,Mobile Wallet,Rep_Omar,0.1,2338.2
30003492,100079,200006,5,2025-05-21,2025-05-25,Credit Card,Rep_Ahmed,0.05,4745.25
30003493,100072,200005,3,2025-01-17,2025-01-21,Credit Card,Rep_Omar,0.0,147.0
30003494,100086,200010,2,2024-12-19,2024-12-22,Bank Transfer,Rep_Omar,0.0,240.0
30003495,100088,200001,3,2024-11-28,2024-12-01,Cash,Rep_Omar,0.1,3507.3
30003496,100045,200003,1,2025-05-30,2025-06-03,Bank Transfer,Rep_Omar,0.0,180.0
30003497,100085,200002,2,2025-08-13,2025-08-16,Bank Transfer,Rep_Ahmed,0.05,2278.1
30003498,100076,200005,1,2025-03-21,2025-03-28,Mobile Wallet,Rep_Sara,0.1,44.1
30003499,100015,200006,3,2025-03-29,2025-04-05,Cash,Rep_Ahmed,0.0,2997.0
30003500,100066,200002,2,2024-10-07,2024-10-12,Credit Card,Rep_Omar,0.1,2158.2
30003501,100069,200010,4,2025-05-15,2025-05-17,Bank Transfer,Rep_Mariam,0.0,480.0
30003502,100010,200008,1,2025-04-16,2025-04-18,Credit Card,Rep_Ahmed,0.0,320.0
30003503,100027,200010,2,2024-10-25,2024-10-26,Credit Card,Rep_Omar,0.0,240.0
30003504,100025,200010,3,2025-06-24,2025-06-26,Bank Transfer,Rep_Omar,0.1,324.0
30003505,100001,200009,2,2025-05-11,2025-05-14,Cash,Rep_Omar,0.0,320.0
30003506,100090,200004,4,2024-10-05,2024-10-11,Bank Transfer,Rep_Sara,0.1,828.0
30003507,100075,200004,4,2025-01-29,2025-02-02,Bank Transfer,Rep_Mariam,0.1,828.0
30003508,100002,200003,3,2025-06-29,2025-07-02,Mobile Wallet,Rep_Sara,0.1,486.0
30003509,100025,200002,3,2025-07-14,2025-07-21,Cash,Rep_Sara,0.0,3597.0
30003510,100027,200007,2,2025-06-01,2025-06-02,Credit Card,Rep_Sara,0.0,130.0
30003511,100071,200008,3,2024-10-28,2024-11-02,Bank Transfer,Rep_Mariam,0.0,960.0
30003512,100046,200002,5,2024-10-03,2024-10-10,Bank Transfer,Rep_Omar,0.05,5695.25
30003513,100015,200004,2,2025-06-28,2025-07-05,Bank Transfer,Rep_Omar,0.05,437.0
30003514,100080,200010,4,2024-10-25,2024-10-28,Cash,Rep_Omar,0.05,456.0
30003515,100042,200006,3,2025-03-28,2025-03-31,Credit Card,Rep_Mariam,0.05,2847.15
30003516,100029,200003,3,2024-09-20,2024-09-22,Bank Transfer,Rep_Mariam,0.1,486.0
30003517,100062,200009,3,2025-04-30,2025-05-04,Cash,Rep_Ahmed,0.05,456.0
30003518,100084,200001,5,2025-06-14,2025-06-16,Mobile Wallet,Rep_Sara,0.1,5845.5
30003519,100031,200004,1,2025-02-28,2025-03-04,Cash,Rep_Mariam,0.05,218.5
30003520,100036,200004,5,2025-08-29,2025-08-30,Bank Transfer,Rep_Mariam,0.05,1092.5
30003521,100023,200005,4,2025-07-16,2025-07-17,Credit Card,Rep_Sara,0.1,176.4
30003522,100073,200002,2,2024-10-24,2024-10-29,Bank Transfer,Rep_Ahmed,0.1,2158.2
30003523,100093,200003,2,2025-03-05,2025-03-12,Mobile Wallet,Rep_Ahmed,0.0,360.0
30003524,100042,200009,4,2025-07-17,2025-07-22,Mobile Wallet,Rep_Omar,0.05,608.0
30003525,100032,200006,4,2025-05-12,2025-05-15,Bank Transfer,Rep_Sara,0.1,3596.4
30003526,100086,200006,3,2025-08-31,2025-09-06,Cash,Rep_Sara,0.05,2847.15
30003527,100080,200006,2,2024-12-26,2024-12-28,Mobile Wallet,Rep_Sara,0.0,1998.0
30003528,100068,200006,1,2025-02-27,2025-03-04,Bank Transfer,Rep_Mariam,0.0,999.0
30003529,100032,200007,5,2025-09-08,2025-09-11,Bank Transfer,Rep_Sara,0.1,292.5
30003530,100022,200008,3,2025-04-21,2025-04-23,Cash,Rep_Sara,0.05,912.0
30003531,100059,200007,2,2025-01-12,2025-01-15,Credit Card,Rep_Omar,0.05,123.5
30003532,100097,200002,1,2025-08-05,2025-08-07,Cash,Rep_Mariam,0.1,1079.1
30003533,100067,200010,3,2024-11-13,2024-11-15,Credit Card,Rep_Ahmed,0.1,324.0
30003534,100027,200006,4,2024-10-26,2024-10-29,Cash,Rep_Sara,0.1,3596.4
30003535,100032,200008,4,2025-04-29,2025-05-02,Cash,Rep_Omar,0.1,1152.0
30003536,100031,200004,5,2024-12-28,2025-01-01,Cash,Rep_Omar,0.05,1092.5
30003537,100054,200010,4,2025-02-17,2025-02-24,Mobile Wallet,Rep_Mariam,0.0,480.0
30003538,100089,200010,2,2025-06-19,2025-06-26,Bank Transfer,Rep_Sara,0.0,240.0
30003539,100100,200006,2,2024-09-26,2024-09-30,Bank Transfer,Rep_Sara,0.0,1998.0
30003540,100078,200002,2,2024-11-21,2024-11-23,Cash,Rep_Sara,0.05,2278.1
30003541,100095,200006,1,2025-04-27,2025-05-03,Mobile Wallet,Rep_Mariam,0.05,949.05
30003542,100021,200001,3,2024-09-16,2024-09-19,Cash,Rep_Omar,0.1,3507.3
30003543,100046,200005,1,2025-01-19,2025-01-26,Mobile Wallet,Rep_Omar,0.05,46.55
30003544,100074,200003,2,2025-07-02,2025-07-05,Cash,Rep_Sara,0.05,342.0
30003545,100047,200004,5,2025-01-26,2025-01-27,Bank Transfer,Rep_Omar,0.05,1092.5
30003546,100028,200009,4,2024-10-26,2024-10-27,Credit Card,Rep_Mariam,0.0,640.0
30003547,100068,200002,5,2025-09-13,2025-09-14,Mobile Wallet,Rep_Mariam,0.0,5995.0
30003548,100067,200005,1,2025-09-12,2025-09-16,Credit Card,Rep_Ahmed,0.0,49.0
30003549,100100,200007,2,2024-12-02,2024-12-05,Cash,Rep_Mariam,0.1,117.0
30003550,100061,200001,2,2025-07-19,2025-07-24,Bank Transfer,Rep_Sara,0.05,2468.1
30003551,100064,200002,5,2025-09-08,2025-09-12,Mobile Wallet,Rep_Mariam,0.0,5995.0
30003552,100076,200010,3,2025-08-05,2025-08-08,Bank Transfer,Rep_Omar,0.1,324.0
30003553,100033,200009,3,2025-04-26,2025-04-29,Cash,Rep_Ahmed,0.0,480.0
30003554,100095,200004,3,2024-10-18,2024-10-24,Bank Transfer,Rep_Omar,0.0,690.0
30003555,100030,200008,3,2025-01-21,2025-01-26,Credit Card,Rep_Sara,0.0,960.0
30003556,100068,200004,5,2025-07-31,2025-08-04,Cash,Rep_Ahmed,0.05,1092.5
30003557,100049,200010,1,2025-01-23,2025-01-24,Bank Transfer,Rep_Omar,0.1,108.0
30003558,100083,200001,2,2025-03-26,2025-03-28,Credit Card,Rep_Mariam,0.0,2598.0
30003559,100061,200006,3,2025-04-22,2025-04-29,Cash,Rep_Ahmed,0.0,2997.0
30003560,100092,200005,3,2025-07-30,2025-08-02,Mobile Wallet,Rep_Ahmed,0.0,147.0
30003561,100029,200005,2,2024-12-15,2024-12-17,Bank Transfer,Rep_Omar,0.1,88.2
30003562,100097,200003,3,2025-02-07,2025-02-13,Credit Card,Rep_Mariam,0.1,486.0
30003563,100030,200005,1,2024-11-24,2024-11-26,Credit Card,Rep_Sara,0.1,44.1
30003564,100045,200005,1,2024-12-22,2024-12-26,Mobile Wallet,Rep_Mariam,0.0,49.0
30003565,100068,200001,1,2025-07-20,2025-07-22,Credit Card,Rep_Sara,0.05,1234.05
30003566,100054,200003,5,2025-07-31,2025-08-04,Credit Card,Rep_Sara,0.0,900.0
30003567,100025,200010,3,2025-03-23,2025-03-29,Bank Transfer,Rep_Ahmed,0.1,324.0
30003568,100069,200008,2,2025-07-01,2025-07-07,Mobile Wallet,Rep_Ahmed,0.0,640.0
30003569,100093,200001,3,2025-02-25,2025-03-03,Credit Card,Rep_Mariam,0.0,3897.0
30003570,100060,200002,3,2024-10-26,2024-10-30,Credit Card,Rep_Mariam,0.0,3597.0
30003571,100070,200002,1,2025-05-29,2025-06-03,Credit Card,Rep_Mariam,0.0,1199.0
30003572,100051,200008,4,2024-10-24,2024-10-25,Credit Card,Rep_Omar,0.0,1280.0
30003573,100054,200006,4,2024-11-15,2024-11-17,Credit Card,Rep_Omar,0.1,3596.4
30003574,100088,200008,3,2025-04-19,2025-04-22,Bank Transfer,Rep_Ahmed,0.0,960.0
30003575,100096,200004,2,2025-06-14,2025-06-21,Credit Card,Rep_Ahmed,0.1,414.0
30003576,100088,200010,2,2024-10-01,2024-10-07,Bank Transfer,Rep_Sara,0.0,240.0
30003577,100043,200005,3,2025-06-14,2025-06-21,Mobile Wallet,Rep_Omar,0.05,139.65
30003578,100005,200004,1,2025-01-22,2025-01-29,Cash,Rep_Mariam,0.0,230.0
30003579,100005,200010,4,2024-12-18,2024-12-19,Bank Transfer,Rep_Mariam,0.1,432.0
30003580,100068,200009,4,2024-12-08,2024-12-11,Bank Transfer,Rep_Ahmed,0.1,576.0
30003581,100093,200004,3,2025-04-12,2025-04-19,Mobile Wallet,Rep_Omar,0.1,621.0
30003582,100013,200010,4,2025-03-02,2025-03-05,Mobile Wallet,Rep_Ahmed,0.1,432.0
30003583,100021,200001,3,2024-11-19,2024-11-21,Mobile Wallet,Rep_Ahmed,0.05,3702.15
30003584,100026,200004,3,2025-08-22,2025-08-27,Mobile Wallet,Rep_Omar,0.0,690.0
30003585,100098,200004,1,2025-03-06,2025-03-11,Mobile Wallet,Rep_Ahmed,0.05,218.5
30003586,100049,200008,4,2024-11-14,2024-11-20,Credit Card,Rep_Mariam,0.1,1152.0
30003587,100046,200004,1,2025-06-08,2025-06-09,Mobile Wallet,Rep_Sara,0.1,207.0
30003588,100093,200007,3,2025-02-04,2025-02-07,Bank Transfer,Rep_Sara,0.1,175.5
30003589,100073,200008,5,2025-01-04,2025-01-06,Credit Card,Rep_Ahmed,0.1,1440.0
30003590,100054,200003,1,2025-05-30,2025-06-03,Mobile Wallet,Rep_Sara,0.05,171.0
30003591,100002,200008,1,2025-07-02,2025-07-08,Bank Transfer,Rep_Mariam,0.1,288.0
30003592,100099,200002,2,2025-04-12,2025-04-16,Bank Transfer,Rep_Omar,0.1,2158.2
30003593,100005,200001,5,2025-03-08,2025-03-09,Mobile Wallet,Rep_Mariam,0.1,5845.5
30003594,100051,200008,2,2025-02-14,2025-02-21,Credit Card,Rep_Mariam,0.05,608.0
30003595,100054,200005,3,2024-12-02,2024-12-08,Mobile Wallet,Rep_Sara,0.1,132.3
30003596,100005,200007,5,2024-12-09,2024-12-16,Bank Transfer,Rep_Sara,0.0,325.0
30003597,100054,200003,3,2025-06-28,2025-07-03,Credit Card,Rep_Sara,0.05,513.0
30003598,100010,200005,3,2024-10-01,2024-10-08,Credit Card,Rep_Omar,0.1,132.3
30003599,100037,200010,5,2025-04-12,2025-04-17,Mobile Wallet,Rep_Sara,0.0,600.0
30003600,100087,200009,4,2025-02-01,2025-02-06,Mobile Wallet,Rep_Mariam,0.05,608.0
30003601,100012,200001,4,2025-02-20,2025-02-24,Credit Card,Rep_Omar,0.0,5196.0
30003602,100051,200004,3,2024-11-05,2024-11-08,Credit Card,Rep_Omar,0.1,621.0
30003603,100006,200007,3,2025-01-22,2025-01-26,Credit Card,Rep_Omar,0.1,175.5
30003604,100006,200008,1,2024-12-21,2024-12-24,Bank Transfer,Rep_Omar,0.0,320.0
30003605,100008,200009,5,2025-08-14,2025-08-19,Bank Transfer,Rep_Omar,0.1,720.0
30003606,100091,200005,5,2025-02-23,2025-02-24,Mobile Wallet,Rep_Omar,0.1,220.5
30003607,100053,200007,2,2025-04-27,2025-05-04,Cash,Rep_Sara,0.0,130.0
30003608,100084,200003,5,2025-05-24,2025-05-30,Mobile Wallet,Rep_Mariam,0.1,810.0
30003609,100090,200003,4,2024-11-25,2024-11-28,Mobile Wallet,Rep_Ahmed,0.05,684.0
30003610,100091,200008,2,2024-12-05,2024-12-12,Credit Card,Rep_Mariam,0.05,608.0
30003611,100070,200001,5,2024-10-03,2024-10-05,Mobile Wallet,Rep_Omar,0.1,5845.5
30003612,100001,200003,4,2025-04-22,2025-04-28,Credit Card,Rep_Sara,0.0,720.0
30003613,100048,200005,3,2025-02-23,2025-03-01,Credit Card,Rep_Ahmed,0.05,139.65
30003614,100076,200005,4,2025-02-16,2025-02-23,Mobile Wallet,Rep_Ahmed,0.05,186.2
30003615,100003,200007,3,2024-11-10,2024-11-14,Cash,Rep_Ahmed,0.0,195.0
30003616,100041,200008,5,2025-04-11,2025-04-16,Credit Card,Rep_Omar,0.1,1440.0
30003617,100023,200007,1,2024-12-19,2024-12-20,Cash,Rep_Mariam,0.05,61.75
30003618,100043,200002,1,2025-03-27,2025-04-03,Bank Transfer,Rep_Mariam,0.0,1199.0
30003619,100058,200004,5,2025-03-09,2025-03-15,Credit Card,Rep_Mariam,0.05,1092.5
30003620,100016,200006,1,2025-01-04,2025-01-05,Bank Transfer,Rep_Mariam,0.1,899.1
30003621,100004,200004,5,2024-10-06,2024-10-11,Cash,Rep_Mariam,0.1,1035.0
30003622,100010,200010,3,2025-05-11,2025-05-13,Cash,Rep_Sara,0.1,324.0
30003623,100098,200006,1,2024-11-16,2024-11-18,Mobile Wallet,Rep_Sara,0.05,949.05
30003624,100066,200005,2,2025-04-14,2025-04-15,Bank Transfer,Rep_Sara,0.0,98.0
30003625,100056,200009,3,2025-08-22,2025-08-25,Bank Transfer,Rep_Omar,0.0,480.0
30003626,100082,200010,2,2025-08-28,2025-09-04,Credit Card,Rep_Sara,0.1,216.0
30003627,100014,200001,3,2025-05-26,2025-05-29,Credit Card,Rep_Sara,0.05,3702.15
30003628,100022,200008,4,2025-03-30,2025-04-06,Credit Card,Rep_Sara,0.1,1152.0
30003629,100076,200006,3,2025-01-26,2025-02-01,Credit Card,Rep_Mariam,0.1,2697.3
30003630,100005,200006,5,2025-05-03,2025-05-06,Credit Card,Rep_Ahmed,0.05,4745.25
30003631,100002,200003,2,2024-12-16,2024-12-17,Mobile Wallet,Rep_Omar,0.1,324.0
30003632,100013,200002,4,2025-03-14,2025-03-17,Bank Transfer,Rep_Sara,0.0,4796.0
30003633,100017,200008,2,2025-05-13,2025-05-20,Mobile Wallet,Rep_Omar,0.05,608.0
30003634,100013,200001,5,2025-07-09,2025-07-16,Bank Transfer,Rep_Ahmed,0.05,6170.25
30003635,100062,200010,4,2025-01-14,2025-01-15,Bank Transfer,Rep_Mariam,0.0,480.0
30003636,100038,200009,4,2025-06-21,2025-06-26,Mobile Wallet,Rep_Omar,0.05,608.0
30003637,100074,200010,4,2024-12-01,2024-12-02,Bank Transfer,Rep_Mariam,0.05,456.0
30003638,100028,200004,1,2024-09-18,2024-09-20,Cash,Rep_Mariam,0.0,230.0
30003639,100059,200004,1,2025-04-11,2025-04-13,Mobile Wallet,Rep_Mariam,0.0,230.0
30003640,100003,200009,5,2025-05-16,2025-05-17,Credit Card,Rep_Omar,0.1,720.0
30003641,100081,200002,5,2024-09-22,2024-09-27,Bank Transfer,Rep_Ahmed,0.0,5995.0
30003642,100021,200003,4,2024-10-11,2024-10-15,Cash,Rep_Omar,0.0,720.0
30003643,100086,200007,5,2025-09-11,2025-09-15,Cash,Rep_Omar,0.05,308.75
30003644,100047,200009,4,2025-07-06,2025-07-09,Credit Card,Rep_Omar,0.05,608.0
30003645,100045,200008,1,2025-01-26,2025-01-29,Bank Transfer,Rep_Omar,0.0,320.0
30003646,100013,200009,4,2024-09-23,2024-09-27,Cash,Rep_Mariam,0.0,640.0
30003647,100100,200009,3,2025-08-19,2025-08-25,Credit Card,Rep_Sara,0.0,480.0
30003648,100057,200003,4,2025-08-08,2025-08-09,Credit Card,Rep_Omar,0.05,684.0
30003649,100075,200008,4,2025-01-12,2025-01-15,Credit Card,Rep_Ahmed,0.05,1216.0
30003650,100045,200005,1,2025-05-18,2025-05-23,Cash,Rep_Omar,0.05,46.55
30003651,100004,200003,5,2025-09-11,2025-09-13,Mobile Wallet,Rep_Sara,0.1,810.0
30003652,100070,200005,2,2025-05-22,2025-05-23,Bank Transfer,Rep_Ahmed,0.1,88.2
30003653,100074,200006,2,2025-05-05,2025-05-06,Cash,Rep_Mariam,0.1,1798.2
30003654,100096,200006,2,2025-05-16,2025-05-21,Credit Card,Rep_Omar,0.05,1898.1
30003655,100064,200010,2,2025-01-10,2025-01-16,Bank Transfer,Rep_Sara,0.0,240.0
30003656,100012,200003,5,2025-02-27,2025-02-28,Credit Card,Rep_Sara,0.0,900.0
30003657,100096,200009,5,2024-10-21,2024-10-22,Mobile Wallet,Rep_Omar,0.05,760.0
30003658,100006,200003,2,2025-07-26,2025-08-01,Credit Card,Rep_Sara,0.0,360.0
30003659,100047,200004,2,2025-07-17,2025-07-18,Bank Transfer,Rep_Mariam,0.05,437.0
30003660,100082,200006,4,2025-07-28,2025-08-04,Mobile Wallet,Rep_Ahmed,0.05,3796.2
30003661,100099,200004,1,2025-07-29,2025-07-30,Cash,Rep_Omar,0.1,207.0
30003662,100017,200010,4,2025-03-13,2025-03-17,Bank Transfer,Rep_Mariam,0.05,456.0
30003663,100023,200004,1,2024-09-20,2024-09-25,Cash,Rep_Sara,0.05,218.5
30003664,100009,200002,1,2025-02-10,2025-02-11,Credit Card,Rep_Ahmed,0.05,1139.05
30003665,100072,200003,3,2024-12-04,2024-12-09,Bank Transfer,Rep_Mariam,0.0,540.0
30003666,100006,200010,4,2024-10-08,2024-10-09,Mobile Wallet,Rep_Omar,0.05,456.0
30003667,100016,200010,3,2024-09-19,2024-09-23,Bank Transfer,Rep_Ahmed,0.05,342.0
30003668,100093,200004,2,2024-11-29,2024-12-02,Mobile Wallet,Rep_Mariam,0.1,414.0
30003669,100067,200006,3,2024-10-13,2024-10-20,Cash,Rep_Mariam,0.0,2997.0
30003670,100082,200005,2,2025-07-11,2025-07-18,Mobile Wallet,Rep_Mariam,0.1,88.2
30003671,100056,200004,2,2025-04-01,2025-04-03,Bank Transfer,Rep_Omar,0.05,437.0
30003672,100004,200009,1,2024-09-29,2024-09-30,Bank Transfer,Rep_Sara,0.05,152.0
30003673,100031,200004,3,2025-09-12,2025-09-16,Cash,Rep_Mariam,0.1,621.0
30003674,100080,200008,3,2024-10-30,2024-10-31,Credit Card,Rep_Sara,0.1,864.0
30003675,100039,200003,4,2025-08-10,2025-08-17,Bank Transfer,Rep_Ahmed,0.1,648.0
30003676,100063,200002,1,2024-11-24,2024-11-30,Mobile Wallet,Rep_Sara,0.05,1139.05
30003677,100073,200005,4,2025-01-17,2025-01-18,Cash,Rep_Sara,0.1,176.4
30003678,100044,200004,1,2025-05-20,2025-05-27,Credit Card,Rep_Ahmed,0.1,207.0
30003679,100015,200002,3,2025-07-08,2025-07-15,Mobile Wallet,Rep_Omar,0.0,3597.0
30003680,100005,200004,4,2025-01-21,2025-01-22,Bank Transfer,Rep_Omar,0.1,828.0
30003681,100010,200003,5,2025-04-26,2025-04-29,Cash,Rep_Mariam,0.0,900.0
30003682,100066,200007,1,2024-11-15,2024-11-21,Cash,Rep_Omar,0.1,58.5
30003683,100098,200004,5,2025-01-11,2025-01-12,Bank Transfer,Rep_Ahmed,0.05,1092.5
30003684,100081,200003,2,2025-06-30,2025-07-06,Mobile Wallet,Rep_Omar,0.05,342.0
30003685,100091,200007,5,2025-01-20,2025-01-24,Credit Card,Rep_Mariam,0.05,308.75
30003686,100069,200008,3,2025-02-18,2025-02-20,Bank Transfer,Rep_Sara,0.05,912.0
30003687,100076,200006,1,2025-05-09,2025-05-15,Credit Card,Rep_Mariam,0.0,999.0
30003688,100005,200010,1,2025-08-04,2025-08-05,Bank Transfer,Rep_Mariam,0.0,120.0
30003689,100045,200009,1,2025-06-14,2025-06-16,Mobile Wallet,Rep_Ahmed,0.1,144.0
30003690,100029,200005,2,2025-02-14,2025-02-15,Cash,Rep_Mariam,0.0,98.0
30003691,100052,200004,2,2025-02-23,2025-02-28,Credit Card,Rep_Mariam,0.0,460.0
30003692,100018,200004,2,2025-01-16,2025-01-23,Bank Transfer,Rep_Sara,0.1,414.0
30003693,100089,200005,5,2024-11-26,2024-12-03,Mobile Wallet,Rep_Sara,0.0,245.0
30003694,100082,200006,3,2024-12-01,2024-12-03,Bank Transfer,Rep_Sara,0.1,2697.3
30003695,100010,200003,2,2025-03-26,2025-04-01,Credit Card,Rep_Ahmed,0.05,342.0
30003696,100040,200002,5,2025-02-25,2025-03-04,Cash,Rep_Mariam,0.0,5995.0
30003697,100074,200007,4,2025-07-27,2025-07-29,Mobile Wallet,Rep_Sara,0.1,234.0
30003698,100049,200008,1,2025-05-21,2025-05-28,Cash,Rep_Mariam,0.0,320.0
30003699,100019,200008,4,2024-10-03,2024-10-09,Bank Transfer,Rep_Ahmed,0.1,1152.0
30003700,100008,200003,5,2025-08-08,2025-08-13,Mobile Wallet,Rep_Omar,0.0,900.0
30003701,100017,200010,5,2025-08-29,2025-09-02,Bank Transfer,Rep_Sara,0.05,570.0
30003702,100024,200003,1,2025-07-15,2025-07-22,Mobile Wallet,Rep_Omar,0.05,171.0
30003703,100015,200002,1,2025-04-27,2025-05-04,Credit Card,Rep_Omar,0.05,1139.05
30003704,100060,200001,2,2025-01-24,2025-01-29,Cash,Rep_Ahmed,0.05,2468.1
30003705,100076,200007,4,2024-11-17,2024-11-19,Bank Transfer,Rep_Mariam,0.0,260.0
30003706,100100,200010,2,2025-05-21,2025-05-27,Credit Card,Rep_Sara,0.05,228.0
30003707,100052,200007,4,2024-11-15,2024-11-19,Mobile Wallet,Rep_Sara,0.0,260.0
30003708,100013,200003,3,2025-01-06,2025-01-09,Mobile Wallet,Rep_Omar,0.1,486.0
30003709,100070,200004,2,2024-12-17,2024-12-19,Mobile Wallet,Rep_Omar,0.1,414.0
30003710,100002,200002,3,2025-04-29,2025-05-05,Mobile Wallet,Rep_Sara,0.0,3597.0
30003711,100032,200010,4,2025-04-28,2025-05-01,Bank Transfer,Rep_Sara,0.0,480.0
30003712,100097,200004,3,2025-01-11,2025-01-18,Mobile Wallet,Rep_Ahmed,0.05,655.5
30003713,100079,200002,3,2025-04-09,2025-04-13,Bank Transfer,Rep_Sara,0.05,3417.15
30003714,100069,200010,5,2025-01-16,2025-01-21,Credit Card,Rep_Omar,0.05,570.0
30003715,100073,200006,1,2025-08-22,2025-08-25,Bank Transfer,Rep_Sara,0.05,949.05
30003716,100048,200009,2,2025-03-28,2025-03-31,Cash,Rep_Omar,0.1,288.0
30003717,100079,200006,5,2025-07-04,2025-07-11,Bank Transfer,Rep_Omar,0.1,4495.5
30003718,100087,200001,1,2025-03-29,2025-04-04,Credit Card,Rep_Ahmed,0.0,1299.0
30003719,100012,200003,3,2024-10-16,2024-10-21,Cash,Rep_Ahmed,0.1,486.0
30003720,100029,200004,1,2024-11-20,2024-11-22,Mobile Wallet,Rep_Sara,0.05,218.5
30003721,100064,200009,1,2024-10-05,2024-10-12,Bank Transfer,Rep_Omar,0.05,152.0
30003722,100005,200003,3,2025-06-03,2025-06-05,Mobile Wallet,Rep_Ahmed,0.0,540.0
30003723,100025,200007,5,2025-02-23,2025-02-28,Mobile Wallet,Rep_Ahmed,0.1,292.5
30003724,100080,200005,5,2025-07-07,2025-07-09,Mobile Wallet,Rep_Mariam,0.1,220.5
30003725,100088,200004,2,2025-09-12,2025-09-18,Mobile Wallet,Rep_Mariam,0.0,460.0
30003726,100090,200006,1,2024-12-31,2025-01-06,Bank Transfer,Rep_Sara,0.0,999.0
30003727,100041,200002,1,2025-08-03,2025-08-04,Bank Transfer,Rep_Sara,0.05,1139.05
30003728,100020,200001,2,2024-10-15,2024-10-21,Credit Card,Rep_Mariam,0.1,2338.2
30003729,100029,200009,2,2024-11-06,2024-11-11,Mobile Wallet,Rep_Ahmed,0.1,288.0
30003730,100045,200007,2,2025-01-25,2025-01-29,Bank Transfer,Rep_Sara,0.0,130.0
30003731,100009,200004,2,2024-12-31,2025-01-05,Mobile Wallet,Rep_Mariam,0.05,437.0
30003732,100026,200005,2,2024-11-27,2024-12-04,Mobile Wallet,Rep_Mariam,0.0,98.0
30003733,100048,200010,3,2024-09-19,2024-09-24,Cash,Rep_Omar,0.05,342.0
30003734,100099,200009,4,2024-11-26,2024-11-27,Mobile Wallet,Rep_Mariam,0.1,576.0
30003735,100081,200010,4,2024-10-29,2024-10-30,Mobile Wallet,Rep_Sara,0.1,432.0
30003736,100010,200001,5,2024-12-10,2024-12-12,Credit Card,Rep_Sara,0.0,6495.0
30003737,100091,200006,3,2024-10-07,2024-10-09,Cash,Rep_Ahmed,0.05,2847.15
30003738,100031,200001,2,2025-03-13,2025-03-20,Cash,Rep_Mariam,0.05,2468.1
30003739,100081,200002,4,2025-06-09,2025-06-10,Mobile Wallet,Rep_Sara,0.05,4556.2
30003740,100002,200010,4,2024-09-26,2024-09-29,Bank Transfer,Rep_Sara,0.05,456.0
30003741,100087,200003,3,2024-11-05,2024-11-09,Mobile Wallet,Rep_Mariam,0.05,513.0
30003742,100066,200006,5,2025-02-22,2025-02-25,Credit Card,Rep_Ahmed,0.05,4745.25
30003743,100069,200010,2,2025-03-01,2025-03-02,Cash,Rep_Sara,0.05,228.0
30003744,100083,200009,5,2025-06-09,2025-06-12,Cash,Rep_Sara,0.1,720.0
30003745,100087,200006,4,2024-12-22,2024-12-23,Credit Card,Rep_Mariam,0.1,3596.4
30003746,100003,200004,1,2025-03-06,2025-03-13,Credit Card,Rep_Omar,0.05,218.5
30003747,100031,200008,3,2025-03-18,2025-03-21,Cash,Rep_Sara,0.1,864.0
30003748,100096,200005,4,2024-09-25,2024-09-27,Mobile Wallet,Rep_Ahmed,0.0,196.0
30003749,100100,200010,3,2024-09-18,2024-09-20,Cash,Rep_Omar,0.05,342.0
30003750,100034,200006,1,2025-08-15,2025-08-19,Credit Card,Rep_Omar,0.1,899.1
30003751,100032,200007,4,2025-03-10,2025-03-16,Credit Card,Rep_Ahmed,0.0,260.0
30003752,100082,200006,1,2025-04-13,2025-04-15,Bank Transfer,Rep_Sara,0.1,899.1
30003753,100002,200004,1,2025-02-08,2025-02-14,Mobile Wallet,Rep_Sara,0.0,230.0
30003754,100075,200006,5,2025-03-08,2025-03-15,Bank Transfer,Rep_Omar,0.1,4495.5
30003755,100065,200007,5,2025-02-01,2025-02-03,Mobile Wallet,Rep_Sara,0.05,308.75
30003756,100054,200008,5,2025-03-27,2025-04-01,Mobile Wallet,Rep_Sara,0.0,1600.0
30003757,100039,200009,1,2024-10-30,2024-11-02,Cash,Rep_Sara,0.1,144.0
30003758,100058,200010,1,2025-03-16,2025-03-20,Bank Transfer,Rep_Mariam,0.1,108.0
30003759,100015,200010,1,2024-12-29,2025-01-04,Cash,Rep_Mariam,0.1,108.0
30003760,100014,200001,4,2025-02-19,2025-02-21,Mobile Wallet,Rep_Omar,0.05,4936.2
30003761,100063,200001,1,2025-02-13,2025-02-16,Cash,Rep_Sara,0.0,1299.0
30003762,100044,200009,4,2024-11-27,2024-12-01,Mobile Wallet,Rep_Mariam,0.05,608.0
30003763,100056,200001,3,2025-05-04,2025-05-05,Bank Transfer,Rep_Sara,0.05,3702.15
30003764,100064,200004,4,2025-01-26,2025-01-31,Mobile Wallet,Rep_Mariam,0.0,920.0
30003765,100041,200004,2,2024-11-02,2024-11-04,Credit Card,Rep_Sara,0.0,460.0
30003766,100054,200005,4,2024-11-22,2024-11-25,Bank Transfer,Rep_Ahmed,0.0,196.0
30003767,100074,200006,5,2025-05-14,2025-05-20,Cash,Rep_Mariam,0.1,4495.5
30003768,100039,200002,3,2025-06-02,2025-06-09,Mobile Wallet,Rep_Mariam,0.1,3237.3
30003769,100077,200003,4,2025-05-13,2025-05-16,Credit Card,Rep_Ahmed,0.0,720.0
30003770,100063,200009,3,2025-08-18,2025-08-24,Cash,Rep_Ahmed,0.05,456.0
30003771,100080,200006,4,2024-10-18,2024-10-19,Bank Transfer,Rep_Omar,0.1,3596.4
30003772,100043,200004,5,2024-09-16,2024-09-17,Bank Transfer,Rep_Mariam,0.1,1035.0
30003773,100001,200008,2,2025-08-30,2025-08-31,Mobile Wallet,Rep_Sara,0.05,608.0
30003774,100056,200002,3,2025-05-22,2025-05-25,Cash,Rep_Ahmed,0.05,3417.15
30003775,100022,200005,1,2024-12-27,2025-01-01,Bank Transfer,Rep_Omar,0.0,49.0
30003776,100080,200009,4,2025-07-29,2025-08-05,Mobile Wallet,Rep_Ahmed,0.05,608.0
30003777,100081,200009,3,2025-05-22,2025-05-23,Mobile Wallet,Rep_Ahmed,0.05,456.0
30003778,100071,200005,1,2025-05-21,2025-05-26,Cash,Rep_Mariam,0.05,46.55
30003779,100029,200008,2,2025-01-14,2025-01-21,Credit Card,Rep_Mariam,0.05,608.0
30003780,100041,200005,3,2025-08-05,2025-08-10,Bank Transfer,Rep_Ahmed,0.05,139.65
30003781,100050,200010,3,2025-06-24,2025-06-30,Bank Transfer,Rep_Mariam,0.05,342.0
30003782,100016,200003,5,2025-08-11,2025-08-12,Cash,Rep_Ahmed,0.0,900.0
30003783,100017,200004,2,2024-12-28,2024-12-29,Bank Transfer,Rep_Omar,0.05,437.0
30003784,100052,200002,2,2025-03-30,2025-04-04,Credit Card,Rep_Ahmed,0.0,2398.0
30003785,100041,200009,5,2025-04-17,2025-04-21,Mobile Wallet,Rep_Ahmed,0.0,800.0
30003786,100031,200008,3,2025-03-21,2025-03-24,Cash,Rep_Ahmed,0.05,912.0
30003787,100061,200008,2,2025-08-14,2025-08-20,Mobile Wallet,Rep_Omar,0.1,576.0
30003788,100072,200006,5,2024-10-17,2024-10-18,Credit Card,Rep_Omar,0.1,4495.5
30003789,100036,200008,1,2025-06-12,2025-06-15,Bank Transfer,Rep_Omar,0.05,304.0
30003790,100002,200002,4,2025-08-31,2025-09-05,Mobile Wallet,Rep_Ahmed,0.05,4556.2
30003791,100057,200007,2,2025-05-18,2025-05-19,Mobile Wallet,Rep_Mariam,0.0,130.0
30003792,100088,200004,1,2024-10-05,2024-10-08,Bank Transfer,Rep_Omar,0.1,207.0
30003793,100075,200006,2,2024-09-22,2024-09-27,Credit Card,Rep_Omar,0.0,1998.0
30003794,100059,200002,4,2025-07-15,2025-07-19,Bank Transfer,Rep_Sara,0.1,4316.4
30003795,100083,200001,4,2025-05-18,2025-05-24,Cash,Rep_Ahmed,0.0,5196.0
30003796,100079,200003,3,2025-02-23,2025-03-02,Bank Transfer,Rep_Omar,0.1,486.0
30003797,100037,200003,4,2025-07-28,2025-08-04,Mobile Wallet,Rep_Mariam,0.05,684.0
30003798,100055,200004,3,2025-02-01,2025-02-07,Mobile Wallet,Rep_Ahmed,0.05,655.5
30003799,100060,200002,2,2025-01-03,2025-01-08,Mobile Wallet,Rep_Mariam,0.05,2278.1
30003800,100038,200007,5,2025-06-23,2025-06-25,Credit Card,Rep_Omar,0.1,292.5
30003801,100021,200005,5,2025-05-31,2025-06-01,Bank Transfer,Rep_Mariam,0.05,232.75
30003802,100092,200003,1,2024-11-12,2024-11-16,Bank Transfer,Rep_Sara,0.1,162.0
30003803,100058,200008,4,2024-11-18,2024-11-25,Mobile Wallet,Rep_Omar,0.1,1152.0
30003804,100013,200008,3,2025-02-14,2025-02-17,Mobile Wallet,Rep_Omar,0.1,864.0
30003805,100052,200007,5,2024-09-20,2024-09-25,Mobile Wallet,Rep_Omar,0.1,292.5
30003806,100022,200007,3,2025-03-24,2025-03-29,Cash,Rep_Ahmed,0.05,185.25
30003807,100098,200001,1,2025-07-30,2025-07-31,Mobile Wallet,Rep_Sara,0.05,1234.05
30003808,100047,200001,2,2025-09-08,2025-09-15,Cash,Rep_Ahmed,0.05,2468.1
30003809,100033,200001,1,2024-11-14,2024-11-21,Bank Transfer,Rep_Omar,0.05,1234.05
30003810,100047,200006,3,2025-08-12,2025-08-17,Credit Card,Rep_Mariam,0.0,2997.0
30003811,100053,200002,4,2024-10-23,2024-10-29,Credit Card,Rep_Omar,0.1,4316.4
30003812,100002,200009,4,2024-12-31,2025-01-03,Mobile Wallet,Rep_Sara,0.05,608.0
30003813,100052,200004,5,2025-07-02,2025-07-07,Cash,Rep_Omar,0.05,1092.5
30003814,100066,200003,1,2024-09-29,2024-09-30,Bank Transfer,Rep_Mariam,0.0,180.0
30003815,100073,200003,3,2024-09-25,2024-10-02,Credit Card,Rep_Mariam,0.05,513.0
30003816,100012,200010,4,2025-03-03,2025-03-06,Mobile Wallet,Rep_Ahmed,0.0,480.0
30003817,100043,200008,4,2025-02-13,2025-02-17,Credit Card,Rep_Mariam,0.0,1280.0
30003818,100034,200003,4,2025-01-12,2025-01-15,Cash,Rep_Omar,0.1,648.0
30003819,100042,200007,3,2025-06-06,2025-06-10,Cash,Rep_Ahmed,0.05,185.25
30003820,100089,200008,5,2025-02-27,2025-02-28,Cash,Rep_Mariam,0.0,1600.0
30003821,100009,200007,2,2025-01-08,2025-01-15,Bank Transfer,Rep_Omar,0.1,117.0
30003822,100005,200005,4,2025-01-21,2025-01-24,Cash,Rep_Omar,0.05,186.2
30003823,100089,200005,3,2025-07-30,2025-07-31,Bank Transfer,Rep_Ahmed,0.1,132.3
30003824,100096,200009,4,2025-01-16,2025-01-19,Cash,Rep_Ahmed,0.0,640.0
30003825,100058,200008,2,2025-01-06,2025-01-10,Cash,Rep_Ahmed,0.0,640.0
30003826,100087,200008,1,2025-07-19,2025-07-23,Mobile Wallet,Rep_Mariam,0.05,304.0
30003827,100006,200005,5,2025-07-26,2025-08-02,Bank Transfer,Rep_Sara,0.05,232.75
30003828,100075,200010,3,2024-12-04,2024-12-09,Credit Card,Rep_Mariam,0.1,324.0
30003829,100056,200001,4,2025-03-18,2025-03-22,Bank Transfer,Rep_Mariam,0.05,4936.2
30003830,100093,200008,5,2025-05-26,2025-06-02,Bank Transfer,Rep_Ahmed,0.0,1600.0
30003831,100077,200002,2,2025-01-15,2025-01-21,Credit Card,Rep_Sara,0.05,2278.1
30003832,100012,200006,3,2025-04-27,2025-04-30,Credit Card,Rep_Ahmed,0.1,2697.3
30003833,100094,200007,3,2025-05-02,2025-05-07,Cash,Rep_Ahmed,0.1,175.5
30003834,100009,200002,4,2024-12-04,2024-12-07,Cash,Rep_Ahmed,0.1,4316.4
30003835,100020,200001,4,2024-09-19,2024-09-26,Bank Transfer,Rep_Sara,0.05,4936.2
30003836,100024,200006,3,2025-04-17,2025-04-24,Cash,Rep_Sara,0.0,2997.0
30003837,100057,200010,5,2024-11-10,2024-11-17,Mobile Wallet,Rep_Ahmed,0.1,540.0
30003838,100044,200002,4,2025-03-22,2025-03-23,Bank Transfer,Rep_Omar,0.05,4556.2
30003839,100046,200008,3,2024-11-23,2024-11-24,Credit Card,Rep_Mariam,0.0,960.0
30003840,100071,200001,3,2024-12-11,2024-12-15,Credit Card,Rep_Sara,0.0,3897.0
30003841,100099,200005,5,2024-10-30,2024-11-03,Mobile Wallet,Rep_Sara,0.1,220.5
30003842,100066,200006,5,2025-02-09,2025-02-11,Cash,Rep_Mariam,0.05,4745.25
30003843,100067,200008,2,2025-07-26,2025-07-28,Mobile Wallet,Rep_Mariam,0.05,608.0
30003844,100039,200010,3,2024-11-06,2024-11-13,Cash,Rep_Ahmed,0.0,360.0
30003845,100035,200007,1,2024-12-13,2024-12-16,Credit Card,Rep_Omar,0.05,61.75
30003846,100100,200007,3,2025-02-02,2025-02-09,Mobile Wallet,Rep_Sara,0.1,175.5
30003847,100099,200005,2,2024-10-08,2024-10-15,Credit Card,Rep_Ahmed,0.0,98.0
30003848,100029,200009,2,2025-08-13,2025-08-17,Mobile Wallet,Rep_Omar,0.0,320.0
30003849,100067,200009,4,2025-01-07,2025-01-13,Bank Transfer,Rep_Sara,0.1,576.0
30003850,100097,200008,2,2025-07-20,2025-07-24,Cash,Rep_Omar,0.0,640.0
30003851,100075,200010,3,2025-01-21,2025-01-28,Cash,Rep_Mariam,0.1,324.0
30003852,100020,200001,5,2025-01-27,2025-01-29,Credit Card,Rep_Mariam,0.1,5845.5
30003853,100056,200004,3,2025-04-25,2025-05-02,Bank Transfer,Rep_Sara,0.0,690.0
30003854,100016,200010,5,2024-12-31,2025-01-05,Credit Card,Rep_Omar,0.0,600.0
30003855,100084,200005,2,2025-04-24,2025-04-28,Credit Card,Rep_Mariam,0.05,93.1
30003856,100006,200004,4,2025-05-13,2025-05-18,Cash,Rep_Ahmed,0.05,874.0
30003857,100034,200006,1,2025-03-26,2025-04-01,Cash,Rep_Omar,0.05,949.05
30003858,100066,200005,4,2025-05-19,2025-05-24,Cash,Rep_Omar,0.05,186.2
30003859,100009,200003,1,2025-07-16,2025-07-20,Cash,Rep_Ahmed,0.1,162.0
30003860,100010,200002,1,2024-10-17,2024-10-19,Bank Transfer,Rep_Omar,0.0,1199.0
30003861,100011,200003,1,2025-03-23,2025-03-30,Cash,Rep_Ahmed,0.0,180.0
30003862,100071,200004,1,2025-03-01,2025-03-02,Mobile Wallet,Rep_Mariam,0.05,218.5
30003863,100079,200010,2,2024-10-19,2024-10-22,Bank Transfer,Rep_Mariam,0.0,240.0
30003864,100050,200003,5,2024-10-12,2024-10-13,Bank Transfer,Rep_Omar,0.05,855.0
30003865,100058,200003,2,2025-08-03,2025-08-10,Bank Transfer,Rep_Mariam,0.0,360.0
30003866,100077,200005,2,2025-08-13,2025-08-18,Credit Card,Rep_Omar,0.1,88.2
30003867,100068,200002,1,2025-03-13,2025-03-16,Cash,Rep_Mariam,0.05,1139.05
30003868,100064,200007,3,2025-01-17,2025-01-23,Bank Transfer,Rep_Sara,0.0,195.0
30003869,100078,200010,2,2025-03-10,2025-03-12,Bank Transfer,Rep_Omar,0.0,240.0
30003870,100038,200003,2,2025-06-02,2025-06-06,Cash,Rep_Ahmed,0.0,360.0
30003871,100005,200007,5,2025-06-27,2025-06-30,Credit Card,Rep_Omar,0.1,292.5
30003872,100058,200010,5,2024-11-10,2024-11-16,Bank Transfer,Rep_Mariam,0.0,600.0
30003873,100016,200008,2,2025-03-15,2025-03-16,Bank Transfer,Rep_Mariam,0.0,640.0
30003874,100100,200006,3,2025-02-15,2025-02-18,Mobile Wallet,Rep_Ahmed,0.05,2847.15
30003875,100088,200006,2,2025-02-04,2025-02-11,Bank Transfer,Rep_Ahmed,0.05,1898.1
30003876,100007,200008,1,2024-12-28,2025-01-02,Cash,Rep_Ahmed,0.0,320.0
30003877,100071,200004,4,2025-03-26,2025-03-30,Mobile Wallet,Rep_Sara,0.0,920.0
30003878,100063,200009,4,2024-12-07,2024-12-09,Bank Transfer,Rep_Ahmed,0.05,608.0
30003879,100006,200001,2,2025-09-10,2025-09-11,Credit Card,Rep_Sara,0.05,2468.1
30003880,100042,200009,5,2025-04-28,2025-05-04,Bank Transfer,Rep_Ahmed,0.0,800.0
30003881,100045,200003,4,2025-03-10,2025-03-14,Mobile Wallet,Rep_Sara,0.1,648.0
30003882,100042,200002,1,2024-10-14,2024-10-21,Cash,Rep_Ahmed,0.05,1139.05
30003883,100096,200001,5,2025-07-31,2025-08-05,Bank Transfer,Rep_Mariam,0.05,6170.25
30003884,100007,200009,2,2025-05-11,2025-05-17,Mobile Wallet,Rep_Ahmed,0.05,304.0
30003885,100085,200002,5,2025-07-08,2025-07-10,Credit Card,Rep_Ahmed,0.05,5695.25
30003886,100055,200002,3,2025-07-21,2025-07-25,Credit Card,Rep_Sara,0.05,3417.15
30003887,100032,200002,1,2025-02-11,2025-02-14,Cash,Rep_Omar,0.0,1199.0
30003888,100028,200006,3,2024-10-31,2024-11-01,Cash,Rep_Ahmed,0.05,2847.15
30003889,100016,200004,4,2025-02-01,2025-02-03,Mobile Wallet,Rep_Mariam,0.05,874.0
30003890,100057,200003,3,2025-01-08,2025-01-12,Bank Transfer,Rep_Mariam,0.1,486.0
30003891,100032,200008,2,2025-05-23,2025-05-25,Bank Transfer,Rep_Omar,0.1,576.0
30003892,100030,200004,4,2025-07-31,2025-08-06,Bank Transfer,Rep_Sara,0.05,874.0
30003893,100089,200009,5,2025-08-23,2025-08-24,Mobile Wallet,Rep_Ahmed,0.0,800.0
30003894,100064,200006,4,2025-04-18,2025-04-20,Bank Transfer,Rep_Mariam,0.05,3796.2
30003895,100020,200002,4,2025-01-22,2025-01-23,Bank Transfer,Rep_Omar,0.0,4796.0
30003896,100094,200002,2,2024-10-01,2024-10-07,Cash,Rep_Omar,0.0,2398.0
30003897,100062,200008,1,2024-12-25,2024-12-28,Credit Card,Rep_Ahmed,0.0,320.0
30003898,100018,200006,4,2025-03-13,2025-03-16,Mobile Wallet,Rep_Omar,0.1,3596.4
30003899,100027,200010,4,2024-12-21,2024-12-22,Mobile Wallet,Rep_Ahmed,0.1,432.0
30003900,100044,200004,4,2025-06-01,2025-06-08,Cash,Rep_Sara,0.1,828.0
30003901,100009,200003,4,2024-10-11,2024-10-12,Mobile Wallet,Rep_Mariam,0.1,648.0
30003902,100005,200003,3,2025-03-12,2025-03-14,Credit Card,Rep_Ahmed,0.05,513.0
30003903,100039,200005,4,2025-08-01,2025-08-02,Bank Transfer,Rep_Ahmed,0.0,196.0
30003904,100066,200008,5,2024-11-16,2024-11-18,Credit Card,Rep_Sara,0.0,1600.0
30003905,100015,200004,4,2024-10-07,2024-10-09,Mobile Wallet,Rep_Mariam,0.05,874.0
30003906,100055,200004,3,2025-05-25,2025-05-30,Mobile Wallet,Rep_Sara,0.0,690.0
30003907,100070,200002,3,2024-09-25,2024-09-26,Credit Card,Rep_Ahmed,0.05,3417.15
30003908,100068,200001,2,2025-09-01,2025-09-06,Mobile Wallet,Rep_Sara,0.05,2468.1
30003909,100081,200005,1,2025-02-10,2025-02-11,Mobile Wallet,Rep_Ahmed,0.05,46.55
30003910,100096,200003,3,2025-03-09,2025-03-15,Cash,Rep_Omar,0.0,540.0
30003911,100064,200001,2,2025-09-16,2025-09-22,Mobile Wallet,Rep_Omar,0.0,2598.0
30003912,100066,200010,2,2025-07-22,2025-07-29,Bank Transfer,Rep_Ahmed,0.0,240.0
30003913,100062,200004,4,2025-01-07,2025-01-13,Credit Card,Rep_Omar,0.1,828.0
30003914,100065,200007,4,2025-04-06,2025-04-13,Cash,Rep_Sara,0.05,247.0
30003915,100021,200007,4,2025-08-12,2025-08-18,Credit Card,Rep_Omar,0.05,247.0
30003916,100063,200006,1,2025-08-18,2025-08-25,Credit Card,Rep_Ahmed,0.0,999.0
30003917,100060,200005,3,2025-03-15,2025-03-19,Mobile Wallet,Rep_Sara,0.0,147.0
30003918,100011,200009,5,2024-10-10,2024-10-13,Bank Transfer,Rep_Sara,0.05,760.0
30003919,100028,200002,5,2025-02-05,2025-02-08,Mobile Wallet,Rep_Sara,0.05,5695.25
30003920,100058,200004,3,2025-01-31,2025-02-04,Credit Card,Rep_Ahmed,0.1,621.0
30003921,100038,200004,5,2025-08-22,2025-08-28,Cash,Rep_Ahmed,0.0,1150.0
30003922,100014,200005,5,2025-07-13,2025-07-14,Mobile Wallet,Rep_Omar,0.0,245.0
30003923,100032,200002,5,2025-08-04,2025-08-06,Cash,Rep_Sara,0.1,5395.5
30003924,100038,200009,5,2024-10-30,2024-10-31,Bank Transfer,Rep_Ahmed,0.1,720.0
30003925,100036,200007,1,2024-12-19,2024-12-24,Credit Card,Rep_Ahmed,0.0,65.0
30003926,100058,200007,3,2025-08-26,2025-08-31,Credit Card,Rep_Mariam,0.05,185.25
30003927,100002,200002,1,2025-03-26,2025-04-02,Credit Card,Rep_Ahmed,0.1,1079.1
30003928,100095,200002,3,2025-03-07,2025-03-13,Bank Transfer,Rep_Omar,0.1,3237.3
30003929,100041,200003,1,2024-10-19,2024-10-24,Credit Card,Rep_Omar,0.1,162.0
30003930,100053,200008,1,2025-07-15,2025-07-17,Bank Transfer,Rep_Omar,0.05,304.0
30003931,100017,200002,3,2025-03-24,2025-03-25,Mobile Wallet,Rep_Omar,0.1,3237.3
30003932,100022,200008,5,2024-12-18,2024-12-24,Credit Card,Rep_Sara,0.05,1520.0
30003933,100034,200010,4,2025-06-26,2025-07-02,Mobile Wallet,Rep_Mariam,0.1,432.0
30003934,100049,200001,2,2025-07-30,2025-07-31,Credit Card,Rep_Ahmed,0.05,2468.1
30003935,100097,200010,2,2025-04-08,2025-04-14,Cash,Rep_Sara,0.05,228.0
30003936,100017,200005,5,2024-11-27,2024-12-03,Credit Card,Rep_Omar,0.0,245.0
30003937,100082,200002,2,2025-06-18,2025-06-25,Mobile Wallet,Rep_Omar,0.0,2398.0
30003938,100034,200002,3,2025-05-19,2025-05-20,Bank Transfer,Rep_Mariam,0.05,3417.15
30003939,100009,200002,4,2025-04-06,2025-04-13,Cash,Rep_Mariam,0.0,4796.0
30003940,100076,200005,3,2025-09-14,2025-09-21,Credit Card,Rep_Sara,0.05,139.65
30003941,100017,200002,1,2025-08-06,2025-08-12,Mobile Wallet,Rep_Omar,0.0,1199.0
30003942,100092,200009,4,2025-06-26,2025-07-03,Cash,Rep_Mariam,0.0,640.0
30003943,100048,200007,2,2025-06-06,2025-06-10,Bank Transfer,Rep_Sara,0.1,117.0
30003944,100062,200005,4,2025-09-12,2025-09-15,Cash,Rep_Omar,0.05,186.2
30003945,100088,200009,3,2025-05-07,2025-05-08,Credit Card,Rep_Sara,0.05,456.0
30003946,100058,200004,2,2025-01-14,2025-01-18,Mobile Wallet,Rep_Omar,0.1,414.0
30003947,100028,200010,4,2025-08-10,2025-08-16,Mobile Wallet,Rep_Omar,0.1,432.0
30003948,100057,200006,4,2024-09-23,2024-09-27,Cash,Rep_Sara,0.0,3996.0
30003949,100017,200009,3,2025-06-09,2025-06-14,Bank Transfer,Rep_Mariam,0.0,480.0
30003950,100044,200003,1,2025-03-28,2025-04-02,Cash,Rep_Sara,0.05,171.0
30003951,100071,200010,3,2024-09-26,2024-09-30,Credit Card,Rep_Mariam,0.05,342.0
30003952,100039,200003,1,2025-06-09,2025-06-10,Bank Transfer,Rep_Ahmed,0.05,171.0
30003953,100075,200009,2,2025-02-19,2025-02-26,Cash,Rep_Ahmed,0.0,320.0
30003954,100100,200001,3,2024-12-20,2024-12-22,Mobile Wallet,Rep_Omar,0.0,3897.0
30003955,100019,200004,1,2025-03-14,2025-03-21,Cash,Rep_Omar,0.0,230.0
30003956,100100,200010,2,2025-07-01,2025-07-06,Mobile Wallet,Rep_Omar,0.1,216.0
30003957,100086,200004,1,2025-07-22,2025-07-25,Mobile Wallet,Rep_Sara,0.1,207.0
30003958,100090,200009,2,2024-10-09,2024-10-13,Cash,Rep_Omar,0.0,320.0
30003959,100077,200002,1,2024-09-27,2024-10-01,Mobile Wallet,Rep_Omar,0.1,1079.1
30003960,100010,200001,4,2025-01-06,2025-01-08,Bank Transfer,Rep_Sara,0.05,4936.2
30003961,100049,200010,5,2025-07-23,2025-07-29,Cash,Rep_Sara,0.1,540.0
30003962,100029,200002,1,2024-12-15,2024-12-21,Credit Card,Rep_Mariam,0.1,1079.1
30003963,100070,200003,2,2025-05-21,2025-05-25,Mobile Wallet,Rep_Sara,0.05,342.0
30003964,100037,200006,3,2025-07-08,2025-07-09,Mobile Wallet,Rep_Omar,0.1,2697.3
30003965,100097,200002,5,2025-08-06,2025-08-07,Credit Card,Rep_Mariam,0.1,5395.5
30003966,100096,200008,5,2025-02-07,2025-02-12,Credit Card,Rep_Mariam,0.0,1600.0
30003967,100084,200003,4,2025-07-02,2025-07-04,Mobile Wallet,Rep_Mariam,0.0,720.0
30003968,100035,200002,5,2025-04-07,2025-04-13,Credit Card,Rep_Ahmed,0.0,5995.0
30003969,100065,200008,4,2025-09-04,2025-09-08,Credit Card,Rep_Omar,0.0,1280.0
30003970,100030,200006,3,2024-10-14,2024-10-15,Cash,Rep_Omar,0.0,2997.0
30003971,100036,200004,1,2025-04-01,2025-04-04,Cash,Rep_Mariam,0.1,207.0
30003972,100100,200005,1,2025-04-23,2025-04-30,Mobile Wallet,Rep_Omar,0.1,44.1
30003973,100050,200004,4,2024-10-07,2024-10-14,Cash,Rep_Ahmed,0.0,920.0
30003974,100075,200001,1,2025-04-11,2025-04-14,Cash,Rep_Mariam,0.05,1234.05
30003975,100034,200005,3,2024-09-18,2024-09-21,Bank Transfer,Rep_Ahmed,0.0,147.0
30003976,100086,200010,2,2024-09-24,2024-09-27,Cash,Rep_Ahmed,0.0,240.0
30003977,100025,200007,4,2025-02-17,2025-02-21,Bank Transfer,Rep_Ahmed,0.0,260.0
30003978,100080,200005,1,2025-07-16,2025-07-19,Bank Transfer,Rep_Omar,0.1,44.1
30003979,100036,200001,5,2024-12-30,2025-01-03,Cash,Rep_Mariam,0.1,5845.5
30003980,100058,200001,4,2025-08-28,2025-09-02,Bank Transfer,Rep_Ahmed,0.1,4676.4
30003981,100074,200010,1,2024-11-30,2024-12-02,Credit Card,Rep_Mariam,0.05,114.0
30003982,100054,200008,2,2025-08-14,2025-08-19,Mobile Wallet,Rep_Sara,0.0,640.0
30003983,100100,200010,1,2024-12-07,2024-12-12,Bank Transfer,Rep_Omar,0.05,114.0
30003984,100086,200005,1,2024-12-12,2024-12-19,Credit Card,Rep_Mariam,0.1,44.1
30003985,100008,200005,5,2024-12-06,2024-12-09,Cash,Rep_Mariam,0.0,245.0
30003986,100070,200002,4,2024-11-24,2024-11-29,Cash,Rep_Sara,0.1,4316.4
30003987,100034,200003,5,2025-08-12,2025-08-18,Mobile Wallet,Rep_Mariam,0.0,900.0
30003988,100100,200006,2,2024-12-26,2024-12-31,Cash,Rep_Mariam,0.05,1898.1
30003989,100076,200005,3,2024-10-08,2024-10-10,Cash,Rep_Sara,0.05,139.65
30003990,100035,200007,4,2024-11-22,2024-11-25,Bank Transfer,Rep_Ahmed,0.0,260.0
30003991,100090,200004,3,2025-09-08,2025-09-13,Mobile Wallet,Rep_Omar,0.1,621.0
30003992,100053,200008,2,2025-07-02,2025-07-08,Mobile Wallet,Rep_Mariam,0.1,576.0
30003993,100082,200009,5,2024-10-03,2024-10-05,Credit Card,Rep_Ahmed,0.0,800.0
30003994,100063,200001,4,2024-12-14,2024-12-15,Mobile Wallet,Rep_Omar,0.1,4676.4
30003995,100062,200008,5,2025-04-09,2025-04-11,Cash,Rep_Sara,0.05,1520.0
30003996,100086,200001,1,2025-07-31,2025-08-06,Cash,Rep_Omar,0.0,1299.0
30003997,100009,200009,4,2024-12-07,2024-12-08,Mobile Wallet,Rep_Mariam,0.0,640.0
30003998,100082,200010,5,2024-10-21,2024-10-24,Mobile Wallet,Rep_Sara,0.05,570.0
30003999,100100,200005,1,2025-06-13,2025-06-14,Mobile Wallet,Rep_Mariam,0.1,44.1
30004000,100009,200006,1,2025-01-07,2025-01-12,Credit Card,Rep_Ahmed,0.0,999.0
30004001,100089,200004,3,2025-02-03,2025-02-10,Mobile Wallet,Rep_Omar,0.05,655.5
30004002,100078,200010,5,2025-06-25,2025-06-27,Credit Card,Rep_Omar,0.05,570.0
30004003,100052,200008,2,2025-07-19,2025-07-23,Mobile Wallet,Rep_Sara,0.1,576.0
30004004,100055,200010,4,2025-04-25,2025-05-02,Mobile Wallet,Rep_Sara,0.0,480.0
30004005,100049,200002,4,2025-01-26,2025-01-29,Mobile Wallet,Rep_Omar,0.05,4556.2
30004006,100098,200008,4,2025-05-27,2025-05-30,Credit Card,Rep_Sara,0.0,1280.0
30004007,100052,200009,3,2025-02-25,2025-03-02,Credit Card,Rep_Ahmed,0.1,432.0
30004008,100051,200005,5,2024-12-09,2024-12-11,Credit Card,Rep_Sara,0.1,220.5
30004009,100006,200006,2,2025-05-09,2025-05-10,Cash,Rep_Mariam,0.05,1898.1
30004010,100006,200002,2,2025-01-19,2025-01-21,Mobile Wallet,Rep_Mariam,0.05,2278.1
30004011,100042,200006,3,2025-07-27,2025-08-02,Credit Card,Rep_Mariam,0.1,2697.3
30004012,100023,200004,1,2025-07-27,2025-08-01,Credit Card,Rep_Ahmed,0.0,230.0
30004013,100026,200005,3,2025-04-09,2025-04-15,Credit Card,Rep_Mariam,0.1,132.3
30004014,100052,200006,2,2025-08-11,2025-08-16,Cash,Rep_Ahmed,0.05,1898.1
30004015,100008,200005,1,2025-05-18,2025-05-20,Bank Transfer,Rep_Omar,0.05,46.55
30004016,100046,200009,3,2025-06-06,2025-06-07,Credit Card,Rep_Omar,0.05,456.0
30004017,100076,200003,4,2025-07-29,2025-08-01,Bank Transfer,Rep_Omar,0.05,684.0
30004018,100037,200004,2,2025-03-21,2025-03-26,Cash,Rep_Ahmed,0.1,414.0
30004019,100017,200006,5,2025-08-11,2025-08-16,Mobile Wallet,Rep_Mariam,0.1,4495.5
30004020,100070,200009,4,2025-03-26,2025-03-29,Credit Card,Rep_Sara,0.05,608.0
30004021,100046,200006,5,2025-01-30,2025-01-31,Bank Transfer,Rep_Sara,0.0,4995.0
30004022,100037,200010,3,2025-04-02,2025-04-05,Cash,Rep_Mariam,0.1,324.0
30004023,100042,200005,2,2024-10-13,2024-10-16,Bank Transfer,Rep_Sara,0.0,98.0
30004024,100071,200007,4,2025-06-20,2025-06-25,Mobile Wallet,Rep_Sara,0.1,234.0
30004025,100017,200002,5,2025-04-30,2025-05-02,Mobile Wallet,Rep_Sara,0.0,5995.0
30004026,100092,200001,1,2024-11-11,2024-11-16,Credit Card,Rep_Ahmed,0.05,1234.05
30004027,100009,200003,5,2024-12-24,2024-12-26,Credit Card,Rep_Mariam,0.05,855.0
30004028,100013,200004,5,2025-01-26,2025-01-27,Mobile Wallet,Rep_Sara,0.0,1150.0
30004029,100085,200006,4,2025-01-22,2025-01-25,Mobile Wallet,Rep_Omar,0.0,3996.0
30004030,100090,200001,4,2025-07-28,2025-08-02,Cash,Rep_Mariam,0.0,5196.0
30004031,100028,200007,2,2024-11-03,2024-11-07,Cash,Rep_Mariam,0.1,117.0
30004032,100054,200001,5,2025-03-31,2025-04-01,Credit Card,Rep_Ahmed,0.1,5845.5
30004033,100099,200007,4,2024-10-19,2024-10-20,Bank Transfer,Rep_Mariam,0.05,247.0
30004034,100011,200008,3,2024-10-03,2024-10-07,Bank Transfer,Rep_Omar,0.0,960.0
30004035,100076,200004,4,2025-03-27,2025-04-01,Cash,Rep_Mariam,0.0,920.0
30004036,100072,200008,5,2025-03-07,2025-03-08,Credit Card,Rep_Mariam,0.05,1520.0
30004037,100047,200005,5,2025-04-08,2025-04-15,Mobile Wallet,Rep_Sara,0.1,220.5
30004038,100009,200002,4,2024-12-30,2025-01-06,Credit Card,Rep_Sara,0.0,4796.0
30004039,100089,200001,1,2025-05-26,2025-06-01,Cash,Rep_Mariam,0.1,1169.1
30004040,100011,200006,3,2025-05-26,2025-06-02,Cash,Rep_Omar,0.1,2697.3
30004041,100033,200010,1,2025-03-05,2025-03-09,Credit Card,Rep_Ahmed,0.05,114.0
30004042,100068,200005,3,2024-10-19,2024-10-25,Mobile Wallet,Rep_Omar,0.1,132.3
30004043,100065,200005,2,2025-07-01,2025-07-03,Cash,Rep_Sara,0.0,98.0
30004044,100031,200004,1,2024-10-17,2024-10-19,Credit Card,Rep_Omar,0.0,230.0
30004045,100055,200005,4,2025-02-28,2025-03-07,Mobile Wallet,Rep_Omar,0.1,176.4
30004046,100096,200002,5,2024-11-07,2024-11-10,Mobile Wallet,Rep_Ahmed,0.1,5395.5
30004047,100013,200002,4,2025-02-19,2025-02-22,Bank Transfer,Rep_Ahmed,0.05,4556.2
30004048,100078,200007,4,2025-07-20,2025-07-25,Bank Transfer,Rep_Sara,0.0,260.0
30004049,100065,200008,2,2024-11-01,2024-11-05,Cash,Rep_Ahmed,0.1,576.0
30004050,100037,200008,1,2025-06-27,2025-07-04,Cash,Rep_Sara,0.1,288.0
30004051,100035,200004,3,2025-09-08,2025-09-09,Bank Transfer,Rep_Mariam,0.05,655.5
30004052,100063,200009,5,2025-06-30,2025-07-05,Cash,Rep_Sara,0.1,720.0
30004053,100066,200004,2,2025-01-10,2025-01-15,Mobile Wallet,Rep_Ahmed,0.0,460.0
30004054,100095,200003,3,2025-08-07,2025-08-12,Mobile Wallet,Rep_Ahmed,0.05,513.0
30004055,100026,200003,5,2025-07-13,2025-07-16,Credit Card,Rep_Omar,0.05,855.0
30004056,100058,200001,1,2025-07-11,2025-07-14,Mobile Wallet,Rep_Mariam,0.05,1234.05
30004057,100025,200008,1,2025-07-15,2025-07-17,Mobile Wallet,Rep_Sara,0.0,320.0
30004058,100068,200006,2,2025-06-13,2025-06-20,Bank Transfer,Rep_Sara,0.1,1798.2
30004059,100087,200004,3,2024-09-20,2024-09-26,Mobile Wallet,Rep_Mariam,0.05,655.5
30004060,100028,200009,5,2024-09-24,2024-09-28,Mobile Wallet,Rep_Omar,0.0,800.0
30004061,100028,200006,1,2024-10-07,2024-10-12,Credit Card,Rep_Mariam,0.0,999.0
30004062,100015,200009,4,2025-06-01,2025-06-08,Bank Transfer,Rep_Ahmed,0.05,608.0
30004063,100039,200010,2,2025-02-12,2025-02-15,Mobile Wallet,Rep_Mariam,0.05,228.0
30004064,100063,200001,1,2025-02-24,2025-03-02,Credit Card,Rep_Sara,0.05,1234.05
30004065,100026,200008,2,2024-11-13,2024-11-15,Credit Card,Rep_Omar,0.0,640.0
30004066,100085,200008,1,2025-01-14,2025-01-17,Cash,Rep_Sara,0.0,320.0
30004067,100035,200008,1,2024-10-10,2024-10-13,Cash,Rep_Ahmed,0.05,304.0
30004068,100069,200005,1,2025-04-12,2025-04-18,Cash,Rep_Mariam,0.1,44.1
30004069,100054,200002,3,2024-09-24,2024-10-01,Bank Transfer,Rep_Mariam,0.0,3597.0
30004070,100005,200008,1,2025-01-30,2025-02-06,Bank Transfer,Rep_Sara,0.0,320.0
30004071,100068,200004,3,2024-11-02,2024-11-09,Cash,Rep_Ahmed,0.05,655.5
30004072,100082,200003,4,2025-06-27,2025-07-03,Mobile Wallet,Rep_Omar,0.1,648.0
30004073,100004,200006,4,2025-04-19,2025-04-21,Bank Transfer,Rep_Omar,0.1,3596.4
30004074,100054,200007,5,2024-12-13,2024-12-18,Bank Transfer,Rep_Omar,0.1,292.5
30004075,100081,200006,5,2025-02-22,2025-02-28,Cash,Rep_Ahmed,0.05,4745.25
30004076,100021,200008,5,2025-02-16,2025-02-18,Cash,Rep_Ahmed,0.0,1600.0
30004077,100100,200010,3,2025-07-02,2025-07-03,Credit Card,Rep_Sara,0.1,324.0
30004078,100051,200002,4,2024-12-11,2024-12-18,Cash,Rep_Ahmed,0.0,4796.0
30004079,100053,200002,2,2024-11-13,2024-11-18,Bank Transfer,Rep_Ahmed,0.0,2398.0
30004080,100054,200002,1,2025-02-11,2025-02-12,Mobile Wallet,Rep_Ahmed,0.1,1079.1
30004081,100100,200006,1,2025-01-09,2025-01-11,Bank Transfer,Rep_Omar,0.1,899.1
30004082,100018,200003,3,2025-05-04,2025-05-08,Cash,Rep_Ahmed,0.0,540.0
30004083,100053,200002,5,2024-11-23,2024-11-25,Bank Transfer,Rep_Sara,0.1,5395.5
30004084,100071,200006,2,2025-02-07,2025-02-13,Credit Card,Rep_Sara,0.05,1898.1
30004085,100078,200004,3,2025-01-06,2025-01-12,Mobile Wallet,Rep_Omar,0.1,621.0
30004086,100067,200001,3,2025-02-01,2025-02-02,Mobile Wallet,Rep_Ahmed,0.1,3507.3
30004087,100085,200003,5,2025-06-28,2025-07-02,Cash,Rep_Mariam,0.0,900.0
30004088,100005,200002,4,2024-12-16,2024-12-22,Bank Transfer,Rep_Mariam,0.0,4796.0
30004089,100025,200002,3,2024-10-14,2024-10-20,Credit Card,Rep_Sara,0.05,3417.15
30004090,100023,200007,4,2025-07-07,2025-07-11,Mobile Wallet,Rep_Mariam,0.0,260.0
30004091,100001,200004,4,2025-07-06,2025-07-10,Mobile Wallet,Rep_Omar,0.0,920.0
30004092,100064,200005,3,2024-10-04,2024-10-10,Cash,Rep_Sara,0.0,147.0
30004093,100056,200006,5,2025-03-20,2025-03-23,Bank Transfer,Rep_Mariam,0.0,4995.0
30004094,100045,200009,1,2025-03-11,2025-03-16,Cash,Rep_Omar,0.0,160.0
30004095,100050,200003,2,2025-01-24,2025-01-29,Credit Card,Rep_Sara,0.1,324.0
30004096,100061,200002,1,2025-04-26,2025-04-28,Mobile Wallet,Rep_Mariam,0.1,1079.1
30004097,100050,200001,2,2024-12-04,2024-12-11,Credit Card,Rep_Ahmed,0.0,2598.0
30004098,100020,200002,5,2025-06-29,2025-07-01,Cash,Rep_Mariam,0.0,5995.0
30004099,100052,200007,3,2025-03-23,2025-03-30,Credit Card,Rep_Mariam,0.05,185.25
30004100,100025,200007,4,2024-11-06,2024-11-11,Mobile Wallet,Rep_Ahmed,0.05,247.0
30004101,100077,200001,3,2024-10-24,2024-10-29,Bank Transfer,Rep_Ahmed,0.05,3702.15
30004102,100020,200006,3,2025-04-17,2025-04-20,Mobile Wallet,Rep_Mariam,0.05,2847.15
30004103,100049,200001,1,2025-03-03,2025-03-07,Credit Card,Rep_Omar,0.05,1234.05
30004104,100089,200004,1,2025-04-15,2025-04-16,Credit Card,Rep_Mariam,0.0,230.0
30004105,100008,200003,5,2025-01-10,2025-01-15,Credit Card,Rep_Ahmed,0.05,855.0
30004106,100085,200002,1,2024-12-13,2024-12-19,Bank Transfer,Rep_Omar,0.05,1139.05
30004107,100025,200002,3,2025-07-15,2025-07-18,Bank Transfer,Rep_Sara,0.1,3237.3
30004108,100004,200002,3,2025-01-12,2025-01-13,Cash,Rep_Omar,0.1,3237.3
30004109,100006,200003,4,2024-10-29,2024-11-05,Cash,Rep_Sara,0.05,684.0
30004110,100080,200006,4,2024-09-17,2024-09-21,Mobile Wallet,Rep_Sara,0.1,3596.4
30004111,100076,200007,1,2024-12-24,2024-12-31,Bank Transfer,Rep_Ahmed,0.05,61.75
30004112,100054,200007,3,2025-04-24,2025-04-26,Cash,Rep_Omar,0.05,185.25
30004113,100034,200007,2,2025-09-05,2025-09-06,Bank Transfer,Rep_Sara,0.1,117.0
30004114,100093,200008,4,2025-08-04,2025-08-07,Cash,Rep_Ahmed,0.05,1216.0
30004115,100095,200001,2,2024-12-31,2025-01-07,Cash,Rep_Omar,0.1,2338.2
30004116,100001,200002,1,2025-05-14,2025-05-15,Bank Transfer,Rep_Sara,0.05,1139.05
30004117,100020,200008,2,2025-07-29,2025-08-04,Cash,Rep_Sara,0.0,640.0
30004118,100017,200002,1,2025-01-04,2025-01-11,Credit Card,Rep_Omar,0.1,1079.1
30004119,100047,200009,4,2025-07-06,2025-07-10,Cash,Rep_Ahmed,0.05,608.0
30004120,100022,200008,5,2025-01-22,2025-01-27,Bank Transfer,Rep_Sara,0.0,1600.0
30004121,100084,200002,1,2025-05-02,2025-05-03,Credit Card,Rep_Mariam,0.0,1199.0
30004122,100005,200003,2,2025-06-24,2025-06-30,Cash,Rep_Sara,0.1,324.0
30004123,100052,200009,5,2024-12-21,2024-12-27,Bank Transfer,Rep_Mariam,0.05,760.0
30004124,100072,200006,1,2025-06-18,2025-06-24,Mobile Wallet,Rep_Mariam,0.0,999.0
30004125,100053,200009,4,2025-04-11,2025-04-17,Cash,Rep_Mariam,0.1,576.0
30004126,100011,200003,3,2024-10-22,2024-10-24,Credit Card,Rep_Sara,0.1,486.0
30004127,100038,200008,1,2025-01-09,2025-01-12,Cash,Rep_Omar,0.05,304.0
30004128,100036,200009,5,2025-01-25,2025-01-30,Bank Transfer,Rep_Sara,0.0,800.0
30004129,100015,200004,5,2025-03-08,2025-03-12,Cash,Rep_Sara,0.05,1092.5
30004130,100024,200007,3,2025-08-23,2025-08-24,Cash,Rep_Ahmed,0.0,195.0
30004131,100060,200006,4,2024-11-12,2024-11-14,Credit Card,Rep_Ahmed,0.0,3996.0
30004132,100069,200005,4,2024-11-10,2024-11-15,Credit Card,Rep_Omar,0.05,186.2
30004133,100035,200002,4,2025-08-09,2025-08-15,Bank Transfer,Rep_Omar,0.0,4796.0
30004134,100052,200010,1,2025-05-24,2025-05-26,Mobile Wallet,Rep_Omar,0.05,114.0
30004135,100089,200003,3,2025-07-01,2025-07-02,Bank Transfer,Rep_Sara,0.1,486.0
30004136,100080,200008,2,2024-11-24,2024-12-01,Bank Transfer,Rep_Ahmed,0.05,608.0
30004137,100055,200005,4,2024-12-15,2024-12-21,Cash,Rep_Omar,0.05,186.2
30004138,100082,200009,4,2025-09-10,2025-09-15,Credit Card,Rep_Omar,0.0,640.0
30004139,100017,200010,1,2025-05-30,2025-06-05,Bank Transfer,Rep_Ahmed,0.0,120.0
30004140,100019,200010,1,2025-02-03,2025-02-04,Cash,Rep_Ahmed,0.05,114.0
30004141,100054,200001,5,2025-03-31,2025-04-01,Mobile Wallet,Rep_Mariam,0.0,6495.0
30004142,100061,200003,5,2025-09-08,2025-09-09,Cash,Rep_Sara,0.05,855.0
30004143,100018,200002,2,2024-11-04,2024-11-08,Cash,Rep_Mariam,0.1,2158.2
30004144,100022,200010,4,2025-08-31,2025-09-02,Bank Transfer,Rep_Omar,0.0,480.0
30004145,100007,200010,4,2025-02-27,2025-03-01,Mobile Wallet,Rep_Sara,0.0,480.0
30004146,100005,200002,4,2025-04-23,2025-04-24,Credit Card,Rep_Mariam,0.0,4796.0
30004147,100041,200002,1,2024-10-07,2024-10-08,Bank Transfer,Rep_Ahmed,0.0,1199.0
30004148,100068,200005,2,2024-10-08,2024-10-14,Bank Transfer,Rep_Mariam,0.0,98.0
30004149,100009,200004,1,2025-05-27,2025-05-28,Cash,Rep_Mariam,0.05,218.5
30004150,100081,200005,5,2024-12-16,2024-12-21,Bank Transfer,Rep_Ahmed,0.05,232.75
30004151,100051,200001,4,2025-09-15,2025-09-22,Credit Card,Rep_Omar,0.05,4936.2
30004152,100037,200006,2,2025-03-10,2025-03-11,Bank Transfer,Rep_Omar,0.1,1798.2
30004153,100099,200003,4,2024-11-02,2024-11-03,Credit Card,Rep_Mariam,0.0,720.0
30004154,100041,200005,1,2025-09-02,2025-09-09,Bank Transfer,Rep_Mariam,0.1,44.1
30004155,100042,200006,3,2024-09-27,2024-10-01,Credit Card,Rep_Ahmed,0.0,2997.0
30004156,100054,200001,5,2025-08-28,2025-08-29,Credit Card,Rep_Ahmed,0.05,6170.25
30004157,100045,200009,1,2024-12-01,2024-12-02,Credit Card,Rep_Omar,0.05,152.0
30004158,100046,200001,5,2024-11-03,2024-11-05,Mobile Wallet,Rep_Mariam,0.1,5845.5
30004159,100020,200001,5,2025-09-02,2025-09-05,Bank Transfer,Rep_Sara,0.0,6495.0
30004160,100089,200003,2,2025-04-27,2025-05-03,Bank Transfer,Rep_Mariam,0.05,342.0
30004161,100035,200005,4,2025-08-14,2025-08-21,Credit Card,Rep_Omar,0.0,196.0
30004162,100090,200009,2,2025-06-08,2025-06-12,Mobile Wallet,Rep_Sara,0.1,288.0
30004163,100003,200008,5,2024-11-18,2024-11-20,Mobile Wallet,Rep_Sara,0.0,1600.0
30004164,100003,200010,5,2025-04-12,2025-04-17,Cash,Rep_Sara,0.0,600.0
30004165,100033,200004,3,2025-04-16,2025-04-18,Bank Transfer,Rep_Omar,0.1,621.0
30004166,100072,200009,3,2025-08-13,2025-08-18,Cash,Rep_Omar,0.05,456.0
30004167,100043,200001,3,2024-10-01,2024-10-04,Bank Transfer,Rep_Mariam,0.0,3897.0
30004168,100077,200005,2,2025-05-07,2025-05-08,Cash,Rep_Ahmed,0.05,93.1
30004169,100014,200009,3,2025-04-02,2025-04-05,Mobile Wallet,Rep_Ahmed,0.05,456.0
30004170,100049,200006,2,2024-12-21,2024-12-24,Mobile Wallet,Rep_Omar,0.0,1998.0
30004171,100011,200001,3,2024-11-13,2024-11-17,Bank Transfer,Rep_Ahmed,0.0,3897.0
30004172,100062,200008,5,2024-12-03,2024-12-08,Mobile Wallet,Rep_Ahmed,0.05,1520.0
30004173,100091,200003,4,2024-11-19,2024-11-20,Mobile Wallet,Rep_Mariam,0.05,684.0
30004174,100011,200005,5,2024-11-06,2024-11-07,Cash,Rep_Mariam,0.0,245.0
30004175,100077,200004,2,2025-03-08,2025-03-15,Mobile Wallet,Rep_Mariam,0.0,460.0
30004176,100093,200006,3,2025-07-16,2025-07-23,Mobile Wallet,Rep_Ahmed,0.05,2847.15
30004177,100100,200001,1,2025-06-23,2025-06-26,Mobile Wallet,Rep_Ahmed,0.1,1169.1
30004178,100099,200010,1,2025-01-03,2025-01-08,Bank Transfer,Rep_Omar,0.1,108.0
30004179,100074,200006,4,2025-04-17,2025-04-23,Cash,Rep_Sara,0.1,3596.4
30004180,100027,200004,5,2025-01-11,2025-01-17,Mobile Wallet,Rep_Omar,0.1,1035.0
30004181,100100,200001,5,2025-05-27,2025-06-03,Credit Card,Rep_Omar,0.0,6495.0
30004182,100086,200009,2,2024-10-15,2024-10-19,Cash,Rep_Mariam,0.1,288.0
30004183,100053,200009,4,2025-05-06,2025-05-08,Cash,Rep_Sara,0.1,576.0
30004184,100026,200009,5,2025-05-24,2025-05-26,Bank Transfer,Rep_Sara,0.0,800.0
30004185,100044,200002,5,2025-06-08,2025-06-11,Credit Card,Rep_Mariam,0.05,5695.25
30004186,100082,200009,1,2025-04-09,2025-04-13,Cash,Rep_Mariam,0.1,144.0
30004187,100094,200004,3,2025-01-10,2025-01-16,Cash,Rep_Omar,0.1,621.0
30004188,100056,200004,4,2024-12-05,2024-12-12,Credit Card,Rep_Mariam,0.0,920.0
30004189,100067,200007,3,2024-12-07,2024-12-13,Mobile Wallet,Rep_Omar,0.0,195.0
30004190,100033,200007,1,2024-12-22,2024-12-25,Bank Transfer,Rep_Ahmed,0.05,61.75
30004191,100097,200002,1,2025-06-05,2025-06-08,Bank Transfer,Rep_Ahmed,0.05,1139.05
30004192,100005,200007,2,2025-08-05,2025-08-06,Cash,Rep_Mariam,0.1,117.0
30004193,100029,200004,2,2024-11-22,2024-11-25,Credit Card,Rep_Omar,0.0,460.0
30004194,100091,200006,1,2025-04-25,2025-04-29,Mobile Wallet,Rep_Mariam,0.0,999.0
30004195,100007,200003,3,2025-05-26,2025-06-01,Cash,Rep_Mariam,0.1,486.0
30004196,100061,200003,4,2025-07-22,2025-07-24,Mobile Wallet,Rep_Omar,0.0,720.0
30004197,100067,200006,1,2025-09-12,2025-09-19,Credit Card,Rep_Sara,0.0,999.0
30004198,100035,200001,5,2025-05-21,2025-05-27,Bank Transfer,Rep_Mariam,0.1,5845.5
30004199,100050,200008,5,2025-03-04,2025-03-11,Bank Transfer,Rep_Ahmed,0.05,1520.0
30004200,100008,200001,2,2025-03-20,2025-03-21,Mobile Wallet,Rep_Sara,0.1,2338.2
30004201,100057,200008,3,2024-12-27,2024-12-31,Cash,Rep_Mariam,0.05,912.0
30004202,100100,200005,3,2025-02-08,2025-02-13,Bank Transfer,Rep_Omar,0.1,132.3
30004203,100090,200008,3,2025-03-24,2025-03-25,Mobile Wallet,Rep_Sara,0.05,912.0
30004204,100032,200009,1,2025-06-17,2025-06-20,Bank Transfer,Rep_Mariam,0.1,144.0
30004205,100045,200006,5,2024-12-10,2024-12-16,Credit Card,Rep_Omar,0.1,4495.5
30004206,100070,200002,1,2025-05-18,2025-05-23,Bank Transfer,Rep_Ahmed,0.1,1079.1
30004207,100033,200009,2,2024-11-23,2024-11-24,Mobile Wallet,Rep_Ahmed,0.0,320.0
30004208,100061,200009,5,2024-11-21,2024-11-24,Cash,Rep_Omar,0.05,760.0
30004209,100010,200010,1,2025-06-16,2025-06-22,Credit Card,Rep_Ahmed,0.1,108.0
30004210,100070,200001,1,2024-12-05,2024-12-09,Credit Card,Rep_Omar,0.1,1169.1
30004211,100016,200006,5,2025-06-01,2025-06-07,Mobile Wallet,Rep_Mariam,0.05,4745.25
30004212,100085,200010,4,2025-01-10,2025-01-12,Credit Card,Rep_Omar,0.05,456.0
30004213,100047,200001,2,2024-10-29,2024-11-02,Credit Card,Rep_Omar,0.05,2468.1
30004214,100032,200009,1,2025-07-17,2025-07-23,Mobile Wallet,Rep_Mariam,0.05,152.0
30004215,100043,200006,5,2024-09-21,2024-09-23,Cash,Rep_Mariam,0.0,4995.0
30004216,100061,200003,1,2024-11-18,2024-11-23,Bank Transfer,Rep_Omar,0.1,162.0
30004217,100097,200006,1,2025-06-14,2025-06-18,Credit Card,Rep_Mariam,0.0,999.0
30004218,100032,200001,2,2025-05-22,2025-05-26,Credit Card,Rep_Mariam,0.0,2598.0
30004219,100061,200003,4,2024-09-21,2024-09-27,Cash,Rep_Omar,0.05,684.0
30004220,100095,200004,2,2025-04-15,2025-04-18,Cash,Rep_Ahmed,0.0,460.0
30004221,100067,200002,1,2025-03-08,2025-03-11,Bank Transfer,Rep_Mariam,0.05,1139.05
30004222,100022,200001,4,2025-06-05,2025-06-09,Mobile Wallet,Rep_Omar,0.05,4936.2
30004223,100006,200002,3,2024-10-17,2024-10-19,Bank Transfer,Rep_Omar,0.1,3237.3
30004224,100006,200010,3,2024-12-17,2024-12-18,Mobile Wallet,Rep_Sara,0.05,342.0
30004225,100055,200007,3,2025-04-26,2025-04-29,Credit Card,Rep_Mariam,0.05,185.25
30004226,100002,200005,3,2025-03-08,2025-03-12,Cash,Rep_Omar,0.05,139.65
30004227,100029,200008,3,2025-03-03,2025-03-10,Mobile Wallet,Rep_Omar,0.05,912.0
30004228,100078,200009,4,2025-07-02,2025-07-04,Credit Card,Rep_Mariam,0.1,576.0
30004229,100074,200005,3,2025-08-11,2025-08-13,Cash,Rep_Ahmed,0.1,132.3
30004230,100059,200004,4,2025-09-10,2025-09-14,Credit Card,Rep_Omar,0.1,828.0
30004231,100014,200005,1,2025-08-23,2025-08-26,Credit Card,Rep_Mariam,0.0,49.0
30004232,100084,200002,3,2025-03-13,2025-03-15,Credit Card,Rep_Sara,0.0,3597.0
30004233,100077,200002,4,2025-08-16,2025-08-21,Bank Transfer,Rep_Ahmed,0.05,4556.2
30004234,100096,200004,1,2025-04-28,2025-05-02,Bank Transfer,Rep_Ahmed,0.05,218.5
30004235,100048,200009,1,2025-05-19,2025-05-23,Cash,Rep_Mariam,0.0,160.0
30004236,100031,200006,5,2025-03-12,2025-03-17,Mobile Wallet,Rep_Mariam,0.0,4995.0
30004237,100032,200008,5,2025-03-04,2025-03-09,Credit Card,Rep_Mariam,0.0,1600.0
30004238,100029,200004,5,2025-07-19,2025-07-21,Cash,Rep_Omar,0.1,1035.0
30004239,100074,200006,4,2025-03-07,2025-03-14,Credit Card,Rep_Mariam,0.1,3596.4
30004240,100040,200001,1,2025-04-09,2025-04-16,Cash,Rep_Mariam,0.1,1169.1
30004241,100100,200007,1,2025-02-08,2025-02-15,Credit Card,Rep_Ahmed,0.05,61.75
30004242,100001,200006,1,2025-08-21,2025-08-27,Cash,Rep_Omar,0.1,899.1
30004243,100079,200002,1,2025-07-11,2025-07-17,Mobile Wallet,Rep_Ahmed,0.05,1139.05
30004244,100003,200004,1,2025-08-08,2025-08-13,Cash,Rep_Omar,0.05,218.5
30004245,100030,200008,2,2025-03-07,2025-03-13,Bank Transfer,Rep_Ahmed,0.0,640.0
30004246,100051,200001,5,2024-11-04,2024-11-09,Credit Card,Rep_Omar,0.05,6170.25
30004247,100011,200008,3,2025-01-24,2025-01-27,Mobile Wallet,Rep_Mariam,0.0,960.0
30004248,100024,200006,5,2025-07-25,2025-07-30,Credit Card,Rep_Omar,0.1,4495.5
30004249,100071,200001,3,2025-05-28,2025-05-31,Cash,Rep_Omar,0.05,3702.15
30004250,100074,200001,5,2025-03-18,2025-03-22,Bank Transfer,Rep_Ahmed,0.05,6170.25
30004251,100006,200009,2,2025-01-21,2025-01-24,Bank Transfer,Rep_Omar,0.05,304.0
30004252,100039,200001,2,2024-11-14,2024-11-19,Cash,Rep_Sara,0.05,2468.1
30004253,100065,200002,2,2025-04-17,2025-04-19,Mobile Wallet,Rep_Mariam,0.1,2158.2
30004254,100065,200001,2,2025-04-24,2025-04-29,Cash,Rep_Omar,0.1,2338.2
30004255,100011,200001,2,2025-04-05,2025-04-06,Cash,Rep_Omar,0.1,2338.2
30004256,100007,200003,5,2025-02-05,2025-02-12,Credit Card,Rep_Mariam,0.0,900.0
30004257,100035,200003,4,2024-10-19,2024-10-21,Mobile Wallet,Rep_Omar,0.1,648.0
30004258,100040,200010,2,2025-01-03,2025-01-05,Bank Transfer,Rep_Omar,0.05,228.0
30004259,100086,200009,4,2024-11-05,2024-11-11,Cash,Rep_Mariam,0.05,608.0
30004260,100093,200002,2,2025-06-21,2025-06-27,Mobile Wallet,Rep_Mariam,0.0,2398.0
30004261,100042,200007,1,2025-07-25,2025-07-27,Cash,Rep_Ahmed,0.1,58.5
30004262,100012,200009,4,2025-01-05,2025-01-07,Mobile Wallet,Rep_Sara,0.05,608.0
30004263,100045,200001,4,2025-05-08,2025-05-09,Mobile Wallet,Rep_Mariam,0.1,4676.4
30004264,100028,200005,2,2025-08-11,2025-08-16,Cash,Rep_Sara,0.0,98.0
30004265,100036,200007,5,2025-05-19,2025-05-24,Credit Card,Rep_Mariam,0.1,292.5
30004266,100077,200007,2,2025-06-07,2025-06-10,Bank Transfer,Rep_Ahmed,0.0,130.0
30004267,100026,200003,5,2025-07-09,2025-07-10,Credit Card,Rep_Sara,0.1,810.0
30004268,100045,200001,1,2024-11-13,2024-11-16,Credit Card,Rep_Sara,0.0,1299.0
30004269,100059,200006,5,2025-07-05,2025-07-08,Bank Transfer,Rep_Sara,0.0,4995.0
30004270,100091,200008,1,2024-11-01,2024-11-06,Cash,Rep_Sara,0.0,320.0
30004271,100055,200008,5,2025-09-16,2025-09-23,Cash,Rep_Omar,0.05,1520.0
30004272,100063,200006,2,2025-02-27,2025-03-05,Bank Transfer,Rep_Ahmed,0.1,1798.2
30004273,100087,200001,4,2024-12-15,2024-12-16,Cash,Rep_Mariam,0.05,4936.2
30004274,100004,200006,5,2025-07-21,2025-07-26,Credit Card,Rep_Ahmed,0.05,4745.25
30004275,100057,200010,1,2025-08-20,2025-08-26,Cash,Rep_Omar,0.1,108.0
30004276,100100,200005,2,2024-09-28,2024-10-02,Cash,Rep_Mariam,0.1,88.2
30004277,100070,200004,2,2025-03-26,2025-04-01,Bank Transfer,Rep_Mariam,0.0,460.0
30004278,100077,200004,5,2025-01-22,2025-01-27,Cash,Rep_Omar,0.0,1150.0
30004279,100004,200010,2,2024-12-03,2024-12-10,Cash,Rep_Mariam,0.0,240.0
30004280,100053,200003,5,2025-05-27,2025-05-29,Bank Transfer,Rep_Ahmed,0.0,900.0
30004281,100093,200008,3,2025-07-13,2025-07-14,Cash,Rep_Ahmed,0.1,864.0
30004282,100014,200009,1,2025-03-19,2025-03-24,Mobile Wallet,Rep_Mariam,0.1,144.0
30004283,100088,200009,5,2025-01-20,2025-01-27,Mobile Wallet,Rep_Ahmed,0.1,720.0
30004284,100071,200002,5,2025-05-10,2025-05-13,Credit Card,Rep_Mariam,0.0,5995.0
30004285,100016,200001,3,2024-12-08,2024-12-10,Cash,Rep_Sara,0.05,3702.15
30004286,100093,200004,1,2025-08-07,2025-08-08,Cash,Rep_Omar,0.0,230.0
30004287,100044,200001,5,2025-02-08,2025-02-14,Bank Transfer,Rep_Sara,0.05,6170.25
30004288,100064,200004,1,2025-04-08,2025-04-09,Mobile Wallet,Rep_Omar,0.05,218.5
30004289,100009,200010,2,2024-12-31,2025-01-03,Credit Card,Rep_Omar,0.0,240.0
30004290,100083,200009,3,2025-02-18,2025-02-19,Credit Card,Rep_Mariam,0.1,432.0
30004291,100076,200001,1,2024-09-23,2024-09-27,Bank Transfer,Rep_Sara,0.05,1234.05
30004292,100043,200003,1,2025-01-08,2025-01-15,Mobile Wallet,Rep_Ahmed,0.1,162.0
30004293,100038,200006,3,2024-12-31,2025-01-02,Bank Transfer,Rep_Omar,0.1,2697.3
30004294,100019,200002,2,2025-09-01,2025-09-03,Bank Transfer,Rep_Sara,0.0,2398.0
30004295,100074,200008,4,2024-12-03,2024-12-08,Credit Card,Rep_Ahmed,0.1,1152.0
30004296,100052,200009,2,2025-01-05,2025-01-12,Mobile Wallet,Rep_Ahmed,0.0,320.0
30004297,100006,200010,5,2024-11-27,2024-11-28,Credit Card,Rep_Omar,0.05,570.0
30004298,100043,200010,4,2025-07-13,2025-07-14,Cash,Rep_Omar,0.1,432.0
30004299,100028,200004,1,2025-07-03,2025-07-08,Credit Card,Rep_Sara,0.05,218.5
30004300,100048,200003,5,2025-05-23,2025-05-30,Credit Card,Rep_Ahmed,0.0,900.0
30004301,100005,200007,2,2024-12-05,2024-12-09,Mobile Wallet,Rep_Omar,0.1,117.0
30004302,100063,200010,5,2025-07-05,2025-07-10,Credit Card,Rep_Omar,0.0,600.0
30004303,100006,200009,2,2025-04-12,2025-04-18,Cash,Rep_Ahmed,0.0,320.0
30004304,100076,200009,2,2024-11-20,2024-11-26,Cash,Rep_Omar,0.1,288.0
30004305,100089,200006,2,2025-01-20,2025-01-27,Mobile Wallet,Rep_Omar,0.0,1998.0
30004306,100008,200003,3,2025-03-21,2025-03-26,Cash,Rep_Omar,0.0,540.0
30004307,100081,200001,1,2025-05-14,2025-05-17,Cash,Rep_Sara,0.05,1234.05
30004308,100002,200009,2,2025-09-04,2025-09-05,Credit Card,Rep_Mariam,0.05,304.0
30004309,100062,200009,4,2025-07-27,2025-07-29,Mobile Wallet,Rep_Sara,0.05,608.0
30004310,100018,200010,1,2025-02-02,2025-02-07,Mobile Wallet,Rep_Omar,0.0,120.0
30004311,100017,200010,2,2024-10-09,2024-10-10,Credit Card,Rep_Ahmed,0.0,240.0
30004312,100079,200006,3,2025-03-20,2025-03-25,Bank Transfer,Rep_Sara,0.05,2847.15
30004313,100080,200007,3,2025-07-02,2025-07-05,Credit Card,Rep_Ahmed,0.05,185.25
30004314,100020,200006,5,2024-11-29,2024-11-30,Bank Transfer,Rep_Omar,0.05,4745.25
30004315,100009,200003,2,2024-12-23,2024-12-28,Credit Card,Rep_Omar,0.05,342.0
30004316,100100,200002,2,2025-05-31,2025-06-07,Credit Card,Rep_Ahmed,0.05,2278.1
30004317,100057,200004,3,2024-12-25,2024-12-31,Cash,Rep_Omar,0.05,655.5
30004318,100063,200005,1,2024-12-24,2024-12-27,Mobile Wallet,Rep_Mariam,0.05,46.55
30004319,100057,200004,5,2025-06-24,2025-06-29,Cash,Rep_Ahmed,0.1,1035.0
30004320,100029,200008,5,2025-09-11,2025-09-14,Credit Card,Rep_Mariam,0.1,1440.0
30004321,100014,200001,3,2025-08-01,2025-08-02,Bank Transfer,Rep_Sara,0.05,3702.15
30004322,100022,200001,1,2025-04-02,2025-04-05,Bank Transfer,Rep_Sara,0.0,1299.0
30004323,100036,200005,4,2025-05-15,2025-05-18,Credit Card,Rep_Ahmed,0.0,196.0
30004324,100063,200005,4,2024-10-24,2024-10-30,Cash,Rep_Sara,0.1,176.4
30004325,100030,200002,2,2025-08-05,2025-08-09,Bank Transfer,Rep_Sara,0.0,2398.0
30004326,100052,200001,3,2025-05-23,2025-05-27,Cash,Rep_Omar,0.0,3897.0
30004327,100061,200001,1,2024-12-18,2024-12-23,Credit Card,Rep_Omar,0.1,1169.1
30004328,100002,200005,5,2025-08-02,2025-08-04,Credit Card,Rep_Ahmed,0.05,232.75
30004329,100014,200009,5,2025-09-14,2025-09-20,Mobile Wallet,Rep_Omar,0.05,760.0
30004330,100034,200010,5,2025-08-05,2025-08-10,Cash,Rep_Mariam,0.05,570.0
30004331,100050,200004,3,2025-01-27,2025-01-31,Credit Card,Rep_Omar,0.0,690.0
30004332,100083,200007,1,2025-02-23,2025-02-25,Cash,Rep_Mariam,0.0,65.0
30004333,100020,200009,5,2025-02-20,2025-02-21,Mobile Wallet,Rep_Mariam,0.1,720.0
30004334,100015,200009,4,2025-09-12,2025-09-14,Mobile Wallet,Rep_Mariam,0.0,640.0
30004335,100007,200006,1,2025-01-22,2025-01-25,Bank Transfer,Rep_Sara,0.05,949.05
30004336,100004,200006,4,2024-10-18,2024-10-20,Cash,Rep_Sara,0.0,3996.0
30004337,100068,200007,2,2025-03-12,2025-03-19,Mobile Wallet,Rep_Ahmed,0.1,117.0
30004338,100041,200004,5,2025-09-14,2025-09-16,Bank Transfer,Rep_Omar,0.05,1092.5
30004339,100054,200002,2,2025-05-31,2025-06-05,Bank Transfer,Rep_Sara,0.05,2278.1
30004340,100057,200003,5,2024-12-02,2024-12-06,Mobile Wallet,Rep_Omar,0.0,900.0
30004341,100047,200006,3,2025-05-15,2025-05-21,Mobile Wallet,Rep_Omar,0.1,2697.3
30004342,100025,200004,4,2025-09-15,2025-09-18,Cash,Rep_Sara,0.05,874.0
30004343,100047,200003,3,2025-02-04,2025-02-09,Cash,Rep_Sara,0.05,513.0
30004344,100055,200008,3,2025-01-27,2025-01-28,Mobile Wallet,Rep_Sara,0.05,912.0
30004345,100065,200009,3,2025-06-26,2025-07-02,Mobile Wallet,Rep_Ahmed,0.1,432.0
30004346,100077,200006,3,2025-08-19,2025-08-25,Credit Card,Rep_Mariam,0.1,2697.3
30004347,100004,200004,5,2025-09-03,2025-09-05,Bank Transfer,Rep_Mariam,0.05,1092.5
30004348,100020,200002,2,2025-01-15,2025-01-19,Mobile Wallet,Rep_Sara,0.1,2158.2
30004349,100060,200010,2,2025-06-17,2025-06-20,Mobile Wallet,Rep_Mariam,0.0,240.0
30004350,100062,200003,3,2025-06-25,2025-06-28,Mobile Wallet,Rep_Omar,0.05,513.0
30004351,100068,200008,3,2025-09-01,2025-09-08,Credit Card,Rep_Sara,0.0,960.0
30004352,100091,200010,3,2025-01-02,2025-01-04,Credit Card,Rep_Ahmed,0.0,360.0
30004353,100084,200008,1,2025-05-27,2025-05-28,Bank Transfer,Rep_Omar,0.0,320.0
30004354,100025,200003,3,2024-11-09,2024-11-14,Mobile Wallet,Rep_Sara,0.0,540.0
30004355,100055,200009,5,2024-12-10,2024-12-15,Credit Card,Rep_Ahmed,0.05,760.0
30004356,100081,200006,1,2025-07-03,2025-07-04,Cash,Rep_Ahmed,0.1,899.1
30004357,100084,200003,4,2025-06-25,2025-07-01,Credit Card,Rep_Sara,0.1,648.0
30004358,100093,200010,1,2024-12-10,2024-12-13,Credit Card,Rep_Sara,0.05,114.0
30004359,100024,200006,4,2025-05-12,2025-05-19,Mobile Wallet,Rep_Omar,0.05,3796.2
30004360,100062,200002,1,2024-11-18,2024-11-24,Credit Card,Rep_Omar,0.0,1199.0
30004361,100098,200008,4,2025-01-17,2025-01-21,Bank Transfer,Rep_Mariam,0.05,1216.0
30004362,100025,200007,4,2025-05-25,2025-05-29,Cash,Rep_Omar,0.05,247.0
30004363,100040,200004,5,2025-07-24,2025-07-25,Mobile Wallet,Rep_Sara,0.0,1150.0
30004364,100038,200002,3,2024-11-21,2024-11-23,Cash,Rep_Omar,0.0,3597.0
30004365,100069,200003,5,2025-04-27,2025-05-04,Mobile Wallet,Rep_Sara,0.05,855.0
30004366,100016,200006,2,2025-07-21,2025-07-28,Mobile Wallet,Rep_Sara,0.1,1798.2
30004367,100050,200002,4,2025-01-25,2025-01-29,Credit Card,Rep_Mariam,0.0,4796.0
30004368,100051,200005,1,2024-10-01,2024-10-03,Cash,Rep_Omar,0.1,44.1
30004369,100014,200007,5,2025-03-14,2025-03-16,Credit Card,Rep_Ahmed,0.1,292.5
30004370,100098,200004,3,2024-10-14,2024-10-21,Cash,Rep_Omar,0.1,621.0
30004371,100043,200001,2,2025-08-18,2025-08-25,Cash,Rep_Omar,0.0,2598.0
30004372,100082,200009,1,2025-04-14,2025-04-16,Mobile Wallet,Rep_Mariam,0.0,160.0
30004373,100085,200006,5,2025-04-12,2025-04-16,Bank Transfer,Rep_Ahmed,0.05,4745.25
30004374,100019,200002,1,2025-03-21,2025-03-26,Cash,Rep_Mariam,0.1,1079.1
30004375,100012,200009,3,2024-11-04,2024-11-08,Cash,Rep_Ahmed,0.05,456.0
30004376,100094,200008,3,2025-01-01,2025-01-02,Bank Transfer,Rep_Mariam,0.05,912.0
30004377,100019,200006,2,2025-07-13,2025-07-16,Mobile Wallet,Rep_Sara,0.1,1798.2
30004378,100088,200001,1,2025-03-18,2025-03-21,Mobile Wallet,Rep_Omar,0.1,1169.1
30004379,100061,200007,5,2025-03-21,2025-03-23,Mobile Wallet,Rep_Ahmed,0.05,308.75
30004380,100020,200004,2,2025-01-15,2025-01-22,Credit Card,Rep_Sara,0.1,414.0
30004381,100030,200009,2,2025-03-12,2025-03-18,Credit Card,Rep_Mariam,0.0,320.0
30004382,100079,200003,5,2024-10-25,2024-11-01,Cash,Rep_Ahmed,0.05,855.0
30004383,100019,200001,5,2024-10-08,2024-10-11,Cash,Rep_Ahmed,0.05,6170.25
30004384,100025,200006,1,2025-01-25,2025-01-26,Mobile Wallet,Rep_Omar,0.05,949.05
30004385,100026,200009,5,2025-05-17,2025-05-23,Bank Transfer,Rep_Omar,0.1,720.0
30004386,100052,200002,4,2025-05-29,2025-05-31,Mobile Wallet,Rep_Omar,0.05,4556.2
30004387,100047,200009,2,2025-03-23,2025-03-26,Bank Transfer,Rep_Sara,0.1,288.0
30004388,100002,200003,1,2025-08-23,2025-08-25,Cash,Rep_Mariam,0.05,171.0
30004389,100077,200007,5,2025-08-07,2025-08-14,Credit Card,Rep_Sara,0.1,292.5
30004390,100095,200007,4,2024-10-09,2024-10-13,Mobile Wallet,Rep_Sara,0.05,247.0
30004391,100028,200002,5,2025-03-24,2025-03-28,Credit Card,Rep_Sara,0.1,5395.5
30004392,100055,200009,5,2025-09-01,2025-09-06,Bank Transfer,Rep_Sara,0.1,720.0
30004393,100056,200002,2,2025-07-07,2025-07-10,Bank Transfer,Rep_Sara,0.0,2398.0
30004394,100033,200004,4,2025-07-16,2025-07-21,Cash,Rep_Ahmed,0.1,828.0
30004395,100045,200004,1,2024-10-15,2024-10-20,Credit Card,Rep_Mariam,0.0,230.0
30004396,100092,200001,2,2025-01-29,2025-02-03,Cash,Rep_Ahmed,0.1,2338.2
30004397,100045,200005,4,2025-04-22,2025-04-24,Bank Transfer,Rep_Ahmed,0.0,196.0
30004398,100087,200004,4,2024-11-24,2024-11-26,Mobile Wallet,Rep_Ahmed,0.1,828.0
30004399,100075,200006,1,2025-05-14,2025-05-16,Bank Transfer,Rep_Sara,0.1,899.1
30004400,100027,200006,1,2024-11-25,2024-12-01,Bank Transfer,Rep_Omar,0.0,999.0
30004401,100068,200008,1,2025-01-24,2025-01-31,Bank Transfer,Rep_Sara,0.0,320.0
30004402,100088,200001,1,2025-07-11,2025-07-18,Mobile Wallet,Rep_Ahmed,0.1,1169.1
30004403,100068,200010,1,2025-02-01,2025-02-02,Bank Transfer,Rep_Mariam,0.05,114.0
30004404,100011,200005,4,2025-06-02,2025-06-04,Cash,Rep_Ahmed,0.0,196.0
30004405,100020,200004,2,2025-05-22,2025-05-26,Mobile Wallet,Rep_Omar,0.1,414.0
30004406,100087,200006,2,2025-06-21,2025-06-22,Mobile Wallet,Rep_Mariam,0.1,1798.2
30004407,100009,200001,1,2025-02-24,2025-02-28,Mobile Wallet,Rep_Ahmed,0.0,1299.0
30004408,100058,200001,1,2025-05-20,2025-05-21,Mobile Wallet,Rep_Mariam,0.05,1234.05
30004409,100016,200003,5,2025-07-24,2025-07-31,Mobile Wallet,Rep_Omar,0.0,900.0
30004410,100085,200004,1,2025-05-12,2025-05-18,Credit Card,Rep_Mariam,0.0,230.0
30004411,100072,200007,3,2024-12-23,2024-12-30,Mobile Wallet,Rep_Sara,0.1,175.5
30004412,100062,200003,3,2024-10-11,2024-10-13,Credit Card,Rep_Omar,0.1,486.0
30004413,100028,200007,1,2024-10-15,2024-10-18,Bank Transfer,Rep_Sara,0.0,65.0
30004414,100100,200003,1,2024-10-26,2024-10-30,Mobile Wallet,Rep_Ahmed,0.0,180.0
30004415,100010,200004,1,2025-04-11,2025-04-12,Mobile Wallet,Rep_Mariam,0.05,218.5
30004416,100084,200003,4,2024-11-26,2024-12-03,Mobile Wallet,Rep_Mariam,0.1,648.0
30004417,100002,200001,3,2025-03-24,2025-03-28,Bank Transfer,Rep_Mariam,0.0,3897.0
30004418,100083,200004,5,2025-05-31,2025-06-04,Credit Card,Rep_Sara,0.05,1092.5
30004419,100035,200001,3,2025-04-04,2025-04-05,Bank Transfer,Rep_Ahmed,0.05,3702.15
30004420,100016,200001,5,2024-12-06,2024-12-11,Bank Transfer,Rep_Mariam,0.0,6495.0
30004421,100054,200008,2,2025-03-18,2025-03-21,Bank Transfer,Rep_Ahmed,0.0,640.0
30004422,100092,200006,2,2024-10-25,2024-10-31,Credit Card,Rep_Omar,0.1,1798.2
30004423,100011,200002,1,2025-02-15,2025-02-22,Cash,Rep_Sara,0.05,1139.05
30004424,100093,200001,1,2025-06-17,2025-06-23,Mobile Wallet,Rep_Mariam,0.1,1169.1
30004425,100031,200003,5,2024-10-02,2024-10-09,Cash,Rep_Sara,0.1,810.0
30004426,100061,200002,5,2024-11-24,2024-12-01,Credit Card,Rep_Omar,0.05,5695.25
30004427,100083,200004,2,2024-09-22,2024-09-23,Bank Transfer,Rep_Mariam,0.0,460.0
30004428,100002,200008,3,2024-10-11,2024-10-18,Bank Transfer,Rep_Omar,0.0,960.0
30004429,100007,200009,2,2025-03-14,2025-03-19,Mobile Wallet,Rep_Ahmed,0.1,288.0
30004430,100059,200008,4,2025-03-04,2025-03-05,Bank Transfer,Rep_Sara,0.05,1216.0
30004431,100084,200002,5,2025-06-29,2025-07-06,Mobile Wallet,Rep_Sara,0.1,5395.5
30004432,100079,200009,5,2025-02-20,2025-02-27,Cash,Rep_Ahmed,0.05,760.0
30004433,100031,200008,3,2025-09-03,2025-09-08,Mobile Wallet,Rep_Ahmed,0.05,912.0
30004434,100025,200010,4,2025-01-07,2025-01-14,Mobile Wallet,Rep_Ahmed,0.1,432.0
30004435,100035,200010,3,2025-05-25,2025-05-31,Credit Card,Rep_Ahmed,0.05,342.0
30004436,100018,200005,3,2025-08-05,2025-08-07,Credit Card,Rep_Mariam,0.1,132.3
30004437,100036,200007,5,2025-07-24,2025-07-25,Credit Card,Rep_Sara,0.05,308.75
30004438,100051,200008,5,2025-02-03,2025-02-10,Cash,Rep_Mariam,0.0,1600.0
30004439,100018,200006,1,2025-04-28,2025-05-02,Credit Card,Rep_Omar,0.05,949.05
30004440,100043,200010,2,2024-10-29,2024-11-04,Mobile Wallet,Rep_Omar,0.05,228.0
30004441,100021,200006,1,2025-07-31,2025-08-02,Cash,Rep_Ahmed,0.05,949.05
30004442,100055,200004,1,2025-04-06,2025-04-08,Bank Transfer,Rep_Omar,0.0,230.0
30004443,100085,200003,4,2024-12-11,2024-12-16,Credit Card,Rep_Mariam,0.0,720.0
30004444,100083,200010,5,2024-12-04,2024-12-06,Bank Transfer,Rep_Omar,0.1,540.0
30004445,100025,200007,5,2024-10-06,2024-10-09,Cash,Rep_Omar,0.0,325.0
30004446,100084,200002,1,2024-12-25,2024-12-26,Mobile Wallet,Rep_Ahmed,0.0,1199.0
30004447,100059,200004,2,2024-10-16,2024-10-23,Bank Transfer,Rep_Sara,0.05,437.0
30004448,100084,200010,1,2024-09-16,2024-09-20,Mobile Wallet,Rep_Omar,0.1,108.0
30004449,100050,200010,3,2025-08-24,2025-08-27,Credit Card,Rep_Sara,0.05,342.0
30004450,100089,200008,5,2024-11-27,2024-11-29,Bank Transfer,Rep_Mariam,0.1,1440.0
30004451,100048,200001,2,2025-05-29,2025-06-05,Mobile Wallet,Rep_Sara,0.05,2468.1
30004452,100014,200008,1,2025-06-06,2025-06-07,Bank Transfer,Rep_Sara,0.05,304.0
30004453,100014,200005,1,2025-04-15,2025-04-17,Mobile Wallet,Rep_Omar,0.05,46.55
30004454,100070,200001,4,2025-01-27,2025-02-02,Credit Card,Rep_Mariam,0.05,4936.2
30004455,100080,200002,4,2025-06-26,2025-07-03,Bank Transfer,Rep_Sara,0.0,4796.0
30004456,100050,200008,2,2025-09-14,2025-09-16,Cash,Rep_Sara,0.05,608.0
30004457,100012,200006,4,2025-08-25,2025-08-27,Credit Card,Rep_Sara,0.05,3796.2
30004458,100042,200005,3,2024-12-04,2024-12-09,Bank Transfer,Rep_Mariam,0.0,147.0
30004459,100070,200010,2,2025-08-22,2025-08-25,Bank Transfer,Rep_Mariam,0.1,216.0
30004460,100070,200010,2,2024-09-21,2024-09-27,Bank Transfer,Rep_Ahmed,0.0,240.0
30004461,100039,200005,4,2025-05-13,2025-05-16,Mobile Wallet,Rep_Sara,0.0,196.0
30004462,100063,200003,5,2025-03-28,2025-04-01,Cash,Rep_Mariam,0.05,855.0
30004463,100034,200001,5,2025-08-18,2025-08-25,Credit Card,Rep_Omar,0.0,6495.0
30004464,100091,200005,1,2025-05-01,2025-05-05,Bank Transfer,Rep_Sara,0.05,46.55
30004465,100057,200001,4,2024-12-31,2025-01-06,Cash,Rep_Sara,0.1,4676.4
30004466,100039,200004,1,2025-02-03,2025-02-09,Cash,Rep_Sara,0.1,207.0
30004467,100023,200001,5,2024-12-01,2024-12-06,Credit Card,Rep_Omar,0.1,5845.5
30004468,100056,200003,3,2025-01-13,2025-01-17,Cash,Rep_Sara,0.1,486.0
30004469,100016,200004,4,2025-03-25,2025-03-30,Cash,Rep_Mariam,0.05,874.0
30004470,100017,200001,5,2025-01-14,2025-01-21,Bank Transfer,Rep_Mariam,0.05,6170.25
30004471,100021,200006,3,2024-10-02,2024-10-08,Cash,Rep_Mariam,0.05,2847.15
30004472,100006,200009,4,2025-08-25,2025-08-29,Mobile Wallet,Rep_Sara,0.1,576.0
30004473,100063,200003,4,2024-09-16,2024-09-18,Mobile Wallet,Rep_Omar,0.1,648.0
30004474,100069,200002,3,2024-12-22,2024-12-29,Credit Card,Rep_Omar,0.0,3597.0
30004475,100078,200003,5,2025-02-03,2025-02-06,Mobile Wallet,Rep_Ahmed,0.0,900.0
30004476,100038,200008,4,2025-01-13,2025-01-14,Bank Transfer,Rep_Omar,0.0,1280.0
30004477,100043,200010,3,2024-11-15,2024-11-20,Bank Transfer,Rep_Sara,0.1,324.0
30004478,100009,200001,2,2025-04-11,2025-04-17,Credit Card,Rep_Omar,0.1,2338.2
30004479,100057,200001,4,2024-12-21,2024-12-26,Credit Card,Rep_Ahmed,0.05,4936.2
30004480,100041,200005,3,2025-02-21,2025-02-22,Mobile Wallet,Rep_Mariam,0.05,139.65
30004481,100072,200010,4,2024-09-17,2024-09-20,Cash,Rep_Sara,0.0,480.0
30004482,100060,200005,4,2025-05-24,2025-05-30,Bank Transfer,Rep_Sara,0.0,196.0
30004483,100093,200006,1,2024-11-01,2024-11-08,Bank Transfer,Rep_Ahmed,0.05,949.05
30004484,100093,200008,3,2024-10-12,2024-10-19,Bank Transfer,Rep_Mariam,0.1,864.0
30004485,100056,200005,1,2025-05-30,2025-06-06,Mobile Wallet,Rep_Sara,0.0,49.0
30004486,100007,200007,3,2025-01-24,2025-01-30,Cash,Rep_Omar,0.1,175.5
30004487,100059,200009,2,2024-11-14,2024-11-16,Bank Transfer,Rep_Omar,0.05,304.0
30004488,100074,200001,3,2025-06-02,2025-06-09,Mobile Wallet,Rep_Omar,0.0,3897.0
30004489,100004,200001,1,2025-06-16,2025-06-17,Bank Transfer,Rep_Omar,0.05,1234.05
30004490,100084,200010,2,2025-06-27,2025-07-02,Cash,Rep_Mariam,0.0,240.0
30004491,100092,200007,1,2024-09-29,2024-09-30,Credit Card,Rep_Ahmed,0.05,61.75
30004492,100022,200001,5,2025-04-04,2025-04-10,Cash,Rep_Sara,0.05,6170.25
30004493,100048,200010,4,2025-02-17,2025-02-22,Credit Card,Rep_Sara,0.0,480.0
30004494,100064,200007,5,2025-05-29,2025-06-05,Bank Transfer,Rep_Omar,0.0,325.0
30004495,100085,200009,5,2025-02-09,2025-02-14,Cash,Rep_Sara,0.05,760.0
30004496,100051,200008,1,2025-01-01,2025-01-06,Credit Card,Rep_Ahmed,0.05,304.0
30004497,100009,200002,2,2024-10-03,2024-10-10,Credit Card,Rep_Ahmed,0.05,2278.1
30004498,100035,200009,4,2025-08-22,2025-08-28,Bank Transfer,Rep_Ahmed,0.05,608.0
30004499,100065,200008,4,2025-07-01,2025-07-05,Cash,Rep_Ahmed,0.05,1216.0
30004500,100035,200009,4,2024-11-25,2024-11-28,Cash,Rep_Omar,0.0,640.0
30004501,100089,200009,1,2024-12-04,2024-12-10,Bank Transfer,Rep_Ahmed,0.0,160.0
30004502,100070,200006,3,2024-12-16,2024-12-17,Mobile Wallet,Rep_Sara,0.1,2697.3
30004503,100012,200010,2,2024-12-28,2025-01-01,Credit Card,Rep_Omar,0.05,228.0
30004504,100036,200007,1,2025-01-09,2025-01-15,Cash,Rep_Mariam,0.1,58.5
30004505,100015,200005,3,2025-04-08,2025-04-12,Credit Card,Rep_Ahmed,0.1,132.3
30004506,100033,200008,5,2025-02-19,2025-02-23,Bank Transfer,Rep_Mariam,0.0,1600.0
30004507,100040,200004,4,2025-08-05,2025-08-07,Mobile Wallet,Rep_Mariam,0.05,874.0
30004508,100036,200009,2,2025-05-27,2025-05-30,Bank Transfer,Rep_Omar,0.0,320.0
30004509,100049,200005,1,2025-08-14,2025-08-18,Mobile Wallet,Rep_Omar,0.05,46.55
30004510,100089,200005,1,2024-10-08,2024-10-09,Credit Card,Rep_Omar,0.0,49.0
30004511,100019,200004,2,2025-02-14,2025-02-18,Cash,Rep_Mariam,0.05,437.0
30004512,100028,200004,1,2025-01-03,2025-01-06,Credit Card,Rep_Sara,0.05,218.5
30004513,100008,200004,4,2025-01-04,2025-01-11,Bank Transfer,Rep_Mariam,0.05,874.0
30004514,100037,200006,2,2025-03-26,2025-03-28,Mobile Wallet,Rep_Ahmed,0.0,1998.0
30004515,100037,200009,4,2025-02-05,2025-02-12,Cash,Rep_Mariam,0.0,640.0
30004516,100074,200010,5,2025-06-22,2025-06-24,Mobile Wallet,Rep_Ahmed,0.0,600.0
30004517,100025,200009,2,2025-02-11,2025-02-15,Mobile Wallet,Rep_Mariam,0.05,304.0
30004518,100009,200003,3,2025-01-21,2025-01-28,Cash,Rep_Ahmed,0.05,513.0
30004519,100021,200006,5,2024-12-18,2024-12-22,Credit Card,Rep_Mariam,0.0,4995.0
30004520,100086,200004,2,2025-07-09,2025-07-15,Bank Transfer,Rep_Sara,0.0,460.0
30004521,100038,200007,5,2024-10-08,2024-10-14,Credit Card,Rep_Omar,0.0,325.0
30004522,100029,200005,4,2025-08-26,2025-08-30,Credit Card,Rep_Ahmed,0.05,186.2
30004523,100037,200008,2,2025-08-02,2025-08-08,Cash,Rep_Sara,0.1,576.0
30004524,100056,200010,4,2025-01-18,2025-01-25,Bank Transfer,Rep_Ahmed,0.0,480.0
30004525,100035,200009,1,2024-12-25,2024-12-27,Credit Card,Rep_Omar,0.0,160.0
30004526,100099,200006,4,2025-01-05,2025-01-11,Bank Transfer,Rep_Mariam,0.0,3996.0
30004527,100065,200007,4,2024-11-12,2024-11-13,Mobile Wallet,Rep_Omar,0.05,247.0
30004528,100092,200005,5,2025-02-01,2025-02-04,Credit Card,Rep_Sara,0.0,245.0
30004529,100060,200001,1,2025-04-14,2025-04-21,Mobile Wallet,Rep_Ahmed,0.1,1169.1
30004530,100026,200006,4,2025-07-28,2025-08-03,Credit Card,Rep_Omar,0.05,3796.2
30004531,100022,200010,4,2025-07-19,2025-07-24,Bank Transfer,Rep_Ahmed,0.1,432.0
30004532,100094,200005,1,2024-11-25,2024-12-01,Bank Transfer,Rep_Ahmed,0.1,44.1
30004533,100088,200001,4,2024-11-07,2024-11-08,Bank Transfer,Rep_Omar,0.1,4676.4
30004534,100035,200005,2,2025-04-12,2025-04-15,Cash,Rep_Ahmed,0.1,88.2
30004535,100008,200005,4,2025-06-03,2025-06-08,Bank Transfer,Rep_Omar,0.0,196.0
30004536,100009,200003,4,2025-08-20,2025-08-27,Bank Transfer,Rep_Sara,0.0,720.0
30004537,100078,200008,5,2025-01-22,2025-01-24,Bank Transfer,Rep_Mariam,0.1,1440.0
30004538,100044,200001,2,2025-02-28,2025-03-04,Credit Card,Rep_Sara,0.1,2338.2
30004539,100056,200005,1,2025-06-07,2025-06-12,Mobile Wallet,Rep_Sara,0.1,44.1
30004540,100089,200004,3,2025-06-23,2025-06-30,Mobile Wallet,Rep_Ahmed,0.05,655.5
30004541,100099,200006,2,2024-10-24,2024-10-31,Bank Transfer,Rep_Ahmed,0.05,1898.1
30004542,100028,200007,3,2025-02-24,2025-02-28,Cash,Rep_Sara,0.1,175.5
30004543,100005,200008,1,2024-12-06,2024-12-13,Cash,Rep_Omar,0.1,288.0
30004544,100011,200005,5,2024-12-11,2024-12-12,Cash,Rep_Omar,0.1,220.5
30004545,100046,200010,4,2025-03-21,2025-03-25,Credit Card,Rep_Mariam,0.0,480.0
30004546,100083,200005,2,2025-02-11,2025-02-13,Credit Card,Rep_Mariam,0.0,98.0
30004547,100040,200008,2,2025-01-12,2025-01-13,Cash,Rep_Sara,0.1,576.0
30004548,100099,200003,4,2024-09-24,2024-09-28,Cash,Rep_Sara,0.0,720.0
30004549,100094,200007,5,2025-01-29,2025-02-01,Credit Card,Rep_Mariam,0.1,292.5
30004550,100071,200002,3,2025-04-25,2025-05-02,Mobile Wallet,Rep_Sara,0.1,3237.3
30004551,100093,200001,4,2025-06-20,2025-06-21,Credit Card,Rep_Ahmed,0.0,5196.0
30004552,100096,200003,3,2025-07-19,2025-07-26,Cash,Rep_Mariam,0.05,513.0
30004553,100054,200007,1,2025-05-09,2025-05-15,Cash,Rep_Mariam,0.0,65.0
30004554,100059,200009,5,2025-06-06,2025-06-12,Cash,Rep_Omar,0.1,720.0
30004555,100023,200003,5,2025-03-25,2025-03-26,Bank Transfer,Rep_Sara,0.0,900.0
30004556,100072,200008,5,2025-04-29,2025-04-30,Cash,Rep_Ahmed,0.1,1440.0
30004557,100072,200006,5,2024-10-19,2024-10-22,Cash,Rep_Mariam,0.05,4745.25
30004558,100092,200010,4,2024-09-21,2024-09-27,Cash,Rep_Omar,0.05,456.0
30004559,100059,200006,2,2025-07-26,2025-07-31,Mobile Wallet,Rep_Ahmed,0.05,1898.1
30004560,100011,200006,3,2025-01-13,2025-01-18,Bank Transfer,Rep_Omar,0.0,2997.0
30004561,100086,200009,3,2025-01-27,2025-01-30,Mobile Wallet,Rep_Sara,0.1,432.0
30004562,100068,200010,4,2025-07-03,2025-07-09,Bank Transfer,Rep_Ahmed,0.05,456.0
30004563,100039,200002,4,2025-02-27,2025-03-05,Bank Transfer,Rep_Omar,0.1,4316.4
30004564,100062,200009,2,2025-04-25,2025-04-28,Cash,Rep_Omar,0.1,288.0
30004565,100082,200003,1,2024-10-07,2024-10-11,Cash,Rep_Mariam,0.0,180.0
30004566,100059,200005,2,2025-03-05,2025-03-10,Mobile Wallet,Rep_Sara,0.0,98.0
30004567,100080,200002,1,2025-06-14,2025-06-18,Credit Card,Rep_Sara,0.1,1079.1
30004568,100035,200010,1,2025-08-21,2025-08-22,Credit Card,Rep_Omar,0.05,114.0
30004569,100085,200008,2,2025-07-08,2025-07-10,Bank Transfer,Rep_Sara,0.1,576.0
30004570,100025,200002,3,2024-12-30,2025-01-03,Cash,Rep_Omar,0.1,3237.3
30004571,100032,200004,4,2025-08-14,2025-08-18,Mobile Wallet,Rep_Sara,0.0,920.0
30004572,100009,200003,5,2024-09-29,2024-10-04,Credit Card,Rep_Ahmed,0.05,855.0
30004573,100017,200009,4,2025-06-11,2025-06-17,Bank Transfer,Rep_Ahmed,0.0,640.0
30004574,100009,200003,3,2024-12-28,2024-12-31,Cash,Rep_Ahmed,0.05,513.0
30004575,100067,200002,5,2024-12-12,2024-12-15,Cash,Rep_Mariam,0.05,5695.25
30004576,100063,200006,4,2025-02-09,2025-02-13,Cash,Rep_Omar,0.0,3996.0
30004577,100047,200010,2,2025-03-20,2025-03-24,Cash,Rep_Ahmed,0.05,228.0
30004578,100032,200009,2,2025-02-20,2025-02-23,Bank Transfer,Rep_Ahmed,0.0,320.0
30004579,100072,200002,5,2025-04-29,2025-04-30,Credit Card,Rep_Omar,0.05,5695.25
30004580,100091,200004,2,2025-02-01,2025-02-02,Cash,Rep_Omar,0.0,460.0
30004581,100008,200008,5,2025-04-26,2025-05-02,Bank Transfer,Rep_Sara,0.05,1520.0
30004582,100050,200005,3,2024-10-31,2024-11-07,Credit Card,Rep_Mariam,0.1,132.3
30004583,100059,200002,4,2024-11-28,2024-11-29,Mobile Wallet,Rep_Sara,0.0,4796.0
30004584,100060,200007,2,2025-04-15,2025-04-19,Bank Transfer,Rep_Ahmed,0.1,117.0
30004585,100016,200003,1,2024-10-09,2024-10-14,Cash,Rep_Sara,0.0,180.0
30004586,100080,200009,1,2024-11-24,2024-11-26,Credit Card,Rep_Ahmed,0.0,160.0
30004587,100062,200010,4,2025-08-11,2025-08-14,Cash,Rep_Ahmed,0.0,480.0
30004588,100035,200005,1,2024-11-16,2024-11-18,Credit Card,Rep_Ahmed,0.05,46.55
30004589,100077,200010,3,2025-01-03,2025-01-06,Mobile Wallet,Rep_Omar,0.0,360.0
30004590,100037,200007,4,2025-02-09,2025-02-13,Bank Transfer,Rep_Sara,0.0,260.0
30004591,100040,200008,2,2025-04-03,2025-04-04,Cash,Rep_Mariam,0.0,640.0
30004592,100084,200003,3,2025-01-12,2025-01-19,Mobile Wallet,Rep_Omar,0.0,540.0
30004593,100086,200008,5,2025-04-01,2025-04-08,Mobile Wallet,Rep_Sara,0.0,1600.0
30004594,100044,200010,5,2025-03-28,2025-04-02,Cash,Rep_Omar,0.0,600.0
30004595,100077,200003,3,2025-01-07,2025-01-14,Credit Card,Rep_Mariam,0.1,486.0
30004596,100018,200004,1,2025-05-19,2025-05-24,Bank Transfer,Rep_Ahmed,0.0,230.0
30004597,100090,200008,4,2025-08-06,2025-08-13,Credit Card,Rep_Omar,0.05,1216.0
30004598,100013,200004,2,2025-07-26,2025-07-27,Mobile Wallet,Rep_Sara,0.1,414.0
30004599,100025,200010,4,2025-09-04,2025-09-11,Mobile Wallet,Rep_Mariam,0.0,480.0
30004600,100063,200009,4,2025-09-11,2025-09-14,Bank Transfer,Rep_Omar,0.1,576.0
30004601,100047,200003,5,2025-06-10,2025-06-17,Mobile Wallet,Rep_Omar,0.0,900.0
30004602,100068,200001,5,2025-02-18,2025-02-22,Cash,Rep_Ahmed,0.1,5845.5
30004603,100062,200003,1,2024-10-18,2024-10-22,Mobile Wallet,Rep_Mariam,0.0,180.0
30004604,100091,200010,1,2025-05-27,2025-05-28,Cash,Rep_Omar,0.0,120.0
30004605,100008,200001,5,2024-10-05,2024-10-09,Credit Card,Rep_Omar,0.1,5845.5
30004606,100001,200001,3,2025-03-18,2025-03-20,Mobile Wallet,Rep_Omar,0.05,3702.15
30004607,100081,200007,1,2025-06-20,2025-06-23,Bank Transfer,Rep_Ahmed,0.1,58.5
30004608,100016,200003,3,2024-11-29,2024-12-02,Cash,Rep_Omar,0.05,513.0
30004609,100073,200008,4,2024-10-11,2024-10-12,Mobile Wallet,Rep_Ahmed,0.05,1216.0
30004610,100088,200001,4,2025-01-12,2025-01-15,Credit Card,Rep_Mariam,0.05,4936.2
30004611,100004,200009,3,2025-04-16,2025-04-22,Cash,Rep_Omar,0.1,432.0
30004612,100052,200008,5,2025-08-28,2025-09-03,Mobile Wallet,Rep_Ahmed,0.0,1600.0
30004613,100084,200009,1,2025-06-17,2025-06-19,Cash,Rep_Sara,0.1,144.0
30004614,100066,200009,3,2025-06-11,2025-06-16,Bank Transfer,Rep_Ahmed,0.1,432.0
30004615,100097,200004,2,2025-02-13,2025-02-20,Bank Transfer,Rep_Sara,0.0,460.0
30004616,100087,200006,5,2025-06-13,2025-06-17,Cash,Rep_Omar,0.1,4495.5
30004617,100020,200005,3,2025-07-08,2025-07-14,Bank Transfer,Rep_Ahmed,0.0,147.0
30004618,100096,200003,1,2024-12-04,2024-12-06,Mobile Wallet,Rep_Ahmed,0.0,180.0
30004619,100083,200010,4,2025-01-03,2025-01-08,Mobile Wallet,Rep_Omar,0.05,456.0
30004620,100086,200007,1,2025-05-14,2025-05-21,Mobile Wallet,Rep_Ahmed,0.1,58.5
30004621,100025,200003,2,2024-12-07,2024-12-09,Cash,Rep_Sara,0.0,360.0
30004622,100069,200001,5,2025-01-08,2025-01-14,Credit Card,Rep_Mariam,0.0,6495.0
30004623,100027,200008,2,2025-06-18,2025-06-22,Cash,Rep_Ahmed,0.0,640.0
30004624,100030,200005,2,2025-04-04,2025-04-07,Bank Transfer,Rep_Ahmed,0.05,93.1
30004625,100003,200007,4,2025-08-29,2025-08-30,Bank Transfer,Rep_Mariam,0.1,234.0
30004626,100074,200002,4,2025-07-13,2025-07-19,Cash,Rep_Sara,0.1,4316.4
30004627,100027,200010,3,2024-11-10,2024-11-17,Bank Transfer,Rep_Ahmed,0.05,342.0
30004628,100045,200006,5,2025-05-22,2025-05-26,Bank Transfer,Rep_Omar,0.1,4495.5
30004629,100004,200003,1,2025-03-27,2025-04-01,Cash,Rep_Omar,0.05,171.0
30004630,100004,200003,4,2025-08-18,2025-08-23,Cash,Rep_Omar,0.05,684.0
30004631,100031,200002,2,2025-03-16,2025-03-23,Mobile Wallet,Rep_Sara,0.0,2398.0
30004632,100049,200007,4,2025-07-21,2025-07-24,Bank Transfer,Rep_Omar,0.1,234.0
30004633,100093,200005,5,2025-06-14,2025-06-21,Mobile Wallet,Rep_Omar,0.0,245.0
30004634,100006,200004,3,2025-04-24,2025-04-25,Mobile Wallet,Rep_Sara,0.05,655.5
30004635,100040,200004,3,2025-06-11,2025-06-16,Mobile Wallet,Rep_Mariam,0.0,690.0
30004636,100030,200003,5,2024-11-26,2024-11-30,Cash,Rep_Ahmed,0.1,810.0
30004637,100051,200009,4,2024-11-18,2024-11-25,Bank Transfer,Rep_Ahmed,0.1,576.0
30004638,100051,200001,3,2025-04-17,2025-04-18,Cash,Rep_Mariam,0.0,3897.0
30004639,100062,200004,5,2025-07-31,2025-08-05,Mobile Wallet,Rep_Sara,0.1,1035.0
30004640,100011,200004,2,2025-05-22,2025-05-23,Bank Transfer,Rep_Ahmed,0.05,437.0
30004641,100099,200009,3,2024-10-19,2024-10-24,Cash,Rep_Omar,0.05,456.0
30004642,100007,200006,5,2025-01-24,2025-01-29,Cash,Rep_Omar,0.05,4745.25
30004643,100022,200010,5,2025-06-29,2025-07-06,Cash,Rep_Omar,0.05,570.0
30004644,100007,200009,5,2025-03-04,2025-03-05,Mobile Wallet,Rep_Ahmed,0.05,760.0
30004645,100051,200010,4,2025-03-30,2025-04-02,Bank Transfer,Rep_Sara,0.1,432.0
30004646,100079,200009,5,2025-05-04,2025-05-10,Credit Card,Rep_Omar,0.05,760.0
30004647,100015,200010,1,2025-05-10,2025-05-15,Bank Transfer,Rep_Omar,0.05,114.0
30004648,100021,200005,2,2024-12-28,2024-12-29,Credit Card,Rep_Ahmed,0.05,93.1
30004649,100015,200005,3,2025-03-02,2025-03-06,Mobile Wallet,Rep_Omar,0.05,139.65
30004650,100050,200009,4,2024-10-24,2024-10-27,Cash,Rep_Mariam,0.1,576.0
30004651,100068,200007,4,2024-12-21,2024-12-23,Mobile Wallet,Rep_Omar,0.05,247.0
30004652,100096,200007,1,2025-02-15,2025-02-22,Cash,Rep_Omar,0.05,61.75
30004653,100085,200006,5,2024-10-24,2024-10-25,Cash,Rep_Sara,0.05,4745.25
30004654,100071,200003,3,2025-05-30,2025-06-04,Mobile Wallet,Rep_Ahmed,0.05,513.0
30004655,100082,200006,5,2024-12-30,2025-01-05,Credit Card,Rep_Mariam,0.1,4495.5
30004656,100097,200005,1,2025-08-29,2025-09-04,Mobile Wallet,Rep_Ahmed,0.0,49.0
30004657,100036,200005,4,2025-04-06,2025-04-13,Cash,Rep_Ahmed,0.05,186.2
30004658,100011,200007,3,2025-03-26,2025-03-30,Cash,Rep_Omar,0.05,185.25
30004659,100091,200003,4,2025-04-07,2025-04-14,Bank Transfer,Rep_Ahmed,0.0,720.0
30004660,100074,200002,5,2025-01-25,2025-02-01,Credit Card,Rep_Mariam,0.05,5695.25
30004661,100100,200009,4,2025-06-04,2025-06-08,Credit Card,Rep_Sara,0.1,576.0
30004662,100027,200006,5,2025-06-24,2025-06-29,Credit Card,Rep_Ahmed,0.0,4995.0
30004663,100085,200004,2,2024-11-15,2024-11-21,Credit Card,Rep_Sara,0.1,414.0
30004664,100003,200001,1,2025-09-09,2025-09-10,Mobile Wallet,Rep_Mariam,0.1,1169.1
30004665,100012,200003,2,2025-03-06,2025-03-11,Cash,Rep_Mariam,0.0,360.0
30004666,100003,200004,1,2024-12-28,2025-01-04,Cash,Rep_Sara,0.0,230.0
30004667,100097,200009,3,2024-11-26,2024-12-03,Bank Transfer,Rep_Sara,0.1,432.0
30004668,100087,200003,4,2025-09-14,2025-09-19,Mobile Wallet,Rep_Mariam,0.1,648.0
30004669,100050,200007,2,2025-06-03,2025-06-06,Credit Card,Rep_Omar,0.1,117.0
30004670,100046,200003,5,2025-03-27,2025-03-29,Bank Transfer,Rep_Mariam,0.0,900.0
30004671,100064,200002,2,2025-04-07,2025-04-10,Bank Transfer,Rep_Omar,0.05,2278.1
30004672,100038,200002,5,2025-05-08,2025-05-13,Cash,Rep_Ahmed,0.0,5995.0
30004673,100019,200010,4,2025-07-01,2025-07-03,Mobile Wallet,Rep_Ahmed,0.0,480.0
30004674,100003,200001,2,2025-03-24,2025-03-28,Credit Card,Rep_Mariam,0.0,2598.0
30004675,100076,200001,3,2025-09-03,2025-09-10,Mobile Wallet,Rep_Sara,0.05,3702.15
30004676,100064,200007,1,2025-07-10,2025-07-17,Cash,Rep_Omar,0.05,61.75
30004677,100014,200008,2,2025-02-11,2025-02-12,Mobile Wallet,Rep_Sara,0.05,608.0
30004678,100069,200003,1,2025-05-30,2025-06-03,Bank Transfer,Rep_Omar,0.0,180.0
30004679,100043,200004,1,2025-07-19,2025-07-22,Credit Card,Rep_Sara,0.1,207.0
30004680,100012,200002,3,2025-04-21,2025-04-26,Bank Transfer,Rep_Ahmed,0.0,3597.0
30004681,100088,200002,3,2024-09-27,2024-09-29,Mobile Wallet,Rep_Sara,0.1,3237.3
30004682,100092,200005,3,2025-04-17,2025-04-24,Cash,Rep_Ahmed,0.1,132.3
30004683,100077,200003,2,2025-07-30,2025-08-03,Credit Card,Rep_Omar,0.1,324.0
30004684,100089,200008,3,2025-08-01,2025-08-03,Credit Card,Rep_Mariam,0.05,912.0
30004685,100054,200006,3,2024-09-27,2024-09-28,Bank Transfer,Rep_Sara,0.05,2847.15
30004686,100061,200009,3,2024-12-07,2024-12-08,Credit Card,Rep_Mariam,0.05,456.0
30004687,100020,200008,2,2025-04-05,2025-04-07,Mobile Wallet,Rep_Sara,0.0,640.0
30004688,100073,200001,3,2025-08-13,2025-08-20,Mobile Wallet,Rep_Sara,0.0,3897.0
30004689,100016,200009,5,2025-03-14,2025-03-19,Credit Card,Rep_Omar,0.0,800.0
30004690,100032,200010,1,2024-12-10,2024-12-11,Mobile Wallet,Rep_Omar,0.05,114.0
30004691,100082,200002,1,2025-06-28,2025-07-05,Credit Card,Rep_Sara,0.1,1079.1
30004692,100023,200001,4,2025-05-03,2025-05-09,Mobile Wallet,Rep_Ahmed,0.0,5196.0
30004693,100018,200003,5,2025-06-17,2025-06-24,Cash,Rep_Mariam,0.1,810.0
30004694,100088,200008,4,2025-02-21,2025-02-27,Credit Card,Rep_Sara,0.0,1280.0
30004695,100063,200009,4,2025-06-15,2025-06-18,Cash,Rep_Ahmed,0.05,608.0
30004696,100041,200008,1,2025-02-10,2025-02-16,Bank Transfer,Rep_Mariam,0.05,304.0
30004697,100077,200003,5,2025-04-11,2025-04-13,Cash,Rep_Ahmed,0.0,900.0
30004698,100071,200006,1,2024-10-28,2024-10-31,Bank Transfer,Rep_Mariam,0.1,899.1
30004699,100077,200003,3,2024-11-05,2024-11-09,Bank Transfer,Rep_Ahmed,0.1,486.0
30004700,100041,200009,4,2024-09-22,2024-09-25,Credit Card,Rep_Ahmed,0.0,640.0
30004701,100094,200001,2,2025-08-20,2025-08-25,Bank Transfer,Rep_Mariam,0.1,2338.2
30004702,100090,200009,4,2025-05-05,2025-05-11,Cash,Rep_Omar,0.1,576.0
30004703,100066,200007,1,2025-05-15,2025-05-18,Mobile Wallet,Rep_Ahmed,0.05,61.75
30004704,100046,200004,1,2025-04-16,2025-04-18,Mobile Wallet,Rep_Mariam,0.1,207.0
30004705,100065,200005,3,2025-08-18,2025-08-23,Cash,Rep_Mariam,0.05,139.65
30004706,100067,200007,1,2024-11-14,2024-11-17,Mobile Wallet,Rep_Omar,0.1,58.5
30004707,100093,200001,3,2025-01-04,2025-01-05,Bank Transfer,Rep_Mariam,0.0,3897.0
30004708,100087,200006,4,2025-09-10,2025-09-14,Credit Card,Rep_Ahmed,0.1,3596.4
30004709,100020,200004,2,2025-07-19,2025-07-20,Credit Card,Rep_Sara,0.0,460.0
30004710,100007,200005,5,2025-02-03,2025-02-06,Cash,Rep_Ahmed,0.1,220.5
30004711,100083,200006,3,2025-09-12,2025-09-15,Bank Transfer,Rep_Mariam,0.0,2997.0
30004712,100021,200003,2,2025-07-03,2025-07-08,Cash,Rep_Omar,0.05,342.0
30004713,100075,200008,2,2025-07-12,2025-07-14,Credit Card,Rep_Omar,0.05,608.0
30004714,100058,200004,5,2025-08-31,2025-09-07,Bank Transfer,Rep_Sara,0.0,1150.0
30004715,100092,200003,5,2024-12-17,2024-12-20,Mobile Wallet,Rep_Ahmed,0.1,810.0
30004716,100019,200003,1,2025-02-05,2025-02-06,Bank Transfer,Rep_Mariam,0.1,162.0
30004717,100006,200006,4,2025-09-10,2025-09-13,Cash,Rep_Sara,0.1,3596.4
30004718,100079,200002,4,2025-04-12,2025-04-18,Cash,Rep_Mariam,0.0,4796.0
30004719,100084,200006,4,2025-04-16,2025-04-22,Bank Transfer,Rep_Omar,0.05,3796.2
30004720,100072,200004,4,2024-10-07,2024-10-12,Mobile Wallet,Rep_Mariam,0.1,828.0
30004721,100006,200009,4,2025-07-17,2025-07-21,Mobile Wallet,Rep_Sara,0.05,608.0
30004722,100085,200010,4,2024-10-06,2024-10-09,Bank Transfer,Rep_Omar,0.0,480.0
30004723,100084,200010,4,2024-10-29,2024-11-05,Credit Card,Rep_Ahmed,0.0,480.0
30004724,100092,200001,5,2025-07-23,2025-07-30,Credit Card,Rep_Omar,0.1,5845.5
30004725,100018,200002,2,2024-11-06,2024-11-11,Credit Card,Rep_Ahmed,0.0,2398.0
30004726,100094,200004,1,2025-03-10,2025-03-17,Bank Transfer,Rep_Omar,0.05,218.5
30004727,100013,200003,5,2025-05-23,2025-05-26,Cash,Rep_Sara,0.0,900.0
30004728,100040,200005,4,2024-12-22,2024-12-26,Credit Card,Rep_Mariam,0.1,176.4
30004729,100045,200006,3,2025-01-22,2025-01-24,Cash,Rep_Mariam,0.1,2697.3
30004730,100042,200010,1,2024-10-30,2024-11-04,Cash,Rep_Omar,0.05,114.0
30004731,100017,200002,3,2024-12-17,2024-12-20,Mobile Wallet,Rep_Mariam,0.05,3417.15
30004732,100027,200008,2,2025-08-15,2025-08-22,Mobile Wallet,Rep_Omar,0.1,576.0
30004733,100095,200001,4,2024-11-14,2024-11-21,Mobile Wallet,Rep_Mariam,0.05,4936.2
30004734,100009,200010,1,2024-12-18,2024-12-24,Cash,Rep_Sara,0.05,114.0
30004735,100089,200007,3,2025-04-15,2025-04-18,Credit Card,Rep_Mariam,0.1,175.5
30004736,100090,200003,4,2024-12-14,2024-12-18,Mobile Wallet,Rep_Ahmed,0.0,720.0
30004737,100006,200002,5,2025-08-09,2025-08-11,Mobile Wallet,Rep_Sara,0.0,5995.0
30004738,100098,200001,5,2025-02-16,2025-02-17,Cash,Rep_Sara,0.1,5845.5
30004739,100065,200010,4,2024-11-07,2024-11-10,Cash,Rep_Mariam,0.05,456.0
30004740,100037,200009,2,2025-04-26,2025-05-03,Credit Card,Rep_Mariam,0.1,288.0
30004741,100011,200001,1,2024-12-25,2025-01-01,Cash,Rep_Sara,0.05,1234.05
30004742,100056,200004,1,2025-03-03,2025-03-04,Bank Transfer,Rep_Mariam,0.0,230.0
30004743,100022,200002,3,2025-04-10,2025-04-12,Bank Transfer,Rep_Mariam,0.0,3597.0
30004744,100012,200007,3,2025-01-13,2025-01-18,Mobile Wallet,Rep_Ahmed,0.05,185.25
30004745,100061,200006,3,2025-09-13,2025-09-19,Cash,Rep_Mariam,0.0,2997.0
30004746,100074,200009,5,2025-03-06,2025-03-11,Bank Transfer,Rep_Omar,0.05,760.0
30004747,100040,200010,4,2025-03-20,2025-03-25,Credit Card,Rep_Omar,0.0,480.0
30004748,100069,200004,5,2025-02-10,2025-02-16,Bank Transfer,Rep_Omar,0.0,1150.0
30004749,100059,200009,1,2025-04-04,2025-04-09,Credit Card,Rep_Ahmed,0.0,160.0
30004750,100080,200001,5,2025-01-11,2025-01-17,Mobile Wallet,Rep_Omar,0.1,5845.5
30004751,100075,200009,1,2025-08-30,2025-09-06,Cash,Rep_Sara,0.05,152.0
30004752,100033,200003,2,2025-04-23,2025-04-24,Mobile Wallet,Rep_Sara,0.0,360.0
30004753,100087,200001,5,2025-03-24,2025-03-25,Mobile Wallet,Rep_Ahmed,0.1,5845.5
30004754,100048,200001,2,2025-07-28,2025-07-30,Cash,Rep_Mariam,0.0,2598.0
30004755,100011,200008,3,2025-08-19,2025-08-24,Credit Card,Rep_Sara,0.1,864.0
30004756,100084,200001,1,2025-04-12,2025-04-18,Bank Transfer,Rep_Sara,0.1,1169.1
30004757,100063,200005,3,2025-04-19,2025-04-23,Credit Card,Rep_Omar,0.0,147.0
30004758,100087,200002,4,2024-12-23,2024-12-30,Mobile Wallet,Rep_Sara,0.05,4556.2
30004759,100091,200002,1,2025-05-12,2025-05-18,Mobile Wallet,Rep_Sara,0.0,1199.0
30004760,100098,200007,4,2024-12-19,2024-12-21,Credit Card,Rep_Sara,0.1,234.0
30004761,100095,200001,3,2025-01-20,2025-01-26,Bank Transfer,Rep_Ahmed,0.0,3897.0
30004762,100022,200002,4,2024-10-02,2024-10-08,Bank Transfer,Rep_Mariam,0.1,4316.4
30004763,100031,200007,5,2025-04-09,2025-04-11,Bank Transfer,Rep_Mariam,0.1,292.5
30004764,100006,200009,4,2025-02-01,2025-02-02,Credit Card,Rep_Sara,0.05,608.0
30004765,100089,200006,4,2025-04-03,2025-04-05,Credit Card,Rep_Mariam,0.0,3996.0
30004766,100054,200006,5,2025-09-12,2025-09-15,Bank Transfer,Rep_Sara,0.05,4745.25
30004767,100053,200005,4,2025-04-08,2025-04-14,Credit Card,Rep_Sara,0.0,196.0
30004768,100046,200002,3,2025-08-28,2025-08-31,Bank Transfer,Rep_Ahmed,0.1,3237.3
30004769,100084,200007,2,2025-08-02,2025-08-05,Cash,Rep_Omar,0.0,130.0
30004770,100059,200005,5,2025-05-31,2025-06-06,Cash,Rep_Ahmed,0.05,232.75
30004771,100006,200002,3,2025-05-12,2025-05-13,Credit Card,Rep_Sara,0.1,3237.3
30004772,100019,200009,5,2024-12-18,2024-12-19,Credit Card,Rep_Mariam,0.1,720.0
30004773,100055,200004,3,2025-05-08,2025-05-12,Bank Transfer,Rep_Mariam,0.1,621.0
30004774,100017,200004,2,2025-07-22,2025-07-23,Cash,Rep_Sara,0.1,414.0
30004775,100040,200004,1,2024-11-22,2024-11-23,Cash,Rep_Omar,0.0,230.0
30004776,100037,200004,2,2025-06-04,2025-06-10,Credit Card,Rep_Sara,0.0,460.0
30004777,100082,200009,1,2024-12-19,2024-12-22,Credit Card,Rep_Ahmed,0.1,144.0
30004778,100060,200006,3,2025-02-27,2025-03-06,Credit Card,Rep_Omar,0.0,2997.0
30004779,100030,200006,5,2024-11-19,2024-11-24,Mobile Wallet,Rep_Ahmed,0.0,4995.0
30004780,100084,200008,2,2025-04-22,2025-04-23,Bank Transfer,Rep_Sara,0.05,608.0
30004781,100036,200004,4,2025-05-13,2025-05-18,Credit Card,Rep_Mariam,0.1,828.0
30004782,100002,200007,2,2024-11-28,2024-12-05,Bank Transfer,Rep_Mariam,0.0,130.0
30004783,100023,200003,5,2025-03-06,2025-03-07,Bank Transfer,Rep_Mariam,0.0,900.0
30004784,100092,200010,4,2025-06-26,2025-06-30,Bank Transfer,Rep_Omar,0.0,480.0
30004785,100023,200003,2,2025-07-28,2025-07-30,Cash,Rep_Sara,0.05,342.0
30004786,100021,200004,2,2025-08-11,2025-08-15,Cash,Rep_Sara,0.05,437.0
30004787,100086,200008,5,2025-01-16,2025-01-17,Mobile Wallet,Rep_Ahmed,0.0,1600.0
30004788,100009,200005,3,2024-10-30,2024-11-01,Cash,Rep_Ahmed,0.0,147.0
30004789,100057,200005,1,2024-09-30,2024-10-01,Cash,Rep_Sara,0.05,46.55
30004790,100034,200002,5,2025-07-23,2025-07-28,Bank Transfer,Rep_Mariam,0.1,5395.5
30004791,100027,200003,3,2025-01-13,2025-01-19,Bank Transfer,Rep_Ahmed,0.0,540.0
30004792,100074,200003,1,2024-10-24,2024-10-28,Cash,Rep_Ahmed,0.05,171.0
30004793,100067,200006,4,2025-07-13,2025-07-17,Credit Card,Rep_Sara,0.1,3596.4
30004794,100016,200007,2,2025-07-30,2025-08-03,Mobile Wallet,Rep_Ahmed,0.0,130.0
30004795,100064,200010,1,2025-01-13,2025-01-16,Bank Transfer,Rep_Ahmed,0.0,120.0
30004796,100089,200001,3,2025-05-15,2025-05-16,Mobile Wallet,Rep_Sara,0.1,3507.3
30004797,100050,200004,1,2025-02-18,2025-02-22,Mobile Wallet,Rep_Omar,0.05,218.5
30004798,100085,200005,4,2025-07-09,2025-07-14,Credit Card,Rep_Omar,0.05,186.2
30004799,100060,200001,4,2024-12-01,2024-12-05,Bank Transfer,Rep_Sara,0.1,4676.4
30004800,100056,200002,5,2024-12-07,2024-12-13,Cash,Rep_Omar,0.0,5995.0
30004801,100063,200004,3,2025-08-11,2025-08-17,Bank Transfer,Rep_Ahmed,0.0,690.0
30004802,100074,200007,3,2025-04-07,2025-04-09,Credit Card,Rep_Omar,0.1,175.5
30004803,100034,200002,2,2025-01-04,2025-01-11,Bank Transfer,Rep_Mariam,0.1,2158.2
30004804,100025,200004,2,2025-07-13,2025-07-18,Credit Card,Rep_Sara,0.0,460.0
30004805,100087,200002,2,2024-10-22,2024-10-26,Mobile Wallet,Rep_Omar,0.05,2278.1
30004806,100059,200009,4,2025-02-02,2025-02-06,Bank Transfer,Rep_Sara,0.1,576.0
30004807,100083,200007,2,2024-10-25,2024-10-28,Credit Card,Rep_Ahmed,0.0,130.0
30004808,100047,200002,1,2024-12-15,2024-12-16,Cash,Rep_Omar,0.1,1079.1
30004809,100059,200008,3,2025-05-17,2025-05-20,Cash,Rep_Mariam,0.1,864.0
30004810,100017,200010,5,2024-11-25,2024-11-30,Credit Card,Rep_Ahmed,0.1,540.0
30004811,100080,200003,2,2024-11-02,2024-11-08,Cash,Rep_Ahmed,0.0,360.0
30004812,100035,200004,4,2025-08-02,2025-08-04,Bank Transfer,Rep_Sara,0.05,874.0
30004813,100054,200001,4,2024-11-12,2024-11-13,Mobile Wallet,Rep_Omar,0.0,5196.0
30004814,100054,200003,4,2024-12-15,2024-12-22,Mobile Wallet,Rep_Omar,0.05,684.0
30004815,100081,200008,1,2025-06-12,2025-06-13,Bank Transfer,Rep_Ahmed,0.0,320.0
30004816,100092,200004,1,2024-12-03,2024-12-08,Mobile Wallet,Rep_Sara,0.05,218.5
30004817,100015,200003,2,2024-09-20,2024-09-27,Cash,Rep_Mariam,0.1,324.0
30004818,100089,200010,3,2024-11-22,2024-11-28,Bank Transfer,Rep_Ahmed,0.0,360.0
30004819,100100,200002,4,2025-05-13,2025-05-17,Mobile Wallet,Rep_Omar,0.0,4796.0
30004820,100080,200003,5,2024-10-13,2024-10-15,Cash,Rep_Mariam,0.1,810.0
30004821,100039,200009,5,2025-07-18,2025-07-23,Cash,Rep_Mariam,0.05,760.0
30004822,100060,200010,4,2025-03-07,2025-03-11,Cash,Rep_Ahmed,0.05,456.0
30004823,100039,200002,3,2025-09-08,2025-09-10,Bank Transfer,Rep_Sara,0.0,3597.0
30004824,100041,200005,4,2025-05-24,2025-05-25,Cash,Rep_Omar,0.05,186.2
30004825,100030,200001,1,2025-04-17,2025-04-23,Bank Transfer,Rep_Omar,0.05,1234.05
30004826,100041,200010,2,2024-11-14,2024-11-19,Mobile Wallet,Rep_Omar,0.05,228.0
30004827,100091,200001,2,2025-03-03,2025-03-07,Cash,Rep_Ahmed,0.0,2598.0
30004828,100038,200003,5,2025-03-06,2025-03-13,Mobile Wallet,Rep_Ahmed,0.05,855.0
30004829,100054,200003,3,2025-08-20,2025-08-24,Bank Transfer,Rep_Ahmed,0.1,486.0
30004830,100081,200005,3,2025-06-07,2025-06-09,Mobile Wallet,Rep_Ahmed,0.0,147.0
30004831,100043,200002,5,2024-12-09,2024-12-12,Cash,Rep_Omar,0.1,5395.5
30004832,100042,200002,5,2024-09-22,2024-09-23,Bank Transfer,Rep_Ahmed,0.0,5995.0
30004833,100016,200003,3,2025-08-07,2025-08-13,Mobile Wallet,Rep_Mariam,0.0,540.0
30004834,100070,200007,3,2024-11-14,2024-11-20,Credit Card,Rep_Sara,0.05,185.25
30004835,100002,200006,2,2025-08-05,2025-08-06,Credit Card,Rep_Mariam,0.05,1898.1
30004836,100022,200009,4,2025-07-13,2025-07-15,Mobile Wallet,Rep_Omar,0.0,640.0
30004837,100015,200003,2,2025-07-07,2025-07-14,Mobile Wallet,Rep_Mariam,0.1,324.0
30004838,100081,200003,4,2025-03-24,2025-03-26,Cash,Rep_Sara,0.05,684.0
30004839,100051,200001,5,2024-11-14,2024-11-18,Mobile Wallet,Rep_Sara,0.05,6170.25
30004840,100089,200001,5,2025-06-07,2025-06-11,Credit Card,Rep_Ahmed,0.05,6170.25
30004841,100019,200003,2,2025-07-19,2025-07-20,Mobile Wallet,Rep_Mariam,0.1,324.0
30004842,100015,200007,2,2025-06-19,2025-06-22,Bank Transfer,Rep_Ahmed,0.1,117.0
30004843,100003,200004,4,2025-09-16,2025-09-21,Mobile Wallet,Rep_Omar,0.0,920.0
30004844,100087,200008,5,2025-06-23,2025-06-29,Credit Card,Rep_Mariam,0.1,1440.0
30004845,100024,200006,5,2025-08-09,2025-08-15,Cash,Rep_Ahmed,0.1,4495.5
30004846,100088,200006,5,2025-01-29,2025-02-05,Credit Card,Rep_Omar,0.0,4995.0
30004847,100043,200004,3,2025-09-09,2025-09-15,Bank Transfer,Rep_Omar,0.1,621.0
30004848,100097,200008,4,2025-03-11,2025-03-18,Cash,Rep_Sara,0.0,1280.0
30004849,100061,200004,1,2024-11-14,2024-11-15,Bank Transfer,Rep_Sara,0.05,218.5
30004850,100082,200003,1,2025-04-30,2025-05-03,Cash,Rep_Omar,0.1,162.0
30004851,100061,200005,1,2024-09-19,2024-09-20,Credit Card,Rep_Ahmed,0.1,44.1
30004852,100081,200006,5,2025-08-24,2025-08-31,Bank Transfer,Rep_Sara,0.1,4495.5
30004853,100034,200008,1,2024-12-07,2024-12-10,Mobile Wallet,Rep_Omar,0.1,288.0
30004854,100015,200006,4,2025-05-24,2025-05-28,Bank Transfer,Rep_Mariam,0.05,3796.2
30004855,100088,200010,2,2025-07-19,2025-07-23,Mobile Wallet,Rep_Mariam,0.1,216.0
30004856,100021,200007,5,2025-05-06,2025-05-09,Bank Transfer,Rep_Omar,0.0,325.0
30004857,100006,200002,5,2025-02-13,2025-02-16,Bank Transfer,Rep_Sara,0.05,5695.25
30004858,100086,200005,5,2025-08-21,2025-08-24,Cash,Rep_Omar,0.05,232.75
30004859,100004,200006,3,2024-10-08,2024-10-09,Mobile Wallet,Rep_Ahmed,0.05,2847.15
30004860,100015,200002,3,2025-06-15,2025-06-17,Bank Transfer,Rep_Ahmed,0.05,3417.15
30004861,100003,200009,4,2025-06-26,2025-07-01,Bank Transfer,Rep_Ahmed,0.05,608.0
30004862,100047,200006,1,2025-02-26,2025-03-01,Mobile Wallet,Rep_Omar,0.05,949.05
30004863,100011,200003,1,2025-02-06,2025-02-13,Bank Transfer,Rep_Mariam,0.05,171.0
30004864,100039,200006,2,2025-06-29,2025-07-02,Mobile Wallet,Rep_Omar,0.1,1798.2
30004865,100096,200009,1,2024-12-26,2024-12-28,Cash,Rep_Mariam,0.0,160.0
30004866,100047,200003,1,2025-08-01,2025-08-02,Bank Transfer,Rep_Mariam,0.05,171.0
30004867,100019,200004,4,2025-09-16,2025-09-22,Bank Transfer,Rep_Sara,0.0,920.0
30004868,100098,200007,5,2025-07-12,2025-07-18,Cash,Rep_Ahmed,0.05,308.75
30004869,100044,200006,5,2024-11-16,2024-11-23,Mobile Wallet,Rep_Mariam,0.1,4495.5
30004870,100084,200005,2,2024-12-22,2024-12-29,Mobile Wallet,Rep_Omar,0.05,93.1
30004871,100093,200004,2,2025-08-02,2025-08-06,Bank Transfer,Rep_Mariam,0.0,460.0
30004872,100040,200005,3,2025-04-20,2025-04-21,Cash,Rep_Omar,0.0,147.0
30004873,100007,200007,1,2025-08-22,2025-08-27,Bank Transfer,Rep_Mariam,0.1,58.5
30004874,100054,200008,3,2025-05-11,2025-05-15,Credit Card,Rep_Omar,0.05,912.0
30004875,100094,200010,2,2025-01-09,2025-01-16,Credit Card,Rep_Ahmed,0.0,240.0
30004876,100098,200004,4,2025-08-15,2025-08-16,Cash,Rep_Mariam,0.0,920.0
30004877,100079,200007,4,2025-02-09,2025-02-10,Cash,Rep_Sara,0.05,247.0
30004878,100051,200003,4,2025-05-07,2025-05-10,Credit Card,Rep_Ahmed,0.05,684.0
30004879,100040,200003,4,2025-08-28,2025-09-04,Mobile Wallet,Rep_Mariam,0.1,648.0
30004880,100100,200001,4,2025-02-02,2025-02-09,Credit Card,Rep_Ahmed,0.0,5196.0
30004881,100017,200007,3,2025-04-04,2025-04-08,Credit Card,Rep_Sara,0.0,195.0
30004882,100094,200003,4,2025-05-07,2025-05-10,Cash,Rep_Mariam,0.0,720.0
30004883,100066,200005,5,2025-03-14,2025-03-16,Cash,Rep_Omar,0.1,220.5
30004884,100049,200007,3,2025-08-01,2025-08-03,Credit Card,Rep_Mariam,0.0,195.0
30004885,100057,200002,1,2025-07-29,2025-08-03,Bank Transfer,Rep_Mariam,0.05,1139.05
30004886,100087,200009,4,2025-05-23,2025-05-24,Credit Card,Rep_Ahmed,0.1,576.0
30004887,100064,200004,3,2025-02-23,2025-03-01,Bank Transfer,Rep_Sara,0.0,690.0
30004888,100061,200007,4,2024-10-10,2024-10-16,Bank Transfer,Rep_Mariam,0.1,234.0
30004889,100031,200003,1,2024-09-22,2024-09-29,Credit Card,Rep_Mariam,0.05,171.0
30004890,100001,200009,5,2024-09-21,2024-09-25,Bank Transfer,Rep_Ahmed,0.1,720.0
30004891,100055,200010,3,2025-03-16,2025-03-21,Credit Card,Rep_Sara,0.05,342.0
30004892,100041,200001,2,2025-05-19,2025-05-21,Bank Transfer,Rep_Omar,0.05,2468.1
30004893,100100,200003,5,2025-08-03,2025-08-05,Credit Card,Rep_Ahmed,0.0,900.0
30004894,100010,200006,1,2025-05-21,2025-05-27,Mobile Wallet,Rep_Sara,0.0,999.0
30004895,100044,200009,4,2025-09-01,2025-09-05,Credit Card,Rep_Ahmed,0.0,640.0
30004896,100053,200006,3,2025-07-23,2025-07-26,Cash,Rep_Mariam,0.0,2997.0
30004897,100072,200001,4,2024-10-18,2024-10-25,Bank Transfer,Rep_Mariam,0.1,4676.4
30004898,100002,200010,4,2025-07-12,2025-07-16,Cash,Rep_Sara,0.05,456.0
30004899,100043,200002,1,2025-06-16,2025-06-22,Credit Card,Rep_Ahmed,0.05,1139.05
30004900,100094,200007,2,2024-11-28,2024-12-05,Credit Card,Rep_Mariam,0.05,123.5
30004901,100004,200007,1,2025-05-03,2025-05-08,Cash,Rep_Ahmed,0.0,65.0
30004902,100017,200003,1,2025-05-15,2025-05-17,Bank Transfer,Rep_Mariam,0.1,162.0
30004903,100081,200006,5,2025-04-01,2025-04-07,Cash,Rep_Ahmed,0.05,4745.25
30004904,100042,200001,2,2024-11-22,2024-11-25,Cash,Rep_Sara,0.0,2598.0
30004905,100060,200009,3,2025-03-15,2025-03-20,Bank Transfer,Rep_Mariam,0.0,480.0
30004906,100024,200003,5,2025-08-26,2025-09-01,Credit Card,Rep_Omar,0.0,900.0
30004907,100026,200005,4,2025-03-13,2025-03-15,Mobile Wallet,Rep_Mariam,0.05,186.2
30004908,100026,200001,1,2025-07-06,2025-07-08,Bank Transfer,Rep_Omar,0.05,1234.05
30004909,100051,200007,1,2025-08-28,2025-08-29,Mobile Wallet,Rep_Omar,0.1,58.5
30004910,100025,200006,4,2024-10-02,2024-10-07,Credit Card,Rep_Sara,0.0,3996.0
30004911,100026,200003,3,2025-02-16,2025-02-17,Bank Transfer,Rep_Omar,0.1,486.0
30004912,100071,200004,5,2024-10-23,2024-10-24,Bank Transfer,Rep_Ahmed,0.05,1092.5
30004913,100054,200004,5,2025-04-13,2025-04-15,Mobile Wallet,Rep_Omar,0.05,1092.5
30004914,100083,200007,1,2025-03-03,2025-03-06,Credit Card,Rep_Mariam,0.0,65.0
30004915,100005,200008,4,2025-02-15,2025-02-18,Cash,Rep_Mariam,0.0,1280.0
30004916,100024,200004,4,2025-07-10,2025-07-13,Cash,Rep_Mariam,0.0,920.0
30004917,100094,200001,1,2024-10-01,2024-10-06,Cash,Rep_Ahmed,0.05,1234.05
30004918,100079,200004,5,2024-12-19,2024-12-21,Credit Card,Rep_Mariam,0.1,1035.0
30004919,100071,200010,3,2025-08-08,2025-08-14,Bank Transfer,Rep_Mariam,0.0,360.0
30004920,100037,200010,1,2025-03-09,2025-03-14,Credit Card,Rep_Sara,0.1,108.0
30004921,100066,200006,2,2025-05-27,2025-05-28,Credit Card,Rep_Sara,0.05,1898.1
30004922,100030,200002,5,2024-12-09,2024-12-16,Bank Transfer,Rep_Ahmed,0.1,5395.5
30004923,100011,200002,5,2025-01-27,2025-01-30,Credit Card,Rep_Ahmed,0.05,5695.25
30004924,100018,200003,4,2025-04-23,2025-04-29,Credit Card,Rep_Ahmed,0.0,720.0
30004925,100049,200007,4,2025-08-14,2025-08-17,Cash,Rep_Mariam,0.1,234.0
30004926,100007,200001,1,2025-01-08,2025-01-14,Credit Card,Rep_Mariam,0.1,1169.1
30004927,100078,200004,5,2024-12-26,2025-01-01,Credit Card,Rep_Omar,0.1,1035.0
30004928,100071,200007,3,2025-06-28,2025-07-02,Credit Card,Rep_Omar,0.1,175.5
30004929,100075,200004,4,2025-03-19,2025-03-21,Credit Card,Rep_Mariam,0.05,874.0
30004930,100087,200009,1,2025-07-07,2025-07-13,Cash,Rep_Ahmed,0.0,160.0
30004931,100034,200002,4,2025-06-22,2025-06-29,Mobile Wallet,Rep_Omar,0.05,4556.2
30004932,100017,200004,3,2025-01-15,2025-01-20,Mobile Wallet,Rep_Sara,0.0,690.0
30004933,100049,200010,1,2025-06-12,2025-06-18,Mobile Wallet,Rep_Sara,0.0,120.0
30004934,100093,200006,2,2024-10-05,2024-10-10,Bank Transfer,Rep_Omar,0.1,1798.2
30004935,100048,200004,3,2025-05-11,2025-05-17,Bank Transfer,Rep_Mariam,0.0,690.0
30004936,100092,200004,3,2024-11-01,2024-11-06,Cash,Rep_Omar,0.0,690.0
30004937,100012,200004,1,2025-04-05,2025-04-06,Mobile Wallet,Rep_Omar,0.0,230.0
30004938,100054,200007,4,2025-03-18,2025-03-25,Cash,Rep_Mariam,0.1,234.0
30004939,100071,200010,4,2025-02-22,2025-02-24,Bank Transfer,Rep_Omar,0.1,432.0
30004940,100084,200010,4,2024-12-22,2024-12-26,Mobile Wallet,Rep_Sara,0.05,456.0
30004941,100057,200008,1,2024-11-06,2024-11-10,Mobile Wallet,Rep_Ahmed,0.1,288.0
30004942,100026,200002,4,2025-02-01,2025-02-06,Bank Transfer,Rep_Omar,0.1,4316.4
30004943,100055,200007,2,2025-06-20,2025-06-22,Bank Transfer,Rep_Omar,0.0,130.0
30004944,100098,200009,5,2025-06-28,2025-06-30,Mobile Wallet,Rep_Ahmed,0.1,720.0
30004945,100040,200009,3,2025-06-07,2025-06-08,Credit Card,Rep_Ahmed,0.05,456.0
30004946,100023,200008,4,2025-01-10,2025-01-14,Bank Transfer,Rep_Sara,0.0,1280.0
30004947,100048,200006,4,2025-01-20,2025-01-25,Cash,Rep_Sara,0.05,3796.2
30004948,100022,200001,5,2025-06-13,2025-06-16,Bank Transfer,Rep_Sara,0.1,5845.5
30004949,100009,200004,4,2025-04-12,2025-04-17,Cash,Rep_Ahmed,0.1,828.0
30004950,100035,200005,4,2025-07-12,2025-07-16,Bank Transfer,Rep_Mariam,0.0,196.0
30004951,100003,200010,5,2025-07-20,2025-07-26,Cash,Rep_Ahmed,0.0,600.0
30004952,100045,200008,3,2025-07-19,2025-07-26,Credit Card,Rep_Sara,0.05,912.0
30004953,100098,200002,4,2024-11-08,2024-11-09,Cash,Rep_Omar,0.1,4316.4
30004954,100026,200001,5,2025-07-23,2025-07-29,Credit Card,Rep_Ahmed,0.0,6495.0
30004955,100026,200004,1,2024-09-22,2024-09-23,Bank Transfer,Rep_Sara,0.05,218.5
30004956,100058,200008,1,2025-08-04,2025-08-05,Bank Transfer,Rep_Omar,0.1,288.0
30004957,100071,200007,3,2024-10-08,2024-10-13,Cash,Rep_Mariam,0.0,195.0
30004958,100081,200007,4,2025-02-18,2025-02-25,Cash,Rep_Ahmed,0.0,260.0
30004959,100031,200010,4,2025-04-02,2025-04-04,Bank Transfer,Rep_Omar,0.1,432.0
30004960,100027,200001,3,2025-09-11,2025-09-15,Cash,Rep_Ahmed,0.0,3897.0
30004961,100020,200006,4,2024-10-14,2024-10-19,Mobile Wallet,Rep_Omar,0.1,3596.4
30004962,100029,200001,4,2024-12-03,2024-12-10,Cash,Rep_Omar,0.05,4936.2
30004963,100084,200007,4,2024-10-13,2024-10-15,Mobile Wallet,Rep_Ahmed,0.0,260.0
30004964,100088,200006,5,2025-04-28,2025-05-01,Credit Card,Rep_Sara,0.0,4995.0
30004965,100037,200005,3,2025-01-02,2025-01-07,Cash,Rep_Sara,0.05,139.65
30004966,100006,200004,4,2024-11-01,2024-11-02,Credit Card,Rep_Mariam,0.05,874.0
30004967,100075,200002,4,2024-10-16,2024-10-18,Mobile Wallet,Rep_Mariam,0.0,4796.0
30004968,100063,200007,1,2025-02-14,2025-02-21,Credit Card,Rep_Mariam,0.1,58.5
30004969,100050,200007,1,2025-03-23,2025-03-29,Bank Transfer,Rep_Ahmed,0.05,61.75
30004970,100089,200008,1,2025-01-30,2025-02-01,Mobile Wallet,Rep_Sara,0.05,304.0
30004971,100025,200009,3,2024-09-28,2024-09-30,Credit Card,Rep_Sara,0.1,432.0
30004972,100100,200002,5,2025-03-19,2025-03-24,Mobile Wallet,Rep_Sara,0.05,5695.25
30004973,100077,200009,5,2025-03-27,2025-04-01,Mobile Wallet,Rep_Sara,0.05,760.0
30004974,100089,200010,5,2025-06-27,2025-07-02,Credit Card,Rep_Omar,0.05,570.0
30004975,100022,200008,4,2025-06-07,2025-06-14,Mobile Wallet,Rep_Omar,0.05,1216.0
30004976,100050,200001,4,2025-07-13,2025-07-18,Cash,Rep_Mariam,0.0,5196.0
30004977,100081,200007,2,2024-12-08,2024-12-09,Bank Transfer,Rep_Sara,0.1,117.0
30004978,100088,200006,3,2025-06-04,2025-06-09,Mobile Wallet,Rep_Omar,0.1,2697.3
30004979,100017,200009,4,2025-08-12,2025-08-16,Credit Card,Rep_Omar,0.05,608.0
30004980,100041,200008,2,2025-08-13,2025-08-19,Credit Card,Rep_Mariam,0.05,608.0
30004981,100084,200007,2,2024-11-30,2024-12-02,Cash,Rep_Sara,0.0,130.0
30004982,100052,200010,3,2025-06-17,2025-06-21,Cash,Rep_Sara,0.1,324.0
30004983,100074,200007,5,2025-05-23,2025-05-30,Mobile Wallet,Rep_Mariam,0.05,308.75
30004984,100029,200006,3,2025-03-01,2025-03-05,Credit Card,Rep_Sara,0.05,2847.15
30004985,100023,200004,3,2024-10-04,2024-10-05,Cash,Rep_Ahmed,0.0,690.0
30004986,100071,200004,1,2025-05-10,2025-05-11,Credit Card,Rep_Sara,0.0,230.0
30004987,100096,200009,2,2024-11-19,2024-11-24,Cash,Rep_Mariam,0.1,288.0
30004988,100050,200002,2,2025-03-09,2025-03-11,Cash,Rep_Omar,0.05,2278.1
30004989,100001,200006,1,2025-09-11,2025-09-14,Bank Transfer,Rep_Omar,0.1,899.1
30004990,100040,200005,5,2025-01-24,2025-01-30,Credit Card,Rep_Mariam,0.1,220.5
30004991,100013,200010,1,2025-06-19,2025-06-20,Credit Card,Rep_Ahmed,0.05,114.0
30004992,100091,200002,2,2024-11-24,2024-12-01,Credit Card,Rep_Ahmed,0.0,2398.0
30004993,100075,200009,3,2025-06-25,2025-06-29,Credit Card,Rep_Sara,0.1,432.0
30004994,100067,200002,2,2025-02-02,2025-02-05,Mobile Wallet,Rep_Mariam,0.1,2158.2
30004995,100017,200009,1,2025-02-05,2025-02-10,Bank Transfer,Rep_Mariam,0.1,144.0
30004996,100072,200009,4,2024-10-11,2024-10-12,Mobile Wallet,Rep_Ahmed,0.1,576.0
30004997,100063,200002,4,2025-05-26,2025-06-01,Cash,Rep_Ahmed,0.0,4796.0
30004998,100088,200008,4,2024-10-11,2024-10-15,Credit Card,Rep_Ahmed,0.0,1280.0
30004999,100085,200004,5,2025-05-13,2025-05-18,Credit Card,Rep_Sara,0.05,1092.5
30005000,100086,200008,5,2025-08-11,2025-08-16,Mobile Wallet,Rep_Omar,0.0,1600.0
